"Gene.symbol","logFC","P.Value","adj.P.Val"
"Cyp2b10",-4.34,3.62e-11,8.21e-07
"Cyp7a1",-2.52,5.47e-10,3.03e-06
"Cd36",-2.2,8.21e-10,3.03e-06
"Lgals1",-2.42,9.36e-10,3.03e-06
"Thrsp",-2.5,3.06e-09,8.69e-06
"Aldh1a7",-1.13,2.2e-08,5e-05
"Pklr",-0.689,4.98e-08,0.000103
"Cidec",-1.08,5.59e-08,0.000106
"Prnp",-0.934,7.76e-08,0.000135
"Slco1a4",-1.54,1.43e-07,0.000202
"Oat",-0.684,1.54e-07,0.000206
"Dhrs7",-0.592,1.89e-07,0.000238
"Arpp19",-0.728,2.17e-07,0.000259
"G3bp2",-0.717,2.52e-07,0.000285
"Srsf7",-0.873,2.82e-07,0.000305
"Slc2a2",-0.729,3.15e-07,0.000319
"Inhbe",-0.813,3.37e-07,0.000319
"Treh",-0.904,3.43e-07,0.000319
"Slc13a3",-0.713,3.54e-07,0.000319
"Csrp3",-1.09,3.82e-07,0.000319
"Gstm2",-1.49,3.93e-07,0.000319
"Lhpp",-1.11,3.94e-07,0.000319
"Tmem176a",-0.853,4.52e-07,0.000354
"Apoa4",-1.49,4.9e-07,0.000365
"Upp2",-0.958,4.99e-07,0.000365
"Anxa5",-1.59,5.55e-07,0.000393
"Sult1e1",-2.68,7.39e-07,0.000479
"Pigp",-0.704,8.05e-07,0.000507
"Rhbg",-1.09,8.62e-07,0.000529
"Tgfbr2",-1.12,9.03e-07,0.000539
"Mt1",-1.94,1.12e-06,0.000633
"Gm12854///S100a11-ps///S100a11",-1.02,1.24e-06,0.000687
"Wdfy2",0.554,1.28e-06,0.000689
"Naa20",-0.57,1.5e-06,0.000765
"Hexb",-1.19,1.51e-06,0.000765
"S100a10",-1.14,1.52e-06,0.000765
"Aqp8",-1.07,1.56e-06,0.000767
"Gal3st1",-0.554,1.59e-06,0.000767
"Tkfc",-0.749,1.71e-06,0.000797
"Gpcpd1",-1.1,1.72e-06,0.000797
"2010003K11Rik",-0.718,1.77e-06,0.000805
"Tceal8",-1,1.84e-06,0.000807
"Gstm3",-2.21,1.89e-06,0.000807
"Spast",0.652,1.92e-06,0.000807
"Lad1",-0.877,2.06e-06,0.00083
"Nr0b2",1.11,2.07e-06,0.00083
"Ing2",0.504,2.18e-06,0.00083
"Adam10",-0.534,2.19e-06,0.00083
"Entpd5",-0.74,2.2e-06,0.00083
"Cryl1",0.602,2.38e-06,0.000884
"Fitm1",-0.819,2.48e-06,0.000885
"Eif4e3",-0.646,2.5e-06,0.000885
"Cldn2",-0.796,2.68e-06,0.000935
"Fabp4",-1.35,2.85e-06,0.000978
"Myo5b",-0.538,2.92e-06,0.00099
"Gm3776///Gsta2///Gsta1",-0.838,3.11e-06,0.00103
"Tmx2",-0.583,3.12e-06,0.00103
"Elovl6",-0.841,3.19e-06,0.00103
"Papss2",-0.891,3.23e-06,0.00103
"Gpx7",-0.58,3.44e-06,0.00108
"Sbk1",-1.28,3.57e-06,0.00108
"Pparg",-0.553,3.58e-06,0.00108
"Cyp8b1",-1.12,3.93e-06,0.00116
"Ppif",-0.654,3.95e-06,0.00116
"Raet1e///Raet1d///Raet1c///Raet1b///Raet1a",-0.652,4.17e-06,0.00121
"Slc41a3",-0.446,4.28e-06,0.00123
"Sdc1",-0.692,4.43e-06,0.00126
"Orm3",-1.18,4.54e-06,0.00127
"Dclre1a",-1.26,4.63e-06,0.00128
"Rora",0.548,4.75e-06,0.00129
"Fam126a",-1.1,4.86e-06,0.0013
"Lman1",-0.365,4.94e-06,0.0013
"Tmem230",-0.618,5.27e-06,0.00138
"Ermp1",-0.871,5.51e-06,0.00142
"Slc47a1",-0.745,5.7e-06,0.00144
"Snx10",-0.597,5.73e-06,0.00144
"Nox4",0.633,6.22e-06,0.00153
"Siae",-0.688,6.32e-06,0.00154
"Cyp3a11",-0.368,6.61e-06,0.0016
"Hsd11b1",0.817,6.74e-06,0.0016
"Lpgat1",-0.623,6.77e-06,0.0016
"Pdk2",-0.637,6.85e-06,0.0016
"Hnf4a",0.527,6.93e-06,0.0016
"Tmprss2",-0.767,7.4e-06,0.0017
"Rnase4",0.48,7.73e-06,0.00174
"Mcfd2",-0.4,7.73e-06,0.00174
"Lpcat3",-0.548,8.05e-06,0.00177
"4931406C07Rik",-0.929,8.1e-06,0.00177
"Klkb1",0.453,8.4e-06,0.00182
"Gm7931///Gm9525///Gm6750///Hmgn2",-1.14,8.65e-06,0.00185
"Elovl5",-0.906,8.88e-06,0.00188
"Spns2",-0.807,8.97e-06,0.00188
"Map1lc3b",-0.57,9.33e-06,0.00194
"C1qbp",-0.632,9.95e-06,0.00199
"Abcg8",0.525,9.96e-06,0.00199
"Slc23a1",-0.755,9.98e-06,0.00199
"Nfkbia",0.632,9.98e-06,0.00199
"Cyp3a41b///Cyp3a41a",-0.797,1.03e-05,0.00202
"Pigq",-0.399,1.05e-05,0.00206
"Msl2",0.399,1.07e-05,0.00208
"Prdx3",-0.57,1.13e-05,0.00217
"Scd1",-1.41,1.14e-05,0.00218
"Mtor",-0.425,1.17e-05,0.00219
"Mt2",-1.75,1.18e-05,0.00219
"Colgalt1",-0.487,1.23e-05,0.00226
"Hfe",-0.55,1.26e-05,0.00231
"Pla2g15",-0.585,1.28e-05,0.00232
"Aldh1a1",-0.539,1.32e-05,0.00238
"Eif5",0.584,1.33e-05,0.00238
"Nudcd2",-0.51,1.34e-05,0.00238
"Mpeg1",-0.897,1.35e-05,0.00238
"Ubap1",0.357,1.4e-05,0.00245
"Rnf145",-0.568,1.45e-05,0.00246
"Mfsd1",-0.389,1.47e-05,0.00246
"Acp2",-0.56,1.47e-05,0.00246
"Pcmtd1",0.372,1.48e-05,0.00246
"Wwc1",0.556,1.51e-05,0.00246
"Mafg",0.523,1.54e-05,0.00246
"Eef1akmt1",-0.47,1.56e-05,0.00246
"Serpinb1a",-1.33,1.56e-05,0.00246
"Pnpo",-0.462,1.57e-05,0.00246
"Sepw1",-0.544,1.58e-05,0.00246
"Ier2",0.593,1.59e-05,0.00246
"Slc22a3",-0.715,1.59e-05,0.00246
"Hibch",-0.687,1.6e-05,0.00246
"Fdx1",-0.529,1.6e-05,0.00246
"Glud1",0.407,1.62e-05,0.00246
"Nfs1",-0.348,1.62e-05,0.00246
"Ubd",-0.893,1.63e-05,0.00246
"Nectin2",-0.391,1.63e-05,0.00246
"Tmem140",-0.64,1.64e-05,0.00246
"Yaf2",0.409,1.65e-05,0.00247
"Gpt2",-1.13,1.66e-05,0.00247
"Plin3",-0.607,1.69e-05,0.00249
"Frmd4b",-0.681,1.73e-05,0.00251
"Gclc",0.883,1.73e-05,0.00251
"Tmem141",0.825,1.74e-05,0.00251
"Stard5",-0.45,1.79e-05,0.00257
"Psmd8",-0.395,1.81e-05,0.00257
"Mfn2",-0.615,1.82e-05,0.00257
"Car2",-0.506,1.83e-05,0.00257
"Abhd4",-0.47,1.84e-05,0.00258
"Icam1",-0.535,1.87e-05,0.0026
"Smim8",-0.627,1.94e-05,0.00269
"Hnrnpr",-0.438,2.02e-05,0.00277
"Zadh2",-0.518,2.06e-05,0.0028
"Orm2",-2.31,2.06e-05,0.0028
"Pgap2",-0.866,2.21e-05,0.00297
"Aprt",-0.724,2.23e-05,0.00297
"Lcn2",-2.49,2.24e-05,0.00297
"1810055G02Rik",-0.745,2.29e-05,0.00301
"Rpa1",-0.458,2.33e-05,0.00305
"Minpp1",-0.568,2.34e-05,0.00305
"Spint1",0.702,2.36e-05,0.00305
"Asns",-1.37,2.38e-05,0.00305
"Mat2a",-0.608,2.39e-05,0.00305
"Tnfrsf19",-0.669,2.41e-05,0.00305
"Trim31",0.743,2.44e-05,0.00306
"Nadk",-0.471,2.53e-05,0.00316
"Ifih1",-0.489,2.56e-05,0.00317
"Fam213a",-0.587,2.61e-05,0.00322
"Gstt3",-1.24,2.68e-05,0.00326
"Stub1",0.436,2.72e-05,0.0033
"Cyp2c55",-1.79,2.8e-05,0.00338
"Gch1",-1.05,2.85e-05,0.00342
"Derl1",-0.855,2.88e-05,0.00344
"Ybx3",-0.615,2.95e-05,0.00349
"Grasp",0.386,2.95e-05,0.00349
"G3bp1",-0.434,3.04e-05,0.00358
"Idh2",-0.654,3.08e-05,0.00361
"Adrm1",0.322,3.11e-05,0.00361
"Fkbp1a",-0.48,3.16e-05,0.00364
"Cox17",-0.365,3.26e-05,0.00374
"Lgals3bp",-0.557,3.32e-05,0.00375
"Acacb",-0.64,3.33e-05,0.00375
"Rtn4",-0.665,3.34e-05,0.00375
"Hc",0.517,3.44e-05,0.00383
"Masp1",0.407,3.45e-05,0.00383
"Sec24c",-0.392,3.6e-05,0.00395
"Apool",-0.467,3.6e-05,0.00395
"Slc22a30///Slc22a29",-0.639,3.66e-05,0.00398
"Nagk",-0.571,3.68e-05,0.00398
"Twsg1",0.399,3.7e-05,0.00398
"Atg5",-0.522,3.7e-05,0.00398
"Ctbs",-0.647,3.76e-05,0.00403
"Mia3",0.379,3.88e-05,0.00411
"Apom",0.387,3.92e-05,0.00414
"Smc5",0.729,3.94e-05,0.00414
"Mttp",-0.544,3.96e-05,0.00414
"P4hb",-0.326,4.03e-05,0.0042
"Adssl1",-0.719,4.12e-05,0.00424
"Slc22a26",-0.489,4.16e-05,0.00424
"Por",-0.463,4.17e-05,0.00424
"Spryd4",-0.386,4.17e-05,0.00424
"Timm8a1",-0.431,4.3e-05,0.00434
"Anp32a",-0.708,4.32e-05,0.00434
"Klhl5",-0.889,4.34e-05,0.00434
"Cstf2t",-0.531,4.34e-05,0.00434
"Pdk1",-0.969,4.41e-05,0.00437
"Litaf",-0.434,4.41e-05,0.00437
"Tmem209",-0.403,4.43e-05,0.00437
"Slc25a45",-0.435,4.44e-05,0.00437
"Gm12816///Rpl3",-0.387,4.51e-05,0.00441
"Sulf2",-0.647,4.57e-05,0.00443
"Cyhr1",0.639,4.67e-05,0.00446
"Ppp1cc",-0.502,4.72e-05,0.00446
"Rufy3",0.344,4.76e-05,0.00446
"Timm17a",-0.462,4.76e-05,0.00446
"Slco1a1",1.33,4.77e-05,0.00446
"Cep350",0.442,4.77e-05,0.00446
"Fth1",-0.301,4.78e-05,0.00446
"Nfat5",0.423,4.79e-05,0.00446
"Fkbp11",-0.446,5.1e-05,0.00468
"Cpt1a",-0.505,5.11e-05,0.00468
"Nudt4",-0.798,5.14e-05,0.00468
"Atad3a",-0.717,5.14e-05,0.00468
"Snx9",-0.373,5.16e-05,0.00468
"Tgm2",-0.454,5.26e-05,0.00473
"Ces2d-ps///Ces2c",-0.972,5.26e-05,0.00473
"Gpx4",-0.57,5.3e-05,0.00473
"Rdh16",-0.482,5.32e-05,0.00474
"Stt3a",-0.477,5.4e-05,0.00478
"Sertad2",0.421,5.42e-05,0.00478
"Rhod",0.464,5.61e-05,0.00494
"Tmem185b",-0.407,5.68e-05,0.00495
"Dmd",-0.606,5.71e-05,0.00495
"Lancl2",-0.438,5.71e-05,0.00495
"Hdgf",0.349,5.72e-05,0.00495
"Gm8069///Tomm5",-0.544,5.76e-05,0.00495
"Skiv2l",0.314,5.77e-05,0.00495
"Nrbp2",0.546,5.81e-05,0.00495
"Tmem129",-0.48,5.89e-05,0.005
"Ces2a",-0.755,6.04e-05,0.00509
"Bri3",-0.407,6.05e-05,0.00509
"Rhou",-0.479,6.14e-05,0.00514
"Minos1",-0.4,6.19e-05,0.00516
"Usp50///Polr2l",-0.355,6.22e-05,0.00517
"Cyp2d26",0.462,6.27e-05,0.00518
"Lman2",-0.345,6.28e-05,0.00518
"Hn1",0.53,6.35e-05,0.00518
"Krcc1",-0.492,6.35e-05,0.00518
"Asah2",-0.428,6.42e-05,0.00522
"Nedd4",-0.379,6.47e-05,0.00525
"Usp18",-0.914,6.51e-05,0.00525
"Ces2g",-0.559,6.59e-05,0.00528
"Hsbp1",-0.362,6.65e-05,0.00529
"Celsr2",0.32,6.67e-05,0.00529
"Cbs",0.486,6.72e-05,0.00531
"Ptms",0.314,6.78e-05,0.00533
"Rarb",-0.47,6.82e-05,0.00533
"Srsf3",-0.702,6.88e-05,0.00535
"Eid1",-0.445,6.89e-05,0.00535
"Tmem261",-0.363,6.98e-05,0.0054
"Aco2",-0.494,7.02e-05,0.00541
"Nhp2",-0.655,7.08e-05,0.00544
"Nutf2-ps1///Gm9386///Nutf2-ps2///Nutf2",-0.421,7.09e-05,0.00544
"Pgd",-0.709,7.13e-05,0.00545
"Usp14",-0.318,7.23e-05,0.00549
"Plod1",-0.554,7.23e-05,0.00549
"Herpud1",0.547,7.31e-05,0.0055
"Txnl1",-0.444,7.35e-05,0.0055
"Cxadr",-0.448,7.37e-05,0.0055
"Mettl23",-0.371,7.37e-05,0.0055
"Hamp2",0.947,7.4e-05,0.0055
"Cars",0.284,7.44e-05,0.00552
"Mif",-0.323,7.48e-05,0.00553
"Zfpm1",0.545,7.56e-05,0.00557
"Ctsb",-0.323,7.69e-05,0.00563
"Lpl",-0.741,7.84e-05,0.0057
"Psmg2",-0.447,7.89e-05,0.00571
"Avpr1a",0.759,7.93e-05,0.00571
"Arf4",-0.431,7.97e-05,0.00573
"Iars",-0.449,8.07e-05,0.00578
"Pbld2",0.759,8.12e-05,0.00579
"Dram2",-0.638,8.26e-05,0.00583
"Gstp1",0.723,8.29e-05,0.00583
"Snap47",-0.415,8.33e-05,0.00583
"Aifm1",-0.4,8.34e-05,0.00583
"Drd4",0.476,8.34e-05,0.00583
"Acad10",-0.852,8.56e-05,0.00592
"Ctps2",-0.597,8.58e-05,0.00592
"Nrg4",-1.02,8.66e-05,0.00595
"Ablim1",-0.599,8.69e-05,0.00595
"Neat1",-1.38,8.73e-05,0.00595
"Hist1h4m///Hist1h4b///Hist1h4a///Hist4h4///Hist1h4n///Hist1h4k///Hist1h4j///Hist1h4i///Hist1h4f///Hist1h4d///Hist1h4c///Hist2h4///Hist1h4h",-0.319,8.78e-05,0.00596
"Ghitm",-0.332,8.93e-05,0.00605
"Stra13",-0.333,9e-05,0.00608
"Cgref1",-0.547,9.13e-05,0.00615
"Slc20a2",-0.553,9.43e-05,0.00633
"Jkamp",-0.363,9.52e-05,0.00635
"Wwtr1",-0.814,9.73e-05,0.00647
"Antxr2",-0.648,9.78e-05,0.00649
"Inadl",-0.496,9.9e-05,0.00653
"Snrpa1",-0.607,9.98e-05,0.00657
"March6",-0.375,0.000101,0.00657
"Slc25a47",-0.532,0.000101,0.00657
"Mug2///Mug1///Mug-ps1",0.536,0.000101,0.00657
"Spin1",0.429,0.000102,0.00657
"Hexim1",0.529,0.000102,0.00657
"Gm10224///Gm4581///Rpl15",-0.813,0.000102,0.00657
"Tmem176b",-0.619,0.000102,0.00657
"Metap2",-0.422,0.000103,0.00657
"Hpn",0.341,0.000103,0.00657
"Nat8f2",-0.528,0.000105,0.00666
"Gab1",0.531,0.000105,0.00666
"Gm5617",-0.37,0.000106,0.00671
"Slco2a1",0.407,0.000107,0.00671
"Slc7a2",-0.517,0.000107,0.00671
"Acad9",-0.44,0.000107,0.00671
"Dynll1",-0.401,0.000108,0.00675
"Bcap29",-0.626,0.000108,0.00675
"Susd4",0.406,0.000108,0.00675
"Nqo2",-0.427,0.000111,0.00686
"Dhcr24",-0.604,0.000112,0.00692
"Stx1a",0.353,0.000113,0.00694
"Aldoa",0.472,0.000113,0.00694
"Tm7sf3",-0.575,0.000115,0.007
"Atl2",-0.56,0.000117,0.00713
"Nkg7",0.361,0.000118,0.00713
"Tenm3",-0.524,0.000118,0.00713
"Vwa8",-0.394,0.000118,0.00714
"Trp53inp2",0.499,0.000119,0.00717
"Zpr1",0.614,0.00012,0.00718
"Fez2",-0.405,0.00012,0.00718
"Gm5512///Rmnd1",-0.449,0.000121,0.00719
"Mal2",-0.413,0.000121,0.00719
"Gm20056///Chp1",0.538,0.000122,0.0072
"Idh3a",-0.699,0.000124,0.00733
"Inhbc",0.773,0.000125,0.00735
"Zwint",0.525,0.000125,0.00735
"Cryz",-0.569,0.000127,0.00741
"Ngfr",0.429,0.000127,0.00741
"Mrpl42",-0.404,0.000128,0.00743
"Fam73b",-0.614,0.000129,0.00745
"Sesn2",0.338,0.000129,0.00745
"Mogat1",-0.611,0.00013,0.00749
"Clec2d",0.418,0.000132,0.00757
"Ptdss2",-0.435,0.000133,0.00765
"Csnk1a1",-0.341,0.000136,0.00778
"Apol9a///Apol9b",-0.78,0.000143,0.00813
"Cast",-0.433,0.000144,0.00816
"Gm6644///Akr1b3",-0.642,0.000144,0.00816
"Ints5",0.372,0.000145,0.00816
"Rbbp4",0.328,0.000146,0.00822
"Snx17",0.475,0.000147,0.00823
"Ube2b",-0.414,0.000147,0.00823
"Ube2j2",0.34,0.000147,0.00823
"Mpzl2",-0.408,0.00015,0.00831
"Ccdc84",0.417,0.00015,0.00831
"Zfp639",0.306,0.000151,0.00831
"Abcc3",-0.57,0.000151,0.00831
"Sdf2l1",0.466,0.000151,0.00831
"Cdk18",-0.383,0.000151,0.00831
"Parp12",-0.849,0.000152,0.00831
"Lyve1",-0.873,0.000154,0.00842
"Dopey2",-0.663,0.000155,0.00843
"Tmem70",-0.43,0.000155,0.00845
"Zfyve26",-0.347,0.000156,0.00847
"Asb13",0.475,0.000157,0.00847
"Ost4",-0.348,0.000157,0.00847
"Ggct",-0.753,0.000157,0.00847
"AW112010",-0.693,0.000158,0.00847
"Idh3g",-0.36,0.000158,0.00849
"Cdv3",0.388,0.000159,0.0085
"Hsd17b6",1.4,0.000161,0.00858
"Tmem19",0.496,0.000163,0.00867
"Scaf11",0.285,0.000166,0.00878
"C1galt1c1",0.317,0.000167,0.00881
"Slc17a3",0.527,0.00017,0.00895
"Alcam",0.504,0.00017,0.00895
"Pecr",0.391,0.000171,0.00895
"Mettl20",0.759,0.000172,0.009
"Golt1a",-0.442,0.000173,0.00902
"Sptan1",-0.353,0.000173,0.00902
"Smpdl3a",-0.412,0.000174,0.00905
"Rad18",0.263,0.000175,0.00905
"Trub2",-0.522,0.000175,0.00905
"Aplp2",-0.437,0.000176,0.00906
"Rbp1",-1.02,0.000176,0.00907
"Hspe1",-0.463,0.00018,0.00921
"Cstb",-0.475,0.00018,0.00921
"Pigx",0.411,0.000184,0.00929
"Chpt1",-0.758,0.000184,0.00929
"Brd2",0.597,0.000184,0.00929
"Cdk8",0.347,0.000185,0.00929
"Chmp3",0.353,0.000187,0.00935
"Sdhaf4",-0.491,0.000187,0.00937
"Pebp1",-0.753,0.000189,0.00944
"Ciapin1",-0.348,0.00019,0.00944
"Med12",0.352,0.00019,0.00944
"Ctsl",-0.719,0.000193,0.00952
"Amd1",0.524,0.000196,0.00966
"Ube2v2",-0.73,0.000197,0.00966
"Ero1lb",0.58,0.000198,0.00966
"Axin1",0.338,0.000198,0.00966
"Myadm",-0.473,0.000198,0.00966
"Cmklr1",0.312,0.000199,0.00969
"Cyp2c54",-0.863,0.000203,0.00981
"2210016F16Rik",-0.346,0.000204,0.00985
"Clk3",0.339,0.000205,0.00986
"Orai1",0.425,0.000205,0.00986
"Alg2",-0.346,0.000208,0.00997
"Sgf29",0.559,0.000208,0.00997
"Pnn",-0.424,0.00021,0.01
"Prkd3",0.468,0.00021,0.01
"Poldip2",-0.349,0.000213,0.0101
"Lmbrd1",-0.424,0.000214,0.0102
"Got1",-0.934,0.000215,0.0102
"Klf9",0.331,0.000216,0.0102
"Tmem167",-0.294,0.000218,0.0103
"Gtse1",0.314,0.000219,0.0103
"Cyp2d22",-0.296,0.000221,0.0104
"Bhmt2",-0.688,0.000222,0.0104
"Gm13777///Rplp1",-0.305,0.000223,0.0104
"Set",0.258,0.000223,0.0104
"Zmym3",0.278,0.000224,0.0104
"Ctss",-0.657,0.000224,0.0104
"Chka",0.703,0.000225,0.0104
"Vasn",0.375,0.000227,0.0105
"Ptdss1",0.317,0.000228,0.0105
"Slc17a2",0.897,0.000229,0.0105
"Pmpcb",-0.459,0.000231,0.0105
"Asic5",0.47,0.000233,0.0106
"Proc",0.377,0.000233,0.0106
"Atp6v1e1",-0.323,0.000233,0.0106
"Ccdc80",-0.441,0.000233,0.0106
"Scd2",-0.66,0.000235,0.0106
"Gm15793///Gm32899///LOC102635048///Rpl12",-0.341,0.000236,0.0106
"Car8",0.522,0.000242,0.0108
"Adipor1",0.564,0.000244,0.0109
"Eno1",-0.259,0.000244,0.0109
"Clns1a",-0.37,0.000244,0.0109
"Dnajc3",0.54,0.000245,0.0109
"Cog6",-0.355,0.000246,0.0109
"Gng10",-0.382,0.000247,0.0109
"Scaf8",0.346,0.000247,0.0109
"Akap8l",0.418,0.000249,0.011
"Kcmf1",0.41,0.000249,0.011
"Smad4",0.35,0.00025,0.011
"Gbe1",-0.531,0.000251,0.011
"Plxna2",0.279,0.000251,0.011
"Fnbp4",0.542,0.000253,0.011
"Shisa5",-0.567,0.000253,0.011
"Dpp3",-0.366,0.000254,0.011
"Mbd1",0.396,0.000254,0.011
"Trim25",0.353,0.000256,0.0111
"Gfm1",-0.366,0.000257,0.0111
"Prdx4",0.408,0.000259,0.0111
"Eef1b2",-0.361,0.000259,0.0111
"Atp6v0e",-0.384,0.00026,0.0111
"Ptp4a2",0.325,0.00026,0.0111
"Tmem219",0.313,0.00026,0.0111
"Slc39a14",-0.499,0.000262,0.0111
"Hnrnpc",-0.377,0.000263,0.0112
"1700018F24Rik",0.387,0.000264,0.0112
"Ptprk",0.31,0.000265,0.0112
"Nr2f2",0.289,0.000269,0.0113
"Zdhhc4",-0.291,0.000269,0.0113
"BC029722",-0.288,0.000269,0.0113
"Actg1",-0.955,0.000269,0.0113
"Pctp",-0.843,0.000274,0.0114
"Sertad1",0.462,0.000276,0.0115
"Slc16a7",-0.674,0.000277,0.0115
"Hadh",-0.363,0.000282,0.0116
"Mbtps1",-0.399,0.000282,0.0116
"Aldh3a2",-0.503,0.000285,0.0117
"Golim4",-0.5,0.000285,0.0117
"Dlst",-0.461,0.000286,0.0117
"Psap",-0.316,0.000291,0.0119
"Tbrg1",-0.49,0.000291,0.0119
"Stat1",-0.364,0.000292,0.0119
"Nxt1",0.293,0.000296,0.012
"Acat1",-0.312,0.000296,0.012
"Cfb",0.36,0.000304,0.0123
"Zufsp",-0.311,0.000305,0.0123
"Prkrir",-0.404,0.000307,0.0124
"Slc9a3r2",0.363,0.000311,0.0125
"Pcnx",-0.393,0.000312,0.0125
"Sri",-0.452,0.000316,0.0126
"Gm8615///Gnpda1",-0.435,0.000317,0.0126
"Vcp",0.279,0.000318,0.0126
"Smim14",-0.25,0.000318,0.0126
"Gsta4",0.606,0.000319,0.0126
"Sugct",-0.734,0.000319,0.0126
"Xpo1",-0.347,0.00032,0.0126
"Adcy9",-0.468,0.00032,0.0126
"Slc25a10",-0.385,0.000321,0.0127
"Zfp148",0.308,0.000323,0.0127
"Cadm4",0.426,0.000328,0.0129
"Hs3st3b1",0.385,0.000329,0.0129
"Il3ra",-0.273,0.00033,0.0129
"Bloc1s6",-0.402,0.000335,0.013
"Cyp2c50",-0.723,0.000335,0.013
"Palld",0.453,0.000338,0.0131
"Psmd6",0.766,0.00034,0.0132
"Gadd45b",-0.866,0.00034,0.0132
"Rdh9",0.77,0.000348,0.0134
"Setd1a",0.289,0.000348,0.0134
"Sec63",-0.355,0.000351,0.0135
"Rap2b",0.291,0.000352,0.0135
"Pzp",0.4,0.000356,0.0137
"Tspan33",0.632,0.000358,0.0137
"Mdh2",-0.412,0.000358,0.0137
"Itpr3",0.368,0.000368,0.014
"Coa6",-0.639,0.000369,0.0141
"Sptbn1",-0.291,0.00037,0.0141
"Odc1",0.429,0.000371,0.0141
"Rrbp1",0.439,0.000376,0.0142
"Cyp2b9",-0.466,0.000376,0.0142
"Ly6d",-0.921,0.000378,0.0142
"Ubr4",0.321,0.00038,0.0143
"Zfp24",0.396,0.00038,0.0143
"S100pbp",0.349,0.000381,0.0143
"Sgk2",0.402,0.000381,0.0143
"Akr1d1",-1.17,0.000384,0.0144
"Cyp17a1",-1.47,0.000385,0.0144
"Ccdc117",0.522,0.000386,0.0144
"Ptpn12",0.456,0.000388,0.0144
"Smc3",0.311,0.000389,0.0145
"Coq7",-0.353,0.000396,0.0147
"Immp2l",-0.367,4e-04,0.0148
"Fhit",-0.484,0.000407,0.0151
"Eno1b///Eno1",-0.299,0.000409,0.0151
"Qk",-0.705,0.00041,0.0151
"Mtch2",-0.443,0.000413,0.0152
"Dnajc21",0.438,0.000413,0.0152
"Immt",-0.29,0.000414,0.0152
"Rnaseh2c",0.561,0.000416,0.0152
"Nrbf2",-0.367,0.000418,0.0152
"Ctsd",-0.241,0.000419,0.0152
"Tmem147",-0.3,0.000421,0.0153
"Sap30bp",0.342,0.000422,0.0153
"Pank1",-0.513,0.000423,0.0153
"Pgk1",-0.283,0.000424,0.0153
"Foxa1",0.682,0.000426,0.0153
"Hist1h1c",-1.11,0.000427,0.0153
"Mrpl16",-0.312,0.000428,0.0153
"Celf2",-0.552,0.000429,0.0153
"Gm12657///Gm6749///H3f3c///Gm10257///H3f3b///H3f3a",-0.514,0.000432,0.0154
"Tbrg4",-0.322,0.000435,0.0155
"Fbxo6",-0.367,0.000436,0.0155
"Ppp3cb",-0.391,0.000439,0.0156
"Rfxap",0.421,0.000441,0.0156
"Isca2",-0.297,0.000444,0.0157
"Prkcz",-0.311,0.000457,0.0161
"Klhl22",0.347,0.000458,0.0161
"Tubb2a",-1.13,0.000459,0.0162
"Ssr3",-0.286,0.000462,0.0162
"Sept2",-0.395,0.000466,0.0163
"Rdm1",0.294,0.000471,0.0165
"B3galnt2",0.348,0.000473,0.0165
"Srp14",-0.299,0.000477,0.0166
"Clptm1l",-0.276,0.000478,0.0166
"Nelfa",0.3,0.000478,0.0166
"Pik3r2",0.361,0.00048,0.0166
"Lasp1",-0.64,0.000481,0.0166
"Echdc3",-0.445,0.000483,0.0166
"Calm3///Calm2///Calm1",-0.478,0.000488,0.0168
"Cnot8",-0.435,0.000495,0.017
"Chmp5",-0.266,0.000497,0.017
"Ankrd13a",-0.328,0.000498,0.017
"Zfp574",0.313,0.000498,0.017
"Gm7664///4933434E20Rik",-0.337,0.000499,0.017
"Sorbs1",-0.648,0.000499,0.017
"Prosc",-0.349,0.000502,0.017
"Setd4",0.39,0.000507,0.0172
"Fggy",-0.527,0.000507,0.0172
"Arid3b",0.268,0.00051,0.0172
"Casp7",-0.537,0.00051,0.0172
"Tor1a",-0.365,0.000517,0.0174
"Plekhb1",0.439,0.000519,0.0174
"Tsc22d3",0.631,0.00052,0.0174
"Cnot3",0.424,0.000522,0.0175
"Eif4e2",-0.532,0.000522,0.0175
"Cyp7b1",1.13,0.000524,0.0175
"Usp47",0.261,0.000524,0.0175
"Rnf121",0.374,0.000527,0.0176
"Smarca4",-0.363,0.000531,0.0177
"Pura",0.415,0.000532,0.0177
"Aqp9",-0.493,0.000533,0.0177
"Zfp106",0.269,0.000534,0.0177
"Supt16",0.309,0.000538,0.0177
"Stt3b",-0.282,0.000538,0.0177
"Ddx39b",-0.427,0.000544,0.0179
"Ptprm",0.279,0.000546,0.0179
"Psme4",0.268,0.00055,0.018
"Tnfrsf12a",0.333,0.00055,0.018
"Crcp",-0.435,0.000555,0.0181
"Gcnt2",0.492,0.000555,0.0181
"Plac8",-0.389,0.000556,0.0181
"2810004N23Rik",-0.328,0.000558,0.0181
"Bhmt",-0.464,0.000565,0.0183
"Gusb",-0.483,0.000569,0.0184
"Fam151a",0.381,0.000571,0.0184
"Cyp3a13",-0.505,0.000571,0.0184
"Ing1",0.343,0.000572,0.0184
"LOC102641923///Srsf1",-0.363,0.000573,0.0184
"Adhfe1",-0.604,0.000574,0.0184
"Pold4",-0.343,0.000575,0.0185
"Fgd6",0.379,0.000579,0.0185
"Ankrd54",0.315,0.000579,0.0185
"Fgl1",-0.832,0.000583,0.0186
"Gigyf2",0.332,0.000584,0.0186
"St5",-0.674,0.000589,0.0187
"Akr1b7",-0.713,0.000596,0.0189
"Grcc10",0.253,0.000602,0.0191
"Fam89a",-0.601,0.000605,0.0191
"Uroc1",0.425,0.000606,0.0191
"Aste1",0.32,0.000607,0.0191
"Rab17",-0.442,0.000608,0.0191
"Gm10193///Zfp706",-0.297,0.000608,0.0191
"Vwa5a",-0.36,0.000611,0.0192
"Hacd3",-0.26,0.000612,0.0192
"Ccl9",-0.56,0.000613,0.0192
"Rps17",-0.269,0.000614,0.0192
"Hspd1",-0.237,0.000615,0.0192
"Pex11a",-0.577,0.000617,0.0192
"Nat8f1",0.743,0.00062,0.0193
"Adam11",-0.385,0.000622,0.0193
"Cxxc5",0.429,0.000623,0.0193
"Gm8894///Gm5526///Myl6",-0.271,0.000631,0.0196
"Fbxo3",-0.434,0.000632,0.0196
"Serpina1e///Serpina1c///Serpina1b",0.521,0.00064,0.0197
"Suclg2",-0.388,0.00064,0.0197
"Foxk2",0.31,0.000654,0.0201
"Acox2",-0.568,0.000656,0.0201
"Pcyt1a",-0.314,0.000657,0.0201
"Mrps17",-0.351,0.000658,0.0201
"Tmem51",-0.442,0.00066,0.0201
"C9",0.523,0.000664,0.0202
"Fastkd2",-0.552,0.000666,0.0203
"Usp34",0.298,0.000667,0.0203
"Elovl1",-0.3,0.000669,0.0203
"Zfr",-0.311,0.000675,0.0204
"Uap1",-0.414,0.000678,0.0205
"Tmem87a",-0.377,0.000678,0.0205
"Cyp2j9",0.41,0.000679,0.0205
"Parl",-0.298,0.000681,0.0205
"Polr2i",0.296,0.000683,0.0205
"Eif4ebp2",0.288,0.000684,0.0205
"Mettl9",-0.295,0.000685,0.0205
"Tomm70a",-0.438,0.00069,0.0206
"Fabp5",-0.881,0.00069,0.0206
"Ifna12///Ifna15///Ifna16///Ifnab///Ifna9///Ifna7///Ifna6///Ifna5///Ifna1",-0.256,0.00069,0.0206
"Mthfr",0.282,0.000695,0.0207
"Ubqln4",0.32,7e-04,0.0208
"Vcam1",-0.439,7e-04,0.0208
"Dnmt1",0.443,0.000702,0.0208
"Acss2",-0.521,0.000706,0.0209
"Ndufs1",-0.351,0.000707,0.0209
"Ighmbp2",0.287,0.000711,0.021
"Eci1",-0.288,0.000712,0.021
"Rnf7",-0.351,0.000715,0.0211
"Lcp1",0.36,0.00072,0.0212
"Tpm3",-0.314,0.000732,0.0215
"Cideb",-0.239,0.000734,0.0215
"Cetn3",-0.372,0.000739,0.0216
"Wac",0.281,0.000742,0.0216
"Hsd3b2",0.691,0.000742,0.0216
"Pglyrp2",-0.451,0.000745,0.0217
"H2-T9///H2-T22///H2-T10",-0.391,0.000756,0.0219
"Cisd1",-0.429,0.000762,0.0221
"Tlcd1",-0.463,0.000767,0.0222
"Map2k6",0.481,0.000772,0.0223
"Tubgcp2",-0.364,0.000782,0.0226
"D10Wsu102e",0.324,0.000784,0.0226
"Jak3",-0.324,0.000784,0.0226
"Sema6a",0.328,0.000787,0.0226
"Golga4",0.385,0.000788,0.0226
"Nenf",-0.359,0.00079,0.0227
"Cldn3",-0.47,0.000792,0.0227
"Aox3",0.608,0.000794,0.0227
"Cdc42",-0.545,0.000795,0.0227
"Zbtb2",0.414,0.000796,0.0227
"Tgds",-0.356,0.000797,0.0227
"Rabl3",-0.447,0.000799,0.0227
"Usp12",0.359,0.000802,0.0227
"Rbm39",0.374,0.000804,0.0227
"Olig1",-0.787,0.000804,0.0227
"Chd1l",-0.359,0.000805,0.0227
"Pdgfrb",-0.255,0.000805,0.0227
"Ackr3",-0.573,0.000806,0.0227
"Cfhr2",0.443,0.00081,0.0228
"Emp2",0.331,0.000815,0.0229
"S100a1",-0.308,0.000818,0.023
"Ppp1r3c",1.6,0.000819,0.023
"Dusp6",0.795,0.000822,0.0231
"Cul4b",-0.359,0.000827,0.0232
"Lrpprc",-0.305,0.000831,0.0232
"Sec24d",-0.264,0.000832,0.0232
"Camsap1",0.284,0.000834,0.0232
"Ndrg1",0.343,0.000837,0.0233
"Klhl7",-0.478,0.000837,0.0233
"Dtymk",-0.326,0.000838,0.0233
"Dock8",-0.481,0.000839,0.0233
"Pltp",-0.65,0.000843,0.0233
"Snurf///Snrpn",0.254,0.000843,0.0233
"S1pr1",0.384,0.000844,0.0233
"Rcbtb1",0.3,0.000846,0.0234
"Cdc16",-0.271,0.000853,0.0235
"Rpl22l1",-0.389,0.000855,0.0235
"Hipk2",0.267,0.000858,0.0236
"Serbp1",-0.289,0.000859,0.0236
"Opa3",0.252,0.00086,0.0236
"Srxn1",-0.336,0.000861,0.0236
"Spsb1",0.406,0.00087,0.0238
"Gm9840///Rbx1",-0.248,0.000873,0.0238
"Olfr65",0.303,0.000875,0.0238
"Capn10",0.311,0.000876,0.0238
"Ccdc90b",-0.468,0.000876,0.0238
"Zfp598",0.384,0.000879,0.0238
"Ankrd46",-0.465,0.000879,0.0238
"Rffl",0.367,0.000884,0.0238
"Cyp26a1",-0.831,0.000887,0.0239
"Gnai2",-0.266,0.000887,0.0239
"Suox",-0.487,0.000888,0.0239
"Rsrp1",-0.295,0.000892,0.0239
"Hamp",0.868,0.000892,0.0239
"Cfap36",-0.455,0.000893,0.0239
"Eif4e",-0.364,9e-04,0.024
"Pqlc1",-0.375,0.000901,0.024
"Pkdcc",0.389,0.000902,0.024
"Thumpd3",-0.354,0.000902,0.024
"Tk1",0.404,0.000907,0.0241
"Bin1",0.342,0.000926,0.0245
"Atp6v1b2",-0.401,0.000937,0.0248
"Ddx3x",0.273,0.000943,0.0249
"Dnajc17",-0.29,0.000944,0.0249
"Cyp2a5///Cyp2a4",-0.716,0.000947,0.0249
"Zfp207",0.316,0.000948,0.0249
"Nucks1",0.251,0.000949,0.0249
"Tmem135",-0.34,0.00095,0.0249
"Cyp4v3",0.426,0.000958,0.0251
"Rasd2",0.33,0.000959,0.0251
"Pik3ap1",0.285,0.00096,0.0251
"Galk1",-0.32,0.000961,0.0251
"Phkg2",0.264,0.000962,0.0251
"Ranbp3",0.229,0.000962,0.0251
"Fgfr2",0.455,0.000965,0.0251
"Pla1a",0.397,0.000968,0.0251
"Prpf38b",-0.377,0.000973,0.0252
"Coq5",-0.403,0.000979,0.0253
"Fam114a1",-0.449,0.000979,0.0253
"Gsn",0.465,0.000982,0.0254
"Hmgn1",-0.424,0.000985,0.0254
"Arhgef7",-0.29,0.00099,0.0255
"Top1mt",-0.369,0.000991,0.0255
"Slc16a2",-0.418,0.000995,0.0256
"Cdhr5",-0.363,0.000999,0.0256
"Pnpla2",-0.386,0.001,0.0257
"Dsp",0.401,0.001,0.0257
"F2r",-0.795,0.00101,0.0257
"Pard3",0.264,0.00101,0.0258
"Snrnp48",0.42,0.00101,0.0258
"Tlk2",0.353,0.00102,0.0259
"LOC102635048///Rpl12",-0.402,0.00102,0.0259
"Mpv17",-0.263,0.00102,0.0259
"Dcbld2",0.294,0.00102,0.0259
"Ndrg3",0.312,0.00103,0.0259
"Acot9",-0.645,0.00103,0.0259
"Cers2",-0.428,0.00103,0.0259
"Myl12b",-0.469,0.00103,0.0259
"Atp5k",-0.307,0.00103,0.0259
"Tcf25",0.268,0.00104,0.0259
"Usf2",0.32,0.00104,0.0259
"Zfp707",0.426,0.00104,0.0259
"Cs",-0.477,0.00104,0.0259
"Tmem109",-0.481,0.00104,0.026
"Aspdh",0.353,0.00106,0.0264
"Scoc",-0.292,0.00106,0.0264
"Boc",0.234,0.00107,0.0266
"Snapin",-0.582,0.00107,0.0266
"Nip7",0.317,0.00107,0.0266
"Mthfd1",-0.3,0.00107,0.0266
"Ugp2",-0.415,0.00108,0.0267
"Il1rap",0.253,0.00108,0.0267
"1110004E09Rik",0.28,0.00108,0.0267
"Thoc7",-0.421,0.00109,0.0268
"Papola",0.312,0.00109,0.0268
"Abhd17a",-0.284,0.00109,0.0268
"Ccdc47",-0.265,0.00109,0.0269
"Tst",-0.284,0.0011,0.027
"Irgm1",-0.484,0.00111,0.0271
"Nfx1",0.324,0.00111,0.0272
"Ptp4a3",-0.458,0.00111,0.0272
"Rcn2",-0.504,0.00112,0.0272
"Slc35f5",-0.355,0.00112,0.0273
"Nos1",0.255,0.00112,0.0274
"Slc35d1",-0.327,0.00113,0.0274
"Pfdn6",0.279,0.00113,0.0274
"Ugt2b5",0.286,0.00114,0.0276
"Bmp1",0.465,0.00114,0.0276
"Nr2f6",0.36,0.00114,0.0276
"Rps26",-0.254,0.00114,0.0276
"Nfix",0.276,0.00115,0.0279
"Car3",-1.19,0.00115,0.0279
"Gnb1",-0.401,0.00116,0.0279
"Tlr4",0.335,0.00116,0.0279
"Vegfa",0.282,0.00116,0.0279
"Hnrnpu",-0.49,0.00116,0.0279
"Npr2",0.462,0.00117,0.028
"Mrpl19",-0.367,0.00117,0.0281
"Nmnat1",0.671,0.00117,0.0281
"Snx6",-0.39,0.00118,0.0282
"Prmt3",0.261,0.00119,0.0282
"Abcb8",-0.297,0.00119,0.0282
"Csnk2a2",0.283,0.00119,0.0282
"Acsl4",-0.488,0.00119,0.0282
"Uty",-0.367,0.0012,0.0283
"Spr",0.325,0.0012,0.0283
"Mboat1",0.457,0.0012,0.0283
"Efr3a",0.341,0.0012,0.0283
"Cnot6",-0.319,0.0012,0.0283
"Arih2",0.306,0.0012,0.0283
"Mustn1",0.259,0.00121,0.0283
"Josd2",-0.344,0.00121,0.0283
"Gm9905",0.223,0.00121,0.0283
"Rpl31-ps12///Rpl31",-0.32,0.00121,0.0283
"Ebpl",-0.322,0.00121,0.0283
"Tgfbi",-0.412,0.00121,0.0283
"LOC100861978///Ccl27b///Gm2506///Gm13306///Ccl27a",0.405,0.00122,0.0285
"Edem3",-0.312,0.00123,0.0285
"Nr5a2",0.258,0.00123,0.0285
"Glo1",0.393,0.00123,0.0285
"Mtl5",0.296,0.00123,0.0285
"Cyp2c37",-0.739,0.00123,0.0286
"Muc3",0.423,0.00124,0.0286
"Sec22b",-0.302,0.00124,0.0286
"Bnip2",0.33,0.00124,0.0286
"Mesdc2",-0.256,0.00124,0.0286
"Atp13a3",0.365,0.00125,0.0287
"Wnk1",-0.255,0.00125,0.0287
"Mgll",-0.321,0.00125,0.0287
"Gata6",0.299,0.00125,0.0287
"Cx3cl1",0.3,0.00125,0.0287
"Lrrc59",-0.269,0.00127,0.029
"Alox12e",0.352,0.00127,0.029
"Memo1",0.256,0.00127,0.029
"Bmx",0.256,0.00127,0.029
"Auh",-0.248,0.00128,0.0291
"Chrm4",0.361,0.00128,0.0292
"Ttc1",0.29,0.00128,0.0292
"Rab2a",-0.437,0.00129,0.0292
"Jade1",0.323,0.0013,0.0294
"Arsg",-0.434,0.0013,0.0294
"Smek2",0.337,0.0013,0.0295
"Zdhhc12",-0.268,0.00131,0.0297
"Mfsd7c",-0.421,0.00131,0.0297
"Rcan1",-0.421,0.00131,0.0297
"Caprin1",-0.298,0.00132,0.0297
"Stat3",-0.343,0.00132,0.0297
"Stard3",0.299,0.00133,0.0298
"Kdm3a",0.409,0.00133,0.0299
"AI503316///Hnrnpu",0.306,0.00134,0.03
"Ypel3",0.261,0.00135,0.0301
"Nrep",-0.619,0.00135,0.0301
"Slc25a30",0.486,0.00135,0.0301
"Scpep1",-0.569,0.00135,0.0301
"LOC102638047///C130026I21Rik",-0.363,0.00135,0.0301
"Krtap12-1",0.337,0.00136,0.0301
"Hacd1",-0.425,0.00136,0.0301
"Sec61b",-0.281,0.00136,0.0301
"Scrn2",0.365,0.00136,0.0301
"Cyp3a44",-0.232,0.00136,0.0302
"Slc6a13",0.269,0.00137,0.0302
"Tha1",-0.334,0.00137,0.0302
"Cflar",0.381,0.00137,0.0302
"Cables2",0.288,0.00138,0.0303
"Cd320",0.248,0.00138,0.0303
"Stx7",-0.47,0.00138,0.0303
"Ttr",0.432,0.00138,0.0303
"Trim34a",-0.429,0.00138,0.0303
"Gpbp1l1",0.264,0.00139,0.0303
"H2-D1",-0.469,0.00139,0.0304
"Pfkm",0.307,0.0014,0.0305
"Tm2d2",0.327,0.0014,0.0305
"Hprt",-0.281,0.0014,0.0305
"Kansl1",0.335,0.00141,0.0305
"Slc6a6",0.281,0.00141,0.0305
"Tomm40",-0.324,0.00141,0.0305
"Adh4",0.481,0.00141,0.0305
"Zbtb12",0.379,0.00143,0.0309
"Tmem97",-0.541,0.00143,0.0309
"Clint1",-0.662,0.00144,0.031
"Tmem98",-0.477,0.00144,0.0311
"Serpinb6b",-0.432,0.00145,0.0313
"Galnt4",0.333,0.00145,0.0313
"Rtn3",-0.303,0.00147,0.0316
"Ngb",0.203,0.00147,0.0316
"Cpe",-0.476,0.00147,0.0316
"Itga3",0.242,0.00148,0.0316
"F10",-0.425,0.00148,0.0316
"Cox20",-0.434,0.00148,0.0316
"Ahctf1",0.352,0.00148,0.0316
"Bet1l",-0.25,0.00148,0.0316
"Ncor2",0.265,0.00148,0.0316
"H2-Aa",-0.272,0.00148,0.0316
"B4gat1",-0.222,0.00149,0.0317
"Grik2",0.297,0.00149,0.0317
"Npc1",-0.529,0.00149,0.0317
"Hexa",-0.413,0.00149,0.0317
"Ttc23",-0.316,0.0015,0.0318
"Plpp3",-0.439,0.0015,0.0318
"Mug1",0.328,0.00151,0.032
"Cnih1",-0.279,0.00151,0.032
"Pitpnm1",0.392,0.00152,0.032
"Fkbp5",0.363,0.00152,0.0321
"Bloc1s5",-0.377,0.00153,0.0322
"Pten",-0.223,0.00153,0.0322
"Rpl13-ps6///Rpl13",-0.261,0.00153,0.0323
"Mrap",-0.858,0.00154,0.0325
"Vdac1",-0.31,0.00155,0.0326
"Tra2b",-0.312,0.00155,0.0326
"Copz2",-0.366,0.00156,0.0326
"Utp3",0.267,0.00156,0.0327
"Sppl2a",0.452,0.00157,0.0327
"Pnp",-0.258,0.00157,0.0327
"Nap1l4",-0.257,0.00157,0.0327
"Setd6",0.313,0.00158,0.0329
"Sar1b",-0.299,0.00158,0.0329
"Osgin1",1.18,0.00159,0.033
"Tpsg1",0.289,0.00159,0.033
"Degs1",-0.323,0.00159,0.033
"Siva1",-0.311,0.00159,0.033
"Usp19",0.216,0.00159,0.033
"Nr2c2",0.279,0.0016,0.0331
"Vps11",0.465,0.0016,0.0331
"Zkscan1",0.408,0.00161,0.0332
"Wfs1",-0.288,0.00161,0.0332
"Nkiras1",-0.496,0.00161,0.0332
"Fam53c",0.278,0.00161,0.0332
"Mcm7",0.306,0.00161,0.0332
"Ppp1r12c",0.255,0.00162,0.0333
"Tcf7l1",0.228,0.00162,0.0333
"Pdia5",-0.433,0.00163,0.0334
"Gamt",-0.806,0.00163,0.0334
"Ajuba",-0.286,0.00164,0.0335
"Ank",-0.325,0.00164,0.0335
"Atad2b",0.375,0.00164,0.0335
"Gapdh-ps15///Gm12070///Gm5523///3000002C10Rik///Gapdh",-0.198,0.00165,0.0337
"Ctsz",-0.374,0.00166,0.0338
"Tnfaip8l1",-0.227,0.00166,0.0338
"Uros",-0.366,0.00166,0.0338
"Sap30",0.294,0.00167,0.0339
"Plaa",0.228,0.00168,0.0341
"Unc119b",0.262,0.00169,0.0342
"Mup5",-0.687,0.0017,0.0343
"Pa2g4",0.355,0.00171,0.0345
"Gm4604///Rpl36",-0.251,0.00171,0.0345
"Txn1",-0.247,0.00171,0.0345
"Gstm5",-0.321,0.00171,0.0345
"Polr2g",-0.339,0.00172,0.0345
"Aco1",-0.319,0.00172,0.0345
"Pnrc1",0.452,0.00172,0.0345
"Aldh1b1",-0.47,0.00172,0.0346
"Rab24",0.261,0.00173,0.0347
"Dhdds",-0.263,0.00173,0.0347
"Sparc",-0.394,0.00174,0.0347
"Cpsf3",-0.544,0.00174,0.0347
"Atp5a1",-0.26,0.00174,0.0347
"G6pc",-0.496,0.00174,0.0347
"Bcl10",0.276,0.00176,0.035
"Spcs2",-0.382,0.00177,0.0352
"Erlin1",-0.412,0.00177,0.0352
"Aamdc",-0.312,0.00178,0.0352
"Synpo",-0.33,0.00178,0.0352
"Anapc4",-0.306,0.00179,0.0353
"C1d",-0.407,0.00179,0.0353
"Areg",0.301,0.00179,0.0353
"Sult1a1",-0.438,0.00179,0.0353
"Tspo",-0.415,0.00179,0.0353
"Rev3l",0.253,0.0018,0.0354
"Opa1",0.278,0.0018,0.0354
"Ctnna1",-0.404,0.0018,0.0354
"Rps20",-0.413,0.00181,0.0354
"Eif4a1",-0.353,0.00181,0.0354
"Tdo2",0.259,0.00181,0.0354
"Atp6v0a1",-0.36,0.00181,0.0354
"Arl5a",0.389,0.00182,0.0355
"Ndufab1-ps///Ndufab1",-0.302,0.00184,0.0357
"Oxsm",0.307,0.00184,0.0357
"Pitrm1",-0.359,0.00185,0.036
"Zfp810",-0.423,0.00185,0.036
"Msh2",0.317,0.00186,0.036
"Rars2",-0.203,0.00187,0.0361
"Prkab1",0.318,0.00187,0.0362
"Ephx2",0.282,0.00189,0.0364
"Mkrn1",-0.43,0.00189,0.0364
"Pias2",0.347,0.00189,0.0365
"Pafah2",-0.269,0.0019,0.0365
"Hps4",-0.323,0.0019,0.0365
"Mogat2",-0.491,0.0019,0.0365
"Btbd1",0.213,0.00191,0.0367
"Tefm",-0.518,0.00192,0.0369
"Dnajc15",-0.389,0.00193,0.0369
"Pfkfb1",-0.295,0.00194,0.037
"Hnrnpdl",0.375,0.00194,0.037
"Lamp3///Ppid",-0.363,0.00194,0.037
"Lgals8",-0.367,0.00194,0.0371
"Gosr1",-0.333,0.00195,0.0371
"Zbp1",0.456,0.00195,0.0371
"Dna2",0.289,0.00195,0.0372
"Ccnk",0.239,0.00196,0.0373
"Tomm20",-0.522,0.00196,0.0373
"Vps41",-0.273,0.00197,0.0373
"Acox1",-0.262,0.00197,0.0373
"Prkag2",-0.301,0.00197,0.0373
"Dnajc5",0.267,0.00198,0.0375
"Nr4a3",0.246,0.00199,0.0375
"Rnf20",0.217,0.00199,0.0375
"Mccc1",-0.302,0.00199,0.0375
"Cd151",-0.565,0.00199,0.0375
"Lyplal1",-0.319,0.00199,0.0376
"Nit1",-0.369,0.002,0.0376
"LOC100862456///Polr2k",-0.282,0.002,0.0376
"Zfp764",0.319,0.00201,0.0378
"Gm44505///Zfp91///Cntf",0.288,0.00202,0.0378
"Kpnb1",-0.3,0.00202,0.0378
"Nectin3",0.465,0.00204,0.038
"Fech",0.231,0.00204,0.038
"Aif1l",0.26,0.00205,0.038
"Fam96a",-0.337,0.00205,0.038
"Errfi1",0.338,0.00205,0.038
"Lamtor2",0.255,0.00205,0.038
"C79468",0.232,0.00205,0.038
"Trex2",0.248,0.00205,0.038
"Dtx2",0.279,0.00205,0.038
"Acadm",-0.219,0.00205,0.038
"Sftpa1",0.361,0.00206,0.0381
"Ip6k1",0.226,0.00206,0.0381
"Ndufa10",-0.215,0.00207,0.0382
"Car5a",-0.436,0.00208,0.0383
"Kpna1",0.297,0.00208,0.0383
"Azin1",-0.338,0.00208,0.0383
"Dync1h1",0.274,0.00209,0.0383
"Cnn3",0.417,0.00209,0.0383
"BC022687",0.306,0.00209,0.0383
"S100b",0.272,0.0021,0.0385
"Pef1",-0.308,0.00211,0.0387
"Ptgr2",-0.373,0.00212,0.0388
"Ndufb6",-0.36,0.00212,0.0388
"Srrm1",0.294,0.00212,0.0388
"Dynll2",0.254,0.00213,0.0389
"Gm6917///Gm6901///Cbx3-ps5///Cbx3",0.261,0.00214,0.039
"Dcaf4",-0.335,0.00215,0.0392
"Nrip1",0.449,0.00216,0.0393
"Plekhf1",0.29,0.00216,0.0393
"Scn2a1",0.299,0.00216,0.0393
"Aldh7a1",-0.262,0.00216,0.0393
"Hdgfrp3",0.203,0.00218,0.0394
"Slc39a11",-0.287,0.00218,0.0394
"Rpa3",-0.315,0.00218,0.0394
"Tm2d3",0.305,0.00218,0.0394
"Higd1a",-0.296,0.00219,0.0395
"Dcaf5",0.24,0.00219,0.0395
"Trim37",0.274,0.0022,0.0396
"Letm1",-0.308,0.0022,0.0397
"Fam188a",0.24,0.00221,0.0398
"Vps37b",-0.315,0.00222,0.0399
"Apoh",0.239,0.00222,0.0399
"Brwd1",0.325,0.00222,0.0399
"Khdrbs1",-0.348,0.00223,0.04
"Slc15a4",-0.556,0.00223,0.04
"Smek1",0.237,0.00224,0.0401
"Pck1",0.362,0.00224,0.0401
"Ddx50",0.257,0.00224,0.0401
"4930453N24Rik",-0.398,0.00224,0.0401
"Gyg",-0.339,0.00225,0.0401
"Gm7285///Rps7",-0.26,0.00225,0.0401
"Sumo1",-0.241,0.00225,0.0401
"Rhobtb2",0.304,0.00225,0.0401
"Myl12a",-0.361,0.00226,0.0402
"Aadac",0.364,0.00226,0.0402
"Ngef",0.468,0.00227,0.0403
"Cpd",-0.438,0.00227,0.0403
"Mfhas1",0.417,0.00228,0.0403
"Sh3glb1",-0.236,0.00228,0.0403
"Tnpo3",0.27,0.00228,0.0404
"Mmachc",-0.467,0.00229,0.0404
"Myeov2",-0.263,0.00229,0.0405
"Ndufaf4",-0.424,0.0023,0.0405
"B9d2",0.289,0.0023,0.0405
"Zfand3",0.289,0.0023,0.0405
"Scrib",0.278,0.0023,0.0405
"Foxc2",0.217,0.0023,0.0405
"Dld",-0.359,0.00231,0.0407
"Tbl2",0.253,0.00231,0.0407
"Robo1",-0.366,0.00233,0.0408
"Tmcc2",0.225,0.00233,0.0408
"Xrcc4",-0.321,0.00234,0.0409
"Kansl2",0.253,0.00234,0.0409
"Epb41l4b",0.257,0.00236,0.0412
"Sart1",0.254,0.00236,0.0412
"Srp54c///Srp54b///Srp54a",-0.287,0.00237,0.0413
"Blmh",-0.413,0.00239,0.0414
"C030006K11Rik",0.335,0.00239,0.0414
"Erbb2ip",0.41,0.00239,0.0414
"Ppp2r1a",-0.376,0.00239,0.0414
"Thnsl2",-0.281,0.00239,0.0414
"Abat",-0.409,0.00241,0.0416
"Lancl1",-0.301,0.00242,0.0417
"Atp5f1",-0.308,0.00243,0.0418
"Alppl2",0.285,0.00243,0.0418
"Gm3362///Gm8290///Gm8264///Gm8158///Gm8137///Gm8112///Gm6177///Rpl23a",-0.256,0.00245,0.042
"Lce3c",0.22,0.00245,0.0421
"Parp9",-0.37,0.00246,0.0421
"Yif1a",-0.332,0.00246,0.0421
"Lamc2",0.281,0.00247,0.0423
"Uba2",0.275,0.00247,0.0423
"Eri1",0.232,0.00248,0.0423
"Hdac3",-0.246,0.00248,0.0423
"Ttc33",-0.424,0.00248,0.0423
"Xpo7",0.258,0.00248,0.0423
"Rnf11",-0.336,0.00249,0.0424
"Rpl22",-0.426,0.00249,0.0424
"Ttc13",-0.35,0.00249,0.0424
"Sprr3",0.399,0.00249,0.0424
"Sema4a",-0.302,0.0025,0.0424
"Desi1",0.275,0.00251,0.0426
"Plagl2",0.279,0.00252,0.0427
"Dhrs7b",-0.34,0.00252,0.0427
"Slc25a5",-0.55,0.00253,0.0427
"Lyrm5",-0.594,0.00254,0.0429
"Rdh11",-0.455,0.00254,0.0429
"Ugt2b34",-0.308,0.00254,0.0429
"Ptpra",-0.332,0.00255,0.0429
"Cdadc1",0.271,0.00255,0.0429
"Hmgcs2",0.303,0.00255,0.0429
"Hdc",0.266,0.00256,0.043
"Tmem234",0.312,0.00257,0.0431
"Mrps2",-0.465,0.00257,0.0431
"Prepl",0.284,0.00257,0.0432
"Cmbl",-0.35,0.00258,0.0432
"Sae1",-0.272,0.0026,0.0436
"Cask",0.406,0.00261,0.0436
"Polr1a",0.246,0.00261,0.0436
"Iqcc",0.257,0.00263,0.0439
"Cd5l",-0.699,0.00264,0.0441
"Usp45",0.308,0.00265,0.0441
"Mmp9",0.278,0.00265,0.0441
"Tmem184c",-0.531,0.00265,0.0441
"Itfg1",-0.373,0.00265,0.0441
"Pde4b",-0.448,0.00266,0.0442
"Mup3",0.645,0.00267,0.0442
"Wdtc1",0.314,0.00268,0.0443
"Uck1",-0.273,0.00268,0.0444
"Rassf8",0.274,0.00268,0.0444
"Chmp4b",-0.261,0.00269,0.0444
"Sephs1",0.314,0.0027,0.0445
"Tiam2",0.303,0.00271,0.0447
"Ddc",-0.579,0.00274,0.0451
"L3hypdh",-0.361,0.00275,0.0454
"Rnf144a",-0.222,0.00276,0.0455
"Decr1",-0.318,0.00277,0.0456
"Stam2",0.278,0.00278,0.0456
"Mib1",0.261,0.00278,0.0456
"Nfic",0.372,0.00278,0.0456
"Mfsd14a",0.296,0.00279,0.0456
"H2afz",0.37,0.00279,0.0456
"Cacna2d2",0.236,0.00279,0.0456
"Prom1",0.377,0.00279,0.0456
"Zp3r",0.234,0.0028,0.0457
"Gnpnat1",-0.471,0.0028,0.0457
"Aqr",0.265,0.00282,0.046
"Arhgef10",0.214,0.00282,0.046
"Rnpepl1",-0.281,0.00283,0.046
"Ak6///Taf9",0.395,0.00283,0.046
"Epb41l5",0.332,0.00283,0.046
"Hbb-bh1",0.286,0.00284,0.0461
"Csrp2",-0.284,0.00286,0.0464
"Klhl20",0.29,0.00286,0.0464
"Lrrc40",-0.343,0.00287,0.0464
"Gorasp1",-0.358,0.00288,0.0465
"Ralb",-0.3,0.00288,0.0465
"Ube2d1",-0.377,0.00288,0.0465
"Pik3r1",0.254,0.0029,0.0468
"Ndst1",0.254,0.00291,0.0469
"Npff",0.218,0.00292,0.047
"Chchd6",-0.291,0.00293,0.0471
"Hnrnpk",-0.244,0.00294,0.0472
"Eif2s1",-0.245,0.00296,0.0474
"Adi1",1.31,0.00298,0.0478
"Per1",0.373,0.00298,0.0478
"Psmf1",-0.276,0.00299,0.0479
"Zbed6///Zc3h11a",0.319,0.003,0.0479
"Zfp688",0.296,0.003,0.0479
"Ccdc86",-0.303,0.003,0.0479
"Rnf208",0.325,0.00301,0.048
"Ggcx",-0.491,0.00301,0.048
"Gm38422///Zfp64",0.287,0.00301,0.048
"Pip5k1a",0.294,0.00302,0.0481
"Slc37a4",-0.36,0.00302,0.0481
"Smad5",0.202,0.00302,0.0481
"Lyz2",-0.951,0.00303,0.0482
"Egln3",-0.383,0.00304,0.0483
"Wasf3",0.262,0.00305,0.0483
"Dpp4",-0.458,0.00305,0.0483
"Lypla2",0.23,0.00305,0.0483
"Atp11b",0.292,0.00307,0.0486
"H2-L///H2-D1",-0.36,0.00308,0.0487
"Tmem37",0.206,0.00309,0.0487
"Atxn10",-0.474,0.00309,0.0487
"Cd99",-0.25,0.00309,0.0487
"Exoc6///Sh3glb1",0.424,0.00309,0.0487
"Mcl1",-0.381,0.0031,0.0488
"Pygl",-0.527,0.0031,0.0488
"Tcn2",-0.213,0.00311,0.0488
"Gosr2",-0.283,0.00311,0.0488
"Capzb",-0.238,0.00311,0.0488
"Cacybp",0.468,0.00312,0.0489
"Atp11a",0.216,0.00313,0.049
"Tspan31",-0.241,0.00313,0.049
"Btn1a1",-0.931,0.00315,0.0492
"Map2k2",0.22,0.00315,0.0492
"Rbl2",-0.381,0.00315,0.0492
"F2",0.243,0.00315,0.0492
"Pkig",-0.493,0.00316,0.0492
"S100a13",-0.213,0.00316,0.0493
"Coq9",-0.239,0.00317,0.0494
"Rtp4",-0.426,0.00317,0.0494
"Pafah1b2",0.228,0.00319,0.0496
"Ap3m1",-0.334,0.0032,0.0497
"Jag2",0.293,0.00321,0.0498
"Psip1",0.442,0.00322,0.0499
"Hhex",0.637,0.00322,0.0499
"As3mt",-0.45,0.00323,0.0499
"Galk2",-0.283,0.00323,0.05
"Rcbtb2",-0.269,0.00325,0.0503
"Gak",0.211,0.00326,0.0504
"Cotl1",-0.372,0.00327,0.0504
"Gimap6",0.366,0.00327,0.0504
"Mrpl15",-0.331,0.00327,0.0504
"Cfap157",0.23,0.00329,0.0506
"Nf2",0.224,0.00329,0.0506
"Sult1b1",-0.422,0.0033,0.0507
"Slc38a4",-0.596,0.0033,0.0507
"Clstn3",-0.36,0.0033,0.0507
"Ubc",0.311,0.00331,0.0508
"Cit",0.295,0.00332,0.0508
"Slc22a30",0.554,0.00332,0.0508
"Aldh18a1",-0.465,0.00332,0.0508
"Zfp787",0.269,0.00333,0.0509
"Hmgcl",-0.224,0.00335,0.0511
"Ap2a2",0.23,0.00336,0.0511
"Phf13",0.24,0.00336,0.0511
"Tprgl",-0.285,0.00336,0.0511
"Cpeb3",-0.311,0.00336,0.0511
"Klhdc3",0.212,0.00336,0.0511
"Gm32211///Rpl39",-0.247,0.00336,0.0511
"Pabpn1",0.336,0.00337,0.0512
"Stk38",0.258,0.00337,0.0512
"Hras",0.349,0.00338,0.0512
"Ren2///Ren1",-0.572,0.00339,0.0513
"Rasgrf1",0.264,0.00342,0.0518
"Mcm3ap",0.284,0.00342,0.0518
"Tial1",0.228,0.00343,0.0518
"Surf4",-0.34,0.00346,0.0522
"Zfp418",0.237,0.00347,0.0523
"Ace2",0.244,0.00347,0.0524
"Prune",-0.379,0.00348,0.0525
"Mga",0.36,0.00349,0.0526
"Msl1",0.232,0.00351,0.0528
"Dap3",-0.289,0.00351,0.0528
"Dus1l",0.283,0.00352,0.0528
"Pex3",-0.339,0.00352,0.0528
"Cdk7",-0.413,0.00352,0.0528
"Adam28",0.33,0.00353,0.0528
"Amigo1",0.258,0.00353,0.0528
"Nat8f4",-0.253,0.00353,0.0528
"Phf23",0.272,0.00353,0.0528
"Stk19",0.329,0.00354,0.0529
"Daglb",-0.376,0.00354,0.0529
"Scarb2",0.323,0.00355,0.0529
"Sep15",-0.237,0.00355,0.0529
"Vegfb",0.385,0.00355,0.0529
"Dnajc19-ps///Dnajc19",-0.272,0.00355,0.0529
"Vpreb3",0.279,0.00356,0.0529
"Pdrg1",-0.239,0.00356,0.0529
"Usp39",0.237,0.00356,0.0529
"Stag1",-0.301,0.00357,0.0529
"Gzmg",0.188,0.00357,0.0529
"Fas",-0.209,0.00357,0.053
"Ywhaz",-0.378,0.00358,0.053
"Gm15610///Tma7-ps///Tma7",-0.239,0.0036,0.0532
"Bckdhb",-0.235,0.0036,0.0532
"Brd4",0.312,0.0036,0.0532
"Llph-ps2///Llph-ps1///Llph",-0.286,0.0036,0.0532
"Sult1d1",-0.417,0.00361,0.0532
"Bcas2",-0.32,0.00361,0.0532
"Doc2g",0.386,0.00361,0.0532
"Fasn",-0.467,0.00363,0.0535
"Lyz1",-0.894,0.00364,0.0536
"LOC102641612///LOC101056140///Rpl17-ps9///Rpl17-ps10///Gm10362///Rpl17",-0.244,0.00365,0.0536
"Dars",-0.293,0.00365,0.0536
"Sass6",0.231,0.00366,0.0536
"D2hgdh",-0.313,0.00366,0.0536
"Pgp",0.32,0.00366,0.0536
"Gm4724///Gm14305///Gm14308///Gm14295///0610010B08Rik///Gm14434///Gm14432///Gm14430///Gm14419",-0.418,0.00366,0.0536
"Cxcl17",0.269,0.00366,0.0536
"C79562",0.26,0.00368,0.0539
"Fbxo16",0.222,0.00369,0.0539
"Ssr1",-0.248,0.00369,0.0539
"Gm21596///Hmgb1-ps10///Hmgb1",-0.256,0.0037,0.054
"Pnoc",0.235,0.0037,0.054
"Enpp5",-0.367,0.00371,0.0541
"Tnfrsf1a",-0.298,0.00371,0.0541
"Ndufc1",-0.208,0.00373,0.0542
"Nudt2",-0.309,0.00375,0.0544
"Pilrb1",0.25,0.00375,0.0544
"Uhrf1",0.371,0.00375,0.0544
"Chchd3",-0.192,0.00377,0.0546
"Lztr1",-0.297,0.00377,0.0546
"Psme1",-0.339,0.00377,0.0546
"Ndufa7",-0.283,0.00377,0.0546
"Luc7l3",0.334,0.00378,0.0547
"Gk",0.332,0.00379,0.0548
"Ppp6c",-0.271,0.00379,0.0548
"Sfxn1",-0.313,0.00381,0.0548
"Rpl41",-0.215,0.00381,0.0548
"Gm4024///Tmed10",-0.252,0.00381,0.0548
"Itgb3",0.291,0.00381,0.0548
"Igf2r",-0.213,0.00382,0.055
"Eif4a2",-0.253,0.00382,0.055
"Mfsd4b1///Mfsd4b2",0.249,0.00387,0.0555
"Bud31",-0.25,0.00387,0.0556
"Vamp4",0.308,0.00387,0.0556
"Fut4",0.274,0.00388,0.0556
"AB041806",0.242,0.00388,0.0556
"Cd68",-0.365,0.00388,0.0556
"Eif3a",0.208,0.00389,0.0556
"Dnajc30",-0.44,0.0039,0.0557
"Casp6",-0.246,0.0039,0.0557
"Dus3l",0.217,0.00393,0.0561
"Ddx27",0.295,0.00394,0.0562
"Col1a2",-0.289,0.00397,0.0566
"Cpsf7",0.24,0.00398,0.0566
"Pip5k1b",0.323,0.00398,0.0566
"Hnrnpa2b1",-0.303,0.00398,0.0566
"Gramd3",0.348,0.00399,0.0566
"Eif4ebp1",-0.258,0.00399,0.0566
"Impg1",0.225,0.00399,0.0566
"Svs5",0.361,0.00399,0.0566
"Hibadh",-0.277,0.00399,0.0566
"Slc10a1",-0.297,0.004,0.0567
"Chid1",-0.239,0.00401,0.0567
"Pcbd1",-0.229,0.00402,0.0568
"Ap5s1",0.263,0.00402,0.0568
"Spryd3",-0.22,0.00403,0.0569
"Hoxd4///Hoxd3",0.306,0.00403,0.0569
"Nus1",-0.264,0.00403,0.0569
"Eps15",-0.244,0.00403,0.0569
"Pagr1a",0.378,0.00405,0.0571
"Secisbp2l",-0.511,0.00406,0.0572
"Adrbk1",0.225,0.00407,0.0572
"Bax",0.258,0.00407,0.0572
"Akr1c20",0.405,0.00408,0.0572
"Pmm2",-0.283,0.00408,0.0572
"Polr1d",-0.214,0.00408,0.0572
"Stat2",0.209,0.00408,0.0572
"Sdhc",-0.182,0.00409,0.0572
"Ubxn1",0.308,0.00409,0.0572
"Ddx17",0.203,0.0041,0.0573
"Copg2os2",0.291,0.0041,0.0573
"Fam3c",-0.384,0.00412,0.0574
"Eps8l2",-0.221,0.00413,0.0576
"Tpmt",-0.367,0.00413,0.0576
"Abcd2",-0.428,0.00414,0.0577
"Cd2ap",-0.536,0.00417,0.058
"Clybl",-0.453,0.00417,0.058
"Krt8",-0.281,0.00417,0.058
"Spred2",0.394,0.00418,0.058
"C230091D08Rik",-0.289,0.00419,0.0581
"9530068E07Rik",0.215,0.00419,0.0581
"Ahnak",-0.241,0.00419,0.0581
"Slpi",0.345,0.00421,0.0583
"Arf1",-0.195,0.00422,0.0584
"Ufm1",-0.253,0.00425,0.0587
"Aes",0.185,0.00425,0.0588
"Pip4k2c",-0.219,0.00426,0.0588
"Plscr2",-0.422,0.00427,0.0589
"Sec16a",-0.215,0.00427,0.0589
"LOC100861969///Gm13305///Gm2002///Il11ra2///Il11ra1",0.232,0.00427,0.0589
"Nat9",-0.306,0.00429,0.059
"Kif2c",0.243,0.00429,0.059
"Gulo",-0.327,0.00429,0.059
"Hey1",0.286,0.00429,0.059
"H2-Ke6",0.177,0.00431,0.0592
"Svs2",0.214,0.00432,0.0593
"Hmces",0.216,0.00433,0.0593
"Shmt2",-0.295,0.00434,0.0594
"Ppp4r2",0.468,0.00434,0.0594
"Clip2",0.267,0.00434,0.0594
"Nphp1",-0.209,0.00434,0.0594
"Sec62",-0.224,0.00435,0.0594
"Abcg5",0.361,0.00436,0.0596
"Pcnp",0.199,0.00438,0.0598
"Smim7",-0.257,0.00438,0.0598
"Pttg1ip",-0.41,0.00439,0.0599
"Slc1a2",-0.283,0.00439,0.0599
"Dmpk",-0.413,0.0044,0.0599
"Nbn",0.32,0.0044,0.0599
"Slc12a7",-0.256,0.00441,0.0599
"Rnf111",0.235,0.00441,0.0599
"Churc1",-0.284,0.00441,0.0599
"Metap1",0.23,0.00442,0.06
"C1qa",-0.393,0.00443,0.06
"Faim",-0.328,0.00443,0.06
"Usp53",0.281,0.00443,0.06
"Fgf1",0.605,0.00444,0.0601
"Mtdh",-0.24,0.00445,0.0602
"Mlc1",0.246,0.00445,0.0602
"Ifi44",-0.321,0.00446,0.0602
"Wsb1",0.353,0.00447,0.0603
"Chmp1b",-0.268,0.00447,0.0603
"Arfgap3",0.565,0.00447,0.0603
"Orc4",-0.237,0.00448,0.0603
"Tfb2m",-0.251,0.00448,0.0603
"Prss41",0.267,0.00449,0.0603
"Nprl3",0.203,0.00449,0.0603
"Mdn1",0.255,0.0045,0.0603
"Scamp5",-0.262,0.0045,0.0603
"Nudt22",0.22,0.0045,0.0603
"Slc25a38",0.232,0.00451,0.0604
"Hes6",0.459,0.00451,0.0604
"Gm4705///Rpl34-ps2///Rpl34-ps1///Rpl34",-0.272,0.00451,0.0604
"Sar1a",-0.195,0.00452,0.0604
"Spsb2",0.188,0.00452,0.0605
"Gm11567",-0.259,0.00453,0.0606
"Srprb",-0.243,0.00454,0.0606
"2410015M20Rik",-0.248,0.00454,0.0606
"Acaa1a",-0.326,0.00455,0.0606
"Sh3bp1",0.322,0.00455,0.0607
"Ginm1",-0.316,0.00456,0.0607
"Hsd17b12",-0.293,0.00459,0.061
"Tmem62",-0.312,0.00459,0.061
"Usp9x",0.245,0.00459,0.061
"Supt20",-0.285,0.00459,0.061
"Dpysl4",0.229,0.0046,0.061
"Tob2",0.208,0.0046,0.061
"Hnmt",-0.679,0.0046,0.061
"Krt17",0.223,0.00461,0.0611
"Rogdi",-0.265,0.00461,0.0611
"Oas1a",-0.441,0.00461,0.0611
"Nabp1",-0.475,0.00462,0.0611
"Zfyve21",-0.511,0.00466,0.0615
"Siah2",0.226,0.00467,0.0615
"Gtf2i",0.228,0.00467,0.0615
"Hunk",-0.262,0.00467,0.0615
"Tor1aip2",-0.325,0.00467,0.0615
"Tusc2",0.177,0.00467,0.0615
"Ddx6",0.238,0.00467,0.0615
"Serpinb6a",-0.381,0.00468,0.0615
"Ndel1",0.302,0.00468,0.0615
"Mtfp1",0.226,0.00469,0.0616
"Cacng2",0.284,0.0047,0.0617
"Ube2w",-0.248,0.00471,0.0617
"Bpnt1",-0.415,0.00472,0.0619
"Hba-a2///Hba-a1",-0.27,0.00473,0.062
"Nsun4",0.347,0.00475,0.0622
"Tmed10",-0.292,0.00476,0.0623
"Thap11",0.223,0.00476,0.0623
"Ddr1",0.218,0.00477,0.0624
"Saa4",0.594,0.00477,0.0624
"Gfap",0.21,0.00479,0.0624
"Psen1",-0.231,0.00479,0.0624
"Atp13a1",0.242,0.00479,0.0624
"Tmem165",-0.303,0.0048,0.0624
"Tstd1",0.357,0.00482,0.0627
"Nudc",0.239,0.00483,0.0628
"Pipox",0.243,0.00484,0.0628
"Ostf1",-0.259,0.00484,0.0628
"Ap5m1",0.262,0.00486,0.063
"LOC102643184///Gm8894///Gm5526///Myl6",-0.299,0.00488,0.0632
"Tmem55a",-0.235,0.00489,0.0632
"Nr4a1",0.226,0.00489,0.0632
"3110002H16Rik",0.24,0.0049,0.0633
"Yy1",0.279,0.0049,0.0633
"Syt6",0.307,0.00491,0.0634
"Leprot",-0.282,0.00492,0.0634
"Rps6kb1",0.23,0.00492,0.0634
"St8sia1",0.194,0.00492,0.0634
"Kctd10",0.336,0.00492,0.0634
"Nfkb2",0.253,0.00493,0.0634
"St3gal1",-0.373,0.00495,0.0636
"Csdc2",-0.335,0.00496,0.0637
"Pear1",0.245,0.00499,0.0639
"Cdk5r1",0.233,0.00499,0.0639
"Igfbp1",-0.858,0.00502,0.0642
"Grin1",0.298,0.00503,0.0643
"Spn",0.245,0.00503,0.0643
"Pcbp4",0.428,0.00503,0.0643
"Pmm1",-0.271,0.00504,0.0643
"Socs1",0.224,0.00504,0.0643
"Dbi",-0.289,0.00505,0.0644
"Cdk16",0.217,0.00506,0.0644
"Cep68",-0.285,0.00507,0.0645
"Rbfox2",0.256,0.00507,0.0645
"Dlat",-0.355,0.00508,0.0645
"1300017J02Rik",0.202,0.00508,0.0645
"Phlda2",0.268,0.00509,0.0646
"D930016D06Rik",0.336,0.00509,0.0646
"Csf2ra",-0.293,0.00509,0.0646
"Col6a3",-0.205,0.0051,0.0646
"Adam15",0.213,0.0051,0.0646
"Col11a2",0.275,0.00511,0.0646
"Kmt2c",0.332,0.00511,0.0646
"Sirt1",0.328,0.00512,0.0646
"Tmod3",0.245,0.00512,0.0646
"Sh3bp5",-0.538,0.00513,0.0648
"Luc7l2",-0.342,0.00513,0.0648
"Prdx2",-0.434,0.00514,0.0648
"Ddx3y",-0.501,0.00514,0.0648
"Denr",-0.237,0.00515,0.0648
"Gm15776///Gng5",-0.317,0.00515,0.0649
"Kif2a",0.28,0.00516,0.0649
"Rps24",-0.209,0.00516,0.0649
"Cct6a",-0.237,0.00517,0.0649
"Gstt1",-0.312,0.00517,0.0649
"Hipk3",-0.333,0.00518,0.0651
"Klk7",0.272,0.00519,0.0651
"Cyp2c29",-0.343,0.0052,0.0651
"Dhrs11",0.204,0.0052,0.0651
"Mrps15",-0.266,0.0052,0.0651
"Sars",0.222,0.0052,0.0651
"Map4k1",0.281,0.00521,0.0651
"Fam104a",0.203,0.00521,0.0651
"Rcor1",0.288,0.00523,0.0653
"Neurod2",0.221,0.00524,0.0653
"Itpr2",0.294,0.00525,0.0655
"Ripk3",-0.23,0.00526,0.0656
"Uqcc1",-0.249,0.00528,0.0657
"Pdap1",0.31,0.0053,0.0658
"Kalrn",0.35,0.0053,0.0658
"Igha///Igh-VJ558",0.617,0.00531,0.0658
"Cetn2",-0.296,0.00531,0.0658
"App",-0.314,0.00531,0.0659
"Wdr20",-0.181,0.00532,0.0659
"Cyp4f13",0.207,0.00534,0.0661
"Blvrb",0.258,0.00535,0.0661
"Ammecr1l",-0.263,0.00535,0.0661
"Chd3os",0.261,0.00536,0.0663
"Sac3d1",0.221,0.00537,0.0663
"Appbp2os",0.211,0.00537,0.0663
"Tmed11",-0.201,0.00539,0.0665
"Nrtn",0.247,0.00539,0.0665
"Fam134a",0.199,0.0054,0.0665
"Etnk1",0.291,0.0054,0.0665
"Rbm38",0.43,0.0054,0.0665
"Rhbdd1",-0.319,0.00541,0.0665
"Cyp2c39",-1.04,0.00541,0.0665
"Anapc13",-0.212,0.00542,0.0665
"Tmem53",-0.313,0.00542,0.0665
"Eif6",-0.244,0.00543,0.0666
"Cdh20",0.223,0.00547,0.067
"Bmpr1a",-0.204,0.00548,0.0671
"Il6st",-0.265,0.0055,0.0672
"Ripk1",0.182,0.0055,0.0672
"Spc25",0.514,0.00551,0.0672
"Slc20a1",-0.484,0.00551,0.0672
"Tesk2",0.29,0.00551,0.0672
"Pfkl",0.19,0.00551,0.0672
"Nkx2-9",0.234,0.00553,0.0673
"Ntf3",-0.204,0.00553,0.0673
"Rec8",0.209,0.00555,0.0674
"Alyref",-0.285,0.00555,0.0674
"Ikbkg",0.27,0.00556,0.0674
"Csad",-0.564,0.00556,0.0675
"Gm6314///Abracl",-0.358,0.00558,0.0676
"Comt",-0.242,0.00558,0.0676
"Mien1",-0.244,0.00559,0.0677
"Lgals9",-0.336,0.0056,0.0678
"Rpl37",-0.226,0.0056,0.0678
"Cd34",0.292,0.00562,0.0679
"Prelid1",-0.211,0.00563,0.068
"Traf2",0.272,0.00565,0.0681
"Nifk",-0.26,0.00566,0.0681
"Slc25a44",-0.218,0.00566,0.0681
"Pdha1",-0.211,0.00566,0.0681
"Cyba",-0.313,0.00567,0.0681
"Aadat",0.323,0.00567,0.0681
"Fzd7",0.293,0.00567,0.0681
"Cep55",-0.285,0.00567,0.0681
"Sox5",0.203,0.00567,0.0681
"Krt84",0.255,0.00571,0.0686
"Echdc1",-0.326,0.00572,0.0686
"Rnd2",-0.291,0.00575,0.069
"Pithd1",0.22,0.00577,0.0691
"Apc2",0.228,0.00581,0.0694
"Mrpl54",-0.195,0.00581,0.0694
"Scrg1",0.325,0.00581,0.0694
"Psmc6",0.215,0.00582,0.0694
"Lgals3",-0.557,0.00582,0.0694
"Tnks2",0.173,0.00583,0.0696
"Srp68",-0.193,0.00583,0.0696
"Gnl1",0.253,0.00585,0.0697
"Dda1",0.291,0.00586,0.0697
"Cldnd1",-0.293,0.00586,0.0697
"Tnpo2",0.271,0.00586,0.0697
"Mat1a",-0.358,0.00588,0.0699
"Tmem170",0.226,0.00588,0.0699
"Phxr5",0.33,0.00589,0.07
"Man2c1",-0.276,0.0059,0.07
"Fh1",-0.285,0.0059,0.07
"Gpd2",-0.393,0.00593,0.0703
"Ankrd13c",-0.31,0.00596,0.0706
"Swsap1",-0.215,0.00596,0.0706
"Amn",0.359,0.00597,0.0707
"Asun",0.249,0.00597,0.0707
"Sash1",0.293,0.006,0.0708
"Bzw1",-0.285,0.006,0.0709
"Mob1b",0.292,0.00601,0.0709
"Mtmr6",0.184,0.00603,0.071
"2610528J11Rik",-0.625,0.00604,0.0711
"Ipo5",-0.234,0.00604,0.0711
"Cdk4",-0.309,0.00606,0.0712
"Rgs3",0.348,0.00606,0.0712
"Ppat",0.326,0.00607,0.0712
"Apcs",-0.921,0.00607,0.0712
"Gm2573///Gm13770///Wdr83os",-0.224,0.00607,0.0712
"Mbp",-0.393,0.00607,0.0712
"Gm6682///Tuba1c",-0.253,0.00607,0.0712
"Lepr",-0.604,0.00607,0.0712
"Habp4",-0.347,0.00607,0.0712
"Trdn",0.312,0.00608,0.0712
"Taf5l",0.257,0.00609,0.0712
"Gstm1",-0.329,0.00611,0.0714
"Ap4m1",0.179,0.00611,0.0714
"Dsg2",0.357,0.00611,0.0714
"Mau2",0.206,0.00613,0.0716
"Irf5",0.215,0.00614,0.0716
"Parp16",-0.398,0.00614,0.0716
"Nop10",-0.226,0.00614,0.0716
"Yap1",0.224,0.00614,0.0716
"Tesk1",0.245,0.00615,0.0716
"Gm12372///Taf9",-0.276,0.00615,0.0716
"Kif1b",0.196,0.00616,0.0716
"Irs1",0.385,0.00616,0.0716
"Laptm4b",0.221,0.00617,0.0717
"Zdhhc6",0.172,0.00619,0.0718
"Necab2",0.217,0.00619,0.0718
"Itih2",0.244,0.00619,0.0718
"Atad1",-0.247,0.00621,0.0719
"Slc25a20",-0.205,0.00624,0.0721
"Dyrk1a",0.39,0.00624,0.0721
"Apbb2",0.234,0.00624,0.0721
"BC005537",0.244,0.00625,0.0721
"Nup107",0.213,0.00625,0.0721
"Atp5s",-0.323,0.00629,0.0726
"Bclaf1",-0.374,0.00629,0.0726
"Psmd5",0.26,0.00631,0.0727
"Chn2",0.257,0.00631,0.0727
"Nosip",0.222,0.00631,0.0727
"Col3a1",-0.539,0.00632,0.0728
"Pros1",-0.517,0.00634,0.0729
"Ndn",-0.168,0.00634,0.0729
"Gabpa",-0.276,0.00634,0.0729
"Slc38a10",-0.186,0.00636,0.0729
"Stat5a",-0.471,0.00636,0.0729
"Utp6",-0.264,0.00639,0.0732
"Igf2bp3",0.237,0.00642,0.0735
"Sfswap",0.233,0.00644,0.0736
"Ccdc53",-0.231,0.00644,0.0736
"Mapt",0.213,0.00644,0.0736
"Ifitm3",-0.301,0.00645,0.0736
"Slc3a2",0.304,0.00645,0.0736
"Trmt10c",0.265,0.00645,0.0736
"Nasp",0.207,0.00645,0.0736
"Esx1",0.267,0.00647,0.0736
"Praf2",0.206,0.00647,0.0736
"Ppp1r14b",-0.299,0.00648,0.0736
"Gm5637///Arpc1b",0.302,0.00648,0.0736
"Tcirg1",0.246,0.0065,0.0737
"Chst2",0.323,0.0065,0.0737
"Dnaja3",-0.334,0.00653,0.074
"Tuba4a",0.22,0.00655,0.0741
"Lbr",0.328,0.00655,0.0741
"Ltbp3",0.311,0.00657,0.0743
"Mrpl41",-0.21,0.00658,0.0743
"Gm13363///Ptp4a1",-0.342,0.00658,0.0743
"Wdr77",-0.26,0.00658,0.0743
"Cdc7",0.291,0.00662,0.0747
"Ddx18",-0.276,0.00662,0.0747
"Ppp1r32",0.255,0.00664,0.0749
"Txnl4a",-0.222,0.00665,0.0749
"Pkp2",-0.342,0.00666,0.075
"Lect1",-0.462,0.00666,0.075
"Ncor1",0.234,0.00669,0.0752
"Ndufab1",-0.247,0.0067,0.0753
"Orc2",0.213,0.00672,0.0754
"Sypl",-0.416,0.00672,0.0754
"Etf1",-0.194,0.00673,0.0754
"Traf6",0.266,0.00673,0.0754
"Rab1a",-0.268,0.00674,0.0754
"Omd",-0.308,0.00674,0.0754
"Bud13",0.21,0.00674,0.0754
"Zfp771",0.32,0.00674,0.0754
"Sez6",0.177,0.00675,0.0754
"Asb6",0.217,0.00675,0.0754
"Rhox2e///Rhox2a",0.261,0.00676,0.0754
"Camkk2",0.248,0.00677,0.0754
"Tiparp",0.335,0.00677,0.0754
"Zfp91",0.351,0.00677,0.0754
"Tmem183a",0.234,0.00677,0.0754
"Bbip1",0.267,0.00677,0.0754
"Rhoh",0.233,0.00678,0.0755
"Sesn3",-0.243,0.00679,0.0755
"Trappc2l",-0.225,0.00679,0.0755
"Ercc6l2",0.21,0.00681,0.0756
"P2rx4",-0.263,0.00681,0.0756
"Camk2g",0.192,0.00681,0.0756
"Rcc2",0.23,0.00682,0.0756
"Parp10///Plec",-0.224,0.00685,0.0759
"Mgst2",-0.418,0.00689,0.0762
"Clock",0.269,0.0069,0.0763
"Dnase2a",-0.791,0.00691,0.0764
"Hs2st1",0.251,0.00692,0.0764
"Naip2",0.28,0.00693,0.0764
"Bad",0.216,0.00693,0.0765
"Trabd",0.214,0.00693,0.0765
"Hspb7",0.225,0.00694,0.0765
"Susd2",-0.227,0.00696,0.0767
"Fcrla",0.192,0.007,0.0768
"Fam195a",-0.212,0.007,0.0768
"Usp3",0.354,0.00701,0.0768
"Atp13a2",0.197,0.00702,0.0769
"Polr3k",-0.191,0.00703,0.077
"Syne2",0.283,0.00704,0.0771
"Clca3a2///Clca3a1",-0.275,0.00706,0.0771
"Rell1",-0.43,0.00706,0.0771
"Lrwd1",0.263,0.00706,0.0771
"Ccdc28a",-0.194,0.00709,0.0773
"Sst",0.254,0.00709,0.0773
"Card10",0.271,0.0071,0.0773
"Hsd3b5",1.79,0.0071,0.0773
"Dusp11",0.222,0.00711,0.0773
"Snrnp27",-0.281,0.00711,0.0773
"Sgk1",-0.455,0.00712,0.0773
"Pomp",-0.206,0.00712,0.0773
"Trim8",0.218,0.00713,0.0774
"Rexo2",-0.222,0.00714,0.0774
"Lhb",0.304,0.00714,0.0774
"Cth",-0.486,0.00715,0.0774
"Dok4",-0.305,0.00715,0.0774
"Safb2",0.236,0.00715,0.0774
"Prrg2",0.293,0.00716,0.0774
"C78704",0.178,0.00716,0.0774
"Kcnq2",0.21,0.00716,0.0774
"Raly",0.287,0.00717,0.0774
"Rbm25",0.281,0.00718,0.0774
"Wtap",-0.45,0.0072,0.0777
"Mageh1",0.186,0.00721,0.0777
"Snrpb2",-0.253,0.00722,0.0777
"Kifc1",0.237,0.00722,0.0777
"Fbxo21",-0.768,0.00723,0.0778
"Naa35",-0.284,0.00725,0.0779
"Tuba8",-0.317,0.00726,0.078
"Pigf",0.242,0.00728,0.0782
"Pdhb",-0.212,0.00729,0.0782
"Mpp4",0.389,0.00729,0.0782
"Ndufa5",-0.301,0.00729,0.0782
"Ahr",-0.665,0.00731,0.0782
"Aldh4a1",-0.323,0.00731,0.0782
"Col4a2",-0.278,0.00731,0.0782
"Gdap10",0.658,0.00733,0.0783
"Adamts10",0.168,0.00733,0.0784
"Borcs7",-0.298,0.00735,0.0785
"AI464131",-0.346,0.00736,0.0786
"Rasip1",0.343,0.00737,0.0786
"Ash1l",0.262,0.00737,0.0786
"Gnptab",-0.39,0.00737,0.0786
"Enpep",-0.271,0.00739,0.0788
"Tmod1",0.183,0.00743,0.0791
"Pex2",-0.248,0.00745,0.0791
"Ces1f",0.553,0.00745,0.0791
"Zmynd19",0.259,0.00745,0.0791
"Nxf1",0.207,0.00748,0.0794
"Osbpl11",-0.347,0.00749,0.0794
"Fubp1",-0.229,0.00749,0.0794
"Prok2",0.25,0.0075,0.0795
"Agfg1",0.254,0.00752,0.0796
"Defa30///Defa24///Defa6///Defa1",0.176,0.00752,0.0796
"Krtap19-4",0.23,0.00754,0.0797
"Aig1",-0.282,0.00755,0.0797
"Ino80c",-0.347,0.00756,0.0799
"Glyat",-0.4,0.00757,0.0799
"Mcg1038069///Ube2n",-0.236,0.00758,0.0799
"Ncam1",0.186,0.00758,0.0799
"Cdyl",0.205,0.00761,0.0801
"Nmi",-0.402,0.00763,0.0803
"Il12a",0.215,0.00763,0.0803
"Ap1m2",0.366,0.00765,0.0805
"Pgm2",0.189,0.00769,0.0807
"Smarce1",-0.242,0.0077,0.0808
"Tmed7",-0.295,0.00771,0.0808
"Fam92a",-0.492,0.00771,0.0808
"Tspyl1",-0.22,0.00772,0.0809
"Rad51ap1",0.179,0.00773,0.0809
"Chmp7",-0.272,0.00777,0.0813
"Gp1bb",0.281,0.00777,0.0813
"Spag7",0.248,0.00778,0.0813
"Lbp",0.24,0.00778,0.0813
"Ipo11",-0.191,0.0078,0.0815
"Npdc1",-0.304,0.00783,0.0817
"Dynlt3",-0.29,0.00783,0.0817
"Il17rb",-0.282,0.00784,0.0818
"Snx30",0.243,0.00785,0.0818
"Srsf2",0.226,0.00786,0.0818
"Rnf135",-0.3,0.00786,0.0818
"Zfp46",0.255,0.00786,0.0818
"Ube2d3",-0.204,0.00787,0.0818
"Crbn",-0.266,0.00787,0.0818
"Phb2",-0.192,0.00788,0.0818
"Ran",-0.277,0.00788,0.0819
"Izumo1r",0.256,0.0079,0.082
"Pcbp2",0.188,0.0079,0.082
"Rfk",-0.282,0.00791,0.082
"Krt2",0.224,0.00791,0.082
"Ube4b",-0.289,0.00792,0.082
"Src",-0.238,0.00794,0.0822
"Fbxw11",-0.226,0.00794,0.0822
"March5",-0.228,0.00797,0.0824
"Mospd2",0.22,0.00797,0.0824
"Hoxb9",0.174,0.00798,0.0824
"Wfdc12",0.226,0.00798,0.0824
"Rnf181",-0.201,0.00801,0.0825
"Vps18",0.213,0.00801,0.0826
"M6pr",-0.253,0.00801,0.0826
"Bphl",-0.249,0.00804,0.0827
"Abcd1",-0.268,0.00804,0.0827
"Ifi27l2b",-0.348,0.00805,0.0827
"Mfn1",0.218,0.00806,0.0827
"Ascc2",0.291,0.00808,0.0829
"Tor1b",-0.229,0.00808,0.0829
"Narf",0.202,0.00809,0.0829
"Gpr89",-0.282,0.00811,0.0831
"Mettl6",0.182,0.00812,0.0831
"Nfatc2",0.213,0.00812,0.0831
"Ociad1",-0.228,0.00812,0.0831
"Ceacam1",0.22,0.00814,0.0832
"Haus4",0.188,0.00815,0.0832
"Kdelr1",-0.203,0.00816,0.0832
"Fen1",0.271,0.00816,0.0832
"Aldh2",0.212,0.00816,0.0832
"Naa60",0.225,0.00818,0.0833
"Alkbh4",0.25,0.00822,0.0836
"Apex2",0.416,0.00822,0.0836
"Ino80e",0.284,0.00823,0.0837
"Yjefn3///Ndufa13",0.245,0.00825,0.0838
"Map4k5",0.333,0.00825,0.0838
"Ppp2ca",-0.206,0.00828,0.0841
"Morf4l2",-0.257,0.0083,0.0841
"Cltb",0.266,0.0083,0.0841
"Dnajc12",0.532,0.00832,0.0842
"Nefl",0.208,0.00832,0.0842
"1600012H06Rik",-0.299,0.00832,0.0842
"Phf1",0.227,0.00833,0.0842
"Clic1",-0.378,0.00833,0.0842
"Uqcrfs1",-0.19,0.00834,0.0843
"Wdr90",0.283,0.00835,0.0843
"Mapre2",0.407,0.00837,0.0844
"Galnt1",0.17,0.0084,0.0846
"Cd74",-0.351,0.00843,0.0848
"Fgf18",0.231,0.00844,0.0849
"Sec61a1",-0.168,0.00846,0.085
"Cdk5rap3",-0.186,0.00846,0.085
"Atf2",0.215,0.00847,0.085
"Kcnc4",0.203,0.00847,0.085
"Ighm",0.276,0.00848,0.085
"Hif1a",0.303,0.00848,0.085
"Cnr2",0.203,0.00848,0.085
"C1qc",-0.35,0.0085,0.0852
"Actr1a",0.165,0.00854,0.0855
"Cycs",-0.373,0.00854,0.0855
"Htra2",0.32,0.00855,0.0856
"Tfrc",-0.218,0.00856,0.0857
"Ftcd",0.327,0.00857,0.0857
"Rhbdd2",0.207,0.00858,0.0858
"Rab23",-0.215,0.00863,0.0861
"Fmo4",-0.222,0.00863,0.0861
"Jdp2",0.293,0.00863,0.0861
"Xpot",-0.328,0.00863,0.0861
"Cfhr1",0.353,0.00868,0.0865
"Serpina3k",0.175,0.0087,0.0865
"Samm50",-0.328,0.0087,0.0866
"Cbx5",0.223,0.00871,0.0866
"Nat8",0.366,0.00874,0.0869
"Ddx56",-0.29,0.00875,0.0869
"Fam63a",0.261,0.00875,0.0869
"Isoc1",-0.306,0.00877,0.087
"Sla2",0.236,0.00878,0.0871
"Sdhaf1",-0.216,0.00878,0.0871
"Prcp",0.294,0.00879,0.0871
"Tle4",0.232,0.0088,0.0872
"Pard6b",0.319,0.00881,0.0873
"Myh9",-0.241,0.00882,0.0873
"Hars",0.268,0.00883,0.0874
"Prss42",0.203,0.00885,0.0875
"Npc2",-0.266,0.00885,0.0875
"Atp6v1a",-0.164,0.00886,0.0875
"Dexi",0.278,0.00888,0.0877
"Ptprg",0.197,0.0089,0.0878
"Tmem186",-0.273,0.00891,0.0878
"Nisch",-0.231,0.00894,0.0881
"Hgd",-0.247,0.00894,0.0881
"Cyb5a",-0.219,0.00896,0.0882
"Cox7a2l",-0.212,0.00897,0.0883
"Pak1ip1",0.199,0.009,0.0884
"Eed",0.249,0.00901,0.0884
"Slc16a11",0.208,0.00902,0.0884
"Foxa3",0.241,0.00902,0.0884
"Rap2a",0.34,0.00903,0.0884
"Tmem63b",0.19,0.00903,0.0884
"Lrrfip2",0.304,0.00907,0.0888
"Sds",-0.333,0.00909,0.0889
"Sult5a1",-0.491,0.00911,0.089
"Ercc6l",0.242,0.00913,0.0891
"Tnpo1",0.222,0.00913,0.0891
"Cbfa2t3",-0.288,0.00914,0.0892
"Klf12",0.188,0.00915,0.0892
"B3gnt3",0.415,0.00916,0.0892
"Fpgs",-0.437,0.00916,0.0892
"Dbnl",-0.212,0.00917,0.0892
"Cacna1b",0.246,0.00918,0.0892
"Rnf114",0.214,0.0092,0.0894
"Ifit1",-0.391,0.00921,0.0895
"Grid1",0.23,0.00923,0.0896
"Phf20",0.221,0.00925,0.0897
"Canx",-0.216,0.00925,0.0897
"Hmgcr",-0.531,0.00926,0.0898
"Usp7",0.204,0.00927,0.0898
"Tifa",-0.23,0.00928,0.0899
"Lalba",0.209,0.00931,0.0901
"Vmn1r46",0.237,0.00931,0.0901
"Zfp90",-0.212,0.00931,0.0901
"Sap18b///Sap18",-0.301,0.00932,0.0901
"Mul1",0.259,0.00933,0.0901
"Smoc1",-0.183,0.00934,0.0902
"Krt13",0.393,0.00935,0.0903
"Pknox1",0.233,0.00938,0.0905
"Stx18",-0.248,0.00938,0.0905
"Rab25",0.257,0.00939,0.0905
"Mmd2",-0.261,0.00941,0.0906
"Afm",0.287,0.00941,0.0906
"Cops2",0.187,0.00942,0.0907
"Ubap2l",-0.257,0.00943,0.0907
"Slc25a4",-0.448,0.00945,0.0907
"Dhx30",-0.24,0.00946,0.0908
"Paics",0.24,0.00948,0.0909
"Enkd1",0.217,0.00948,0.0909
"Efl1",0.258,0.0095,0.091
"Ivl",0.2,0.00951,0.0911
"Fam136a",-0.199,0.00951,0.0911
"Obox2",0.199,0.00952,0.0911
"Pdpk1",0.196,0.00954,0.0913
"Mina",-0.168,0.00956,0.0914
"Cpsf4",0.27,0.00957,0.0915
"Ak4",0.314,0.00958,0.0915
"Enpp1",0.228,0.00959,0.0915
"Pls3",0.386,0.0096,0.0915
"Ythdf1",0.169,0.00961,0.0916
"Onecut3",0.251,0.00962,0.0916
"Dnajb11",0.25,0.00963,0.0916
"Dst",0.231,0.00968,0.092
"Pak3",-0.197,0.00968,0.092
"Tmed3",-0.332,0.00968,0.092
"Plcd1",-0.312,0.00971,0.0921
"Camk1d",-0.449,0.00973,0.0923
"Kif17",-0.286,0.00974,0.0924
"F630007L15Rik///Gm6958///BC005512",0.181,0.00975,0.0924
"Numb",0.264,0.00976,0.0924
"Tstd2",-0.192,0.00977,0.0925
"Slc2a9",-0.202,0.00981,0.0928
"Ireb2",-0.28,0.00982,0.0928
"Tmem184b",-0.203,0.00982,0.0928
"Arl2",0.19,0.00982,0.0928
"Cbarp",-0.258,0.00983,0.0928
"LOC102635075///Gm21596///Hmgb1-ps10///Hmgb1",0.248,0.00983,0.0928
"Cd302",-0.293,0.00984,0.0928
"Casp3",0.197,0.00984,0.0928
"Fbrs",0.21,0.00986,0.0929
"LOC101056308///Gm28480///Gm28859///Gm21683///Gm21672///Gm21661///Gm21642///Gm21617///Gm21573///Gm21506///Gm21470///Gm21469///Gm21462///Gm21443///Gm21427///Gm21412///Gm21396///LOC100862006///Gm21344///Gm21340///Gm21330///Gm21316///Gm21308///Gm21302///Gm21292///Gm21281///Gm21275///Gm21249///Gm21247///Gm21245///Gm21242///Gm21201///Gm21184///Gm21180///Gm21163///Gm21155///Gm21151///Gm21127///Gm21118///Gm21076///Gm21065///Gm20934///Gm20932///Gm20927///Gm20926///Gm20925///Gm20924///Gm20921///Gm20919///Gm20917///Gm20914///Gm20909///Gm20907///Gm20902///Gm20898///Gm20892///Gm20891///Gm20887///Gm20881///Gm20868///Gm20867///Gm20865///Gm20863///Gm20861///Gm20859///Gm20856///Gm20854///Gm20852///Gm21394///Gm20848///Gm20847///Gm20846///Gm20842///Gm20841///Gm20840///Gm20823///Gm20818///Gm20816///Gm20815///Gm20809///Gm20808///Gm20806///Gm20805///Gm20804///Gm20803///Gm20801///Gm20799///Gm20791///Gm20747///Gm21943///Gm20738///Ssty2",0.192,0.00987,0.093
"Krt18",-0.278,0.00989,0.093
"Il17ra",0.205,0.00989,0.093
"Skp1a",-0.294,0.00989,0.093
"D10Jhu81e",-0.218,0.00989,0.093
"Sh3bp4",0.211,0.00989,0.093
"Fkbp9",-0.295,0.00991,0.093
"Phkb",-0.299,0.00992,0.0931
"Igf1",0.229,0.00994,0.0932
"Kdm4b",0.232,0.00994,0.0932
"Gpr137b-ps///Gpr137b",0.172,0.00994,0.0932
"Cdk1",0.194,0.00995,0.0932
"Ppp1r37",0.184,0.00997,0.0934
"Znrf1",0.188,0.00998,0.0934
"2700094K13Rik",-0.269,0.00999,0.0934
"D7Bwg0826e",0.228,0.01,0.0935
"Pax7",-0.202,0.01,0.0936
"Ankrd40",-0.342,0.01,0.0936
"Cebpg",0.334,0.01,0.0936
"E4f1",0.279,0.01,0.0937
"Klf2",0.287,0.0101,0.0937
"H2-K1",-0.225,0.0101,0.094
"Pla2g7",-0.315,0.0101,0.094
"Rdx",-0.375,0.0101,0.094
"Hnrnpab",-0.2,0.0101,0.0941
"Top2a",-0.513,0.0101,0.0943
"Adam1a///Mapkapk5",0.186,0.0102,0.0943
"Bmi1",-0.275,0.0102,0.0943
"Timp2",0.222,0.0102,0.0943
"Erbb3",-0.369,0.0102,0.0943
"Stxbp3",-0.297,0.0102,0.0944
"Add1",-0.307,0.0102,0.0944
"Rnf19b",0.338,0.0102,0.0944
"Als2",0.254,0.0102,0.0944
"Sigmar1",-0.353,0.0102,0.0945
"Myo9b",-0.205,0.0102,0.0945
"Dpp8",0.193,0.0102,0.0945
"Grsf1",-0.225,0.0102,0.0945
"Rdh7",0.157,0.0102,0.0946
"Wrn",-0.312,0.0102,0.0946
"Zzz3",0.221,0.0103,0.0947
"Mpdu1",-0.209,0.0103,0.0947
"Clec7a",-0.397,0.0103,0.0948
"Gm21571///Rps12-ps18///Rps12-ps24///Rps12-ps10///Rps12-ps14///Rps12-ps13///Rps12-ps15///Rps12-ps12///Rps12-ps16///Rps12-ps11///Rps12",-0.29,0.0103,0.0948
"Ceacam2///Ceacam1",0.274,0.0103,0.095
"Vps29",-0.263,0.0103,0.095
"Ahdc1",0.192,0.0103,0.0951
"Ubtf",0.205,0.0103,0.0951
"Sdr42e1",-0.421,0.0103,0.0951
"Tab2",0.24,0.0104,0.0952
"Sec16b",-0.366,0.0104,0.0952
"Serhl",-0.228,0.0104,0.0952
"Cd2",0.22,0.0104,0.0952
"Mycbp",0.249,0.0104,0.0953
"Mllt11",0.165,0.0104,0.0954
"Vps4b",-0.269,0.0104,0.0954
"Cep85",-0.444,0.0104,0.0957
"Gjb2",-0.191,0.0105,0.0958
"Tssk1",0.292,0.0105,0.0958
"Gars",-0.208,0.0105,0.0958
"Spint2",-0.39,0.0105,0.096
"Pdgfa",-0.253,0.0105,0.096
"Lmo4",0.269,0.0105,0.096
"Baz1b",0.242,0.0105,0.0961
"Fam173a",0.208,0.0106,0.0964
"Taf13",0.245,0.0106,0.0965
"4930571B16Rik",0.294,0.0106,0.0966
"Ap3s2",-0.189,0.0106,0.0966
"Tada1",0.238,0.0106,0.0966
"Ldha",0.275,0.0106,0.0967
"Abcb1b",0.189,0.0106,0.0968
"Ptov1",0.214,0.0106,0.0968
"Rai14",0.225,0.0106,0.0968
"Eif2ak1",0.162,0.0107,0.0968
"Lrig1",0.193,0.0107,0.0969
"Ier3ip1",-0.238,0.0107,0.0971
"Pgam1",-0.232,0.0107,0.0973
"Pum2",0.2,0.0107,0.0973
"Pla2g2f",0.281,0.0107,0.0974
"Kpna3",-0.224,0.0107,0.0974
"Acsl1",0.311,0.0107,0.0974
"Clcn3",-0.297,0.0108,0.0974
"Slc25a42",-0.174,0.0108,0.0974
"Rps6ka2",0.164,0.0108,0.0975
"Mtfr2",0.196,0.0108,0.0976
"Stom",-0.224,0.0108,0.0976
"Tmem2",0.213,0.0108,0.0976
"Cdkn2b",0.277,0.0108,0.0976
"Abca1",-0.414,0.0108,0.0977
"Ror1",0.187,0.0108,0.0977
"LOC102641347///Ndufc2",-0.225,0.0109,0.0979
"Maf1",0.205,0.0109,0.0979
"Mknk2",-0.219,0.0109,0.0979
"Gm8203///H2afz",0.384,0.0109,0.0979
"Bicd2",0.249,0.0109,0.0979
"Nrf1",0.245,0.0109,0.0979
"Tgfa",0.206,0.0109,0.0979
"Rybp-ps///Rybp",0.242,0.0109,0.0981
"Klk8",0.226,0.0109,0.0981
"Irf3",-0.167,0.0109,0.0982
"Lmna",0.189,0.011,0.0984
"Cmtm1///Cmtm2a",-0.219,0.011,0.0985
"Slc25a39",-0.152,0.011,0.0987
"Ctse",-1.17,0.011,0.0988
"Alas1",-0.563,0.0111,0.0989
"Rprd1a",0.226,0.0111,0.0989
"Fbln1",0.243,0.0111,0.099
"Igfbp4",0.165,0.0111,0.099
"Cox8b",0.305,0.0111,0.099
"Brcc3",0.192,0.0111,0.0991
"Lrrc58",0.35,0.0111,0.0991
"Chtop",-0.2,0.0111,0.0991
"Calu",-0.235,0.0111,0.0992
"Pcca",-0.304,0.0111,0.0992
"Trpm1",0.195,0.0112,0.0994
"Sart3",0.231,0.0112,0.0994
"Trp63",0.222,0.0112,0.0996
"Ankmy2",-0.232,0.0112,0.0996
"Rnf2",0.22,0.0112,0.0996
"Il1f9",0.18,0.0112,0.0997
"Myo10",0.241,0.0112,0.0997
"Gdpd1",0.353,0.0113,0.1
"Clk4",0.254,0.0113,0.1
"Zfyve27",0.191,0.0113,0.1
"Baat",-0.355,0.0113,0.1
"Usp36",0.239,0.0113,0.1
"Clec4f",-0.427,0.0113,0.1
"Farsa",0.227,0.0113,0.1
"LOC102643254///Rps6-ps4///Rps6",-0.246,0.0113,0.1
"Ovgp1",0.197,0.0113,0.1
"Nt5c2",-0.261,0.0114,0.1
"Ppp1r2",0.215,0.0114,0.101
"Galns",-0.312,0.0114,0.101
"Atp1b1",0.292,0.0114,0.101
"Pex16",-0.309,0.0114,0.101
"Ppp5c",0.215,0.0114,0.101
"Slc25a33",0.401,0.0114,0.101
"Saa3",0.322,0.0114,0.101
"Sp3",0.269,0.0114,0.101
"Magea4",0.205,0.0114,0.101
"St8sia2",0.2,0.0115,0.101
"Ptcd3",-0.266,0.0115,0.101
"Mmp15",0.267,0.0115,0.101
"Pias3",0.286,0.0115,0.101
"Capn5",0.236,0.0115,0.101
"Atp6v1g1",0.258,0.0115,0.101
"Ssx2ip",0.332,0.0115,0.101
"Mme",0.401,0.0116,0.101
"Terf1",0.183,0.0116,0.101
"Klf13",0.348,0.0116,0.101
"Tbc1d19",-0.375,0.0116,0.101
"Zmynd11",-0.234,0.0116,0.101
"Tmem243",-0.388,0.0116,0.102
"Sf3b3",-0.218,0.0116,0.102
"Tubb5",0.165,0.0116,0.102
"Ccng1",-0.21,0.0116,0.102
"Tspan5",0.216,0.0117,0.102
"Zfp871",0.24,0.0117,0.102
"Lemd2",0.272,0.0117,0.102
"Smg8",0.208,0.0117,0.102
"Ivd",0.342,0.0117,0.102
"Pim3",0.263,0.0117,0.102
"Nedd9",-0.362,0.0118,0.102
"Ube2k",0.191,0.0118,0.102
"Mdh1",-0.167,0.0118,0.102
"Actr3",-0.185,0.0118,0.102
"Cox19",-0.204,0.0118,0.102
"Nploc4",0.187,0.0118,0.103
"Vps45",0.194,0.0118,0.103
"Aplnr",0.233,0.0119,0.103
"Sel1l",0.262,0.0119,0.103
"Slc26a3",-0.316,0.0119,0.103
"Ifnar2",-0.267,0.0119,0.103
"Add3",0.219,0.0119,0.103
"Lig3",0.162,0.0119,0.103
"Kif1a",0.262,0.0119,0.103
"H2-Q6///LOC68395///H2-Q8",-0.35,0.0119,0.103
"Smpd3",-0.163,0.0119,0.103
"Hint3",-0.364,0.012,0.103
"Thyn1",-0.206,0.012,0.103
"Gm3837///Pdcd5",0.24,0.012,0.103
"Fam210b",0.257,0.012,0.103
"Opn4",0.251,0.012,0.103
"Mllt6",0.219,0.012,0.103
"Cwc15",0.183,0.012,0.104
"Slc19a2",0.239,0.012,0.104
"Srek1",0.31,0.012,0.104
"Kat2a",-0.277,0.0121,0.104
"Pofut2",0.247,0.0121,0.104
"Adgra3",0.225,0.0121,0.104
"Smco4",-0.187,0.0122,0.104
"Pls1",-0.338,0.0122,0.105
"Eif5a",-0.177,0.0122,0.105
"Zfp532",-0.198,0.0122,0.105
"Gpx5",0.231,0.0122,0.105
"Fbxo42",0.21,0.0122,0.105
"Tfam",-0.218,0.0123,0.105
"Dnajb12",-0.33,0.0123,0.105
"Phgdh",0.218,0.0123,0.105
"Nfe2",-0.261,0.0123,0.105
"Chrm1",0.282,0.0123,0.105
"Elovl2",-0.345,0.0123,0.105
"Apmap",-0.285,0.0124,0.106
"Lin37",0.223,0.0124,0.106
"Mogs",0.235,0.0124,0.106
"Urm1",-0.217,0.0124,0.106
"Ptgds",0.211,0.0124,0.106
"Scn5a",0.179,0.0124,0.106
"4632415L05Rik",-0.183,0.0124,0.106
"Gm11239///Gm11236///Gm38423///Gm11238///Gm11237///Gm428",-0.157,0.0124,0.106
"3010026O09Rik",0.263,0.0125,0.106
"Crem",0.26,0.0125,0.106
"Dmbx1",0.234,0.0125,0.106
"Zdhhc9",-0.234,0.0125,0.106
"Cdkn1b",0.235,0.0125,0.106
"Rras2",-0.239,0.0125,0.106
"Hnf4aos",0.27,0.0125,0.106
"Cd22",0.202,0.0125,0.106
"Acat2",-0.209,0.0125,0.106
"Ankhd1",0.212,0.0125,0.106
"Acyp1",-0.235,0.0125,0.106
"Cpq",-0.311,0.0125,0.106
"Krtcap3",0.351,0.0126,0.106
"Gbp8///Gbp4",0.211,0.0126,0.106
"Tmem123",-0.345,0.0126,0.106
"Cxcl13",0.441,0.0126,0.106
"Acaa2",0.205,0.0126,0.106
"Cd1d2",0.212,0.0126,0.106
"Galnt2",-0.224,0.0126,0.106
"Abcf2",0.24,0.0126,0.106
"Sod1",0.214,0.0126,0.106
"Meis3",0.189,0.0126,0.106
"Pacs2",-0.187,0.0126,0.106
"B230354O11Rik",0.234,0.0127,0.106
"Znrf2",0.202,0.0127,0.107
"S1pr3",0.178,0.0127,0.107
"Col4a5",-0.272,0.0127,0.107
"Gpr146",-0.305,0.0127,0.107
"Rps9",-0.178,0.0127,0.107
"Cabyr",0.223,0.0128,0.107
"Cldn13",0.232,0.0128,0.107
"Ywhaq",-0.168,0.0128,0.107
"Apoa5",-0.156,0.0128,0.107
"Smap1",-0.175,0.0128,0.107
"Pex6",0.2,0.0128,0.107
"Dcpp3",0.206,0.0128,0.107
"Ppp1cb",-0.273,0.0128,0.107
"Pdzk1",-0.267,0.0128,0.107
"Slc30a7",0.227,0.0128,0.107
"Xpr1",0.213,0.0128,0.107
"Gm10052///Gm5803///Gm5643///Hnrnpa1",0.257,0.0128,0.107
"Cdc5l",0.167,0.0128,0.107
"Suz12",0.2,0.0129,0.107
"Acan",-0.179,0.0129,0.107
"Spats2l",0.257,0.0129,0.107
"Rlim",0.211,0.0129,0.107
"Zfp445",0.352,0.0129,0.107
"Arrdc1",0.26,0.0129,0.107
"Dstn",-0.223,0.0129,0.108
"Rnf214///AI842136",0.226,0.0129,0.108
"Srsf11",-0.192,0.013,0.108
"Tmod2",0.246,0.013,0.108
"H2-Eb1",-0.508,0.013,0.108
"Chd4",0.174,0.013,0.108
"Psrc1",0.19,0.013,0.108
"Retsat",0.269,0.013,0.108
"Smoc2",-0.228,0.013,0.108
"Purg",0.244,0.013,0.108
"Oma1",-0.276,0.0131,0.108
"Wbscr22",0.196,0.0131,0.108
"Mgat4d",-0.216,0.0131,0.108
"Vim",-0.176,0.0131,0.108
"Zbtb7b",0.299,0.0131,0.108
"Jph2",0.234,0.0132,0.109
"Cnpy2",-0.233,0.0132,0.109
"Gsta2",-0.301,0.0133,0.11
"Stx17",-0.196,0.0133,0.11
"Lrp6",0.224,0.0133,0.11
"Tlr5",-0.202,0.0133,0.11
"Hdac7",0.177,0.0133,0.11
"Pigo",-0.329,0.0134,0.11
"Pus1",-0.147,0.0134,0.11
"Pdcd6",-0.176,0.0134,0.11
"Pdxdc1",-0.245,0.0134,0.11
"Foxq1",0.37,0.0134,0.11
"Atoh7",0.216,0.0135,0.111
"Txn2",-0.145,0.0135,0.111
"Extl3",0.22,0.0135,0.111
"Saa1",-1.68,0.0136,0.111
"Mrps16",-0.171,0.0136,0.111
"Ube2d2a",-0.2,0.0136,0.111
"Paip1",-0.291,0.0136,0.111
"B3gat3",0.17,0.0136,0.111
"Atp6v0a2",-0.27,0.0136,0.112
"Wdr54",0.23,0.0137,0.112
"Necap1",-0.193,0.0137,0.112
"Stard7",-0.224,0.0137,0.112
"Uchl4///Uchl3",-0.203,0.0137,0.112
"Azi2",0.272,0.0137,0.112
"Ppp1r16b",0.166,0.0137,0.112
"Stag2",-0.172,0.0138,0.112
"Purb",0.321,0.0138,0.112
"Kcnip1",0.229,0.0138,0.112
"Chdh",-0.227,0.0138,0.112
"Ndufa12",-0.202,0.0138,0.112
"Klhl2",0.217,0.0138,0.112
"Glce",0.222,0.0138,0.113
"Gba2",0.235,0.0138,0.113
"Arl6ip6",0.221,0.0139,0.113
"Gpa33",0.297,0.0139,0.113
"Gbp6",-0.238,0.0139,0.113
"Gclm",0.23,0.0139,0.113
"Pon1",-0.195,0.0139,0.113
"Meg3",0.189,0.0139,0.113
"Mageb3///Mageb2///Mageb1",0.192,0.0139,0.113
"Ehd1",-0.3,0.0139,0.113
"Magoh",-0.286,0.0139,0.113
"Ptcd1",0.262,0.0139,0.113
"Rps11",-0.191,0.014,0.113
"Prss23os",0.176,0.014,0.113
"Rer1",-0.163,0.014,0.113
"Rnf149",-0.302,0.014,0.113
"Tecpr1",0.198,0.014,0.113
"Fermt2",0.342,0.0141,0.114
"Pcdh1",-0.235,0.0141,0.114
"Syt10",0.202,0.0141,0.114
"Mrpl45",-0.209,0.0141,0.114
"Sfrp4",0.182,0.0141,0.114
"Invs",-0.232,0.0141,0.114
"Mrpl27",-0.21,0.0141,0.114
"Atf3",0.276,0.0141,0.114
"Dcc",0.334,0.0141,0.114
"Smtnl1",0.244,0.0141,0.114
"Sox4",-0.392,0.0142,0.114
"Fip1l1",0.27,0.0142,0.114
"Fbxo9",0.196,0.0142,0.114
"Akr1c12///Akr1c13",0.201,0.0142,0.114
"Ccnl2",0.195,0.0142,0.114
"Trafd1",0.265,0.0143,0.114
"F13b",-0.325,0.0143,0.115
"Tuba3b///Tuba3a",0.301,0.0143,0.115
"Evx2",0.168,0.0143,0.115
"Gm8801///Ppp1r10",0.312,0.0143,0.115
"Nppa",0.191,0.0143,0.115
"Ptger4",0.225,0.0143,0.115
"Elovl3",0.867,0.0143,0.115
"Tbca",-0.227,0.0143,0.115
"Gm9385///Rpl24",0.234,0.0143,0.115
"Pcnx4",0.162,0.0143,0.115
"Rnps1",-0.18,0.0143,0.115
"Prpf19",-0.256,0.0144,0.115
"Cysrt1",0.167,0.0144,0.115
"Qpctl",0.19,0.0144,0.115
"Xpo4",0.263,0.0144,0.115
"Uckl1",-0.162,0.0144,0.115
"Krtcap2",-0.185,0.0144,0.115
"Rest",0.217,0.0144,0.115
"Esrrg",0.215,0.0144,0.115
"Anapc5",0.165,0.0144,0.115
"1110008P14Rik",0.194,0.0144,0.115
"Zfp142",0.216,0.0144,0.115
"Ranbp2",-0.275,0.0145,0.115
"Ice2",-0.176,0.0145,0.115
"Elavl2",0.179,0.0145,0.115
"Pm20d1",-0.618,0.0145,0.116
"Slc25a11",-0.192,0.0145,0.116
"Scaf4",0.224,0.0146,0.116
"Pafah1b1",0.183,0.0146,0.116
"Gm14586///Rps17",-0.237,0.0146,0.116
"Tmem151b",0.195,0.0146,0.116
"Rab14",-0.267,0.0146,0.116
"Cbr4",-0.246,0.0146,0.116
"Cldn5",0.221,0.0146,0.116
"Impact",0.34,0.0146,0.116
"Lims2",-0.196,0.0146,0.116
"Gm3579",0.502,0.0146,0.116
"Cnp",0.21,0.0147,0.116
"Slc4a4",-0.313,0.0147,0.116
"1700067P10Rik",0.194,0.0147,0.116
"Marcksl1",0.225,0.0148,0.116
"Ide",0.188,0.0148,0.116
"Tmem168",-0.203,0.0148,0.116
"S1pr5",0.147,0.0148,0.116
"Ggta1",0.217,0.0148,0.116
"Fundc2",-0.217,0.0148,0.117
"Smarca2",-0.507,0.0148,0.117
"Slc11a2",0.206,0.0148,0.117
"Efnb1",0.214,0.0148,0.117
"Pstpip2",-0.224,0.0148,0.117
"Rbck1",-0.186,0.0148,0.117
"Pcsk1",0.309,0.0148,0.117
"Fam132a",0.205,0.0149,0.117
"Asb10",0.183,0.0149,0.117
"Gm11554///Gm11569///Krtap4-13",0.191,0.0149,0.117
"Aak1",0.19,0.0149,0.117
"Actr8",0.149,0.0149,0.117
"Gm12191///Gm7429///Gm6570///Gm6109///Gm5481///Rpl30",-0.175,0.0149,0.117
"Mink1",0.185,0.015,0.117
"Mkl1",0.171,0.015,0.117
"Pfn2",0.233,0.015,0.117
"St3gal2",0.198,0.015,0.117
"Pllp",0.255,0.015,0.117
"Daxx",0.161,0.015,0.117
"Mgst1",-0.254,0.015,0.117
"Rnf25",0.218,0.015,0.117
"Sec14l1",0.331,0.0151,0.118
"Ephb4",0.179,0.0151,0.118
"Cuta",0.218,0.0151,0.118
"Edc4",0.214,0.0151,0.118
"Brpf1",0.275,0.0151,0.118
"Serinc1",-0.225,0.0151,0.118
"Pkhd1",0.15,0.0152,0.118
"Lox",0.205,0.0152,0.118
"Gorasp2",-0.139,0.0152,0.118
"Scgb3a1",0.151,0.0152,0.118
"Pla2g2e",0.251,0.0152,0.118
"Ppp4r1",-0.224,0.0152,0.118
"Adamts15",0.254,0.0152,0.118
"Neu1",0.289,0.0152,0.118
"Kcnj4",0.194,0.0152,0.118
"Map3k3",0.23,0.0152,0.118
"Pbrm1",0.209,0.0153,0.118
"Agmat",-0.306,0.0153,0.118
"Hint2",-0.169,0.0153,0.118
"Cyp1a2",-0.363,0.0153,0.118
"Pex19",-0.226,0.0153,0.118
"Ms4a1",0.26,0.0153,0.119
"Tmco3",0.323,0.0154,0.119
"Atr",-0.227,0.0154,0.119
"Irf8",0.23,0.0154,0.119
"Arhgap10",0.202,0.0154,0.119
"Smc4",0.181,0.0154,0.119
"Rplp2",-0.228,0.0154,0.119
"BC037034",0.204,0.0154,0.119
"Tlx1",0.258,0.0154,0.119
"Hspb8",0.414,0.0155,0.119
"Lipa",-0.181,0.0155,0.119
"Eral1",-0.198,0.0155,0.119
"Rab8b",-0.364,0.0155,0.119
"Igf2",0.186,0.0155,0.119
"Rtkn",0.182,0.0155,0.119
"Vmp1",0.441,0.0155,0.119
"Rragc",-0.185,0.0156,0.12
"Pcx",0.257,0.0156,0.12
"Hsd17b13",0.172,0.0156,0.12
"Zscan21",0.17,0.0156,0.12
"LOC102642634///Gm21778///Gm21678///Gm21660///Gm21454///Gm21440///Gm21425///Gm21310///Gm20928///Gm20910///Gm20851///Gm20836///Gm20833///Gm20831///Gm20827///Gm20807///Gm20795///Gm20793///LOC665918///Gm20777///Gm20773///Gm20772///Gm20737///Ssty1",0.271,0.0156,0.12
"Pdgfra",-0.189,0.0156,0.12
"Abce1",-0.255,0.0156,0.12
"Pvalb",0.276,0.0156,0.12
"Tacc3",-0.168,0.0157,0.12
"Ubtd1",0.193,0.0157,0.12
"Mafb",0.304,0.0157,0.12
"Ucp2",-0.277,0.0157,0.12
"Fam162a",0.168,0.0157,0.12
"Ebag9",-0.203,0.0157,0.12
"Grn",-0.252,0.0158,0.12
"H2afy",0.174,0.0158,0.12
"Lor",0.396,0.0158,0.12
"Rpl5///Rpl5-ps2",0.226,0.0158,0.12
"Ergic1",0.181,0.0158,0.121
"Arhgef40",0.163,0.0159,0.121
"Abcg4",-0.17,0.0159,0.121
"Zfp110",0.21,0.0159,0.121
"Slc4a1",0.202,0.0159,0.121
"Snrpg",-0.247,0.0159,0.121
"Car12",0.207,0.0159,0.121
"Ighg3",0.169,0.016,0.121
"A430005L14Rik",-0.231,0.016,0.121
"Mterf2",-0.261,0.016,0.122
"Obp2a",0.473,0.016,0.122
"Cyp2d13",0.332,0.0161,0.122
"Pxmp2",-0.273,0.0161,0.122
"Zfp451",0.2,0.0161,0.122
"Rbmxl1",-0.226,0.0161,0.122
"Gm12669///Glrx3",-0.313,0.0161,0.122
"Atp6v0c",-0.289,0.0161,0.122
"Slc23a2",-0.243,0.0161,0.122
"Tcf15",0.2,0.0161,0.122
"Fmr1",-0.238,0.0162,0.122
"Rasal3",0.197,0.0162,0.122
"Ensa",0.289,0.0162,0.122
"Sdcbp",-0.192,0.0162,0.122
"Tpt1",-0.148,0.0162,0.122
"Mfsd10",0.225,0.0162,0.122
"Gm15498",0.191,0.0162,0.122
"Slc7a6",0.189,0.0162,0.122
"Eif2ak3",0.188,0.0162,0.122
"D7Wsu130e",0.21,0.0163,0.122
"Dtna",0.202,0.0163,0.123
"Nlk",-0.276,0.0163,0.123
"Mvb12b",0.192,0.0163,0.123
"Kif3a",0.2,0.0163,0.123
"AA408650",-0.269,0.0164,0.123
"Flg",0.172,0.0164,0.123
"Mrpl57",-0.169,0.0164,0.123
"Hrc",0.196,0.0164,0.123
"Dnajb1",0.383,0.0164,0.123
"Fn1",0.286,0.0164,0.123
"Pdik1l",0.183,0.0164,0.123
"Fam64a",0.28,0.0165,0.123
"Dner",0.181,0.0165,0.123
"Rars",-0.178,0.0165,0.123
"Sucnr1",0.43,0.0165,0.123
"Supt6",0.215,0.0165,0.123
"Zfp740",0.195,0.0165,0.123
"Rexo4",0.154,0.0165,0.123
"Ap2m1",-0.194,0.0165,0.123
"Rab1b",-0.198,0.0165,0.123
"Mapkapk2",-0.22,0.0165,0.123
"Vmn2r26",0.19,0.0166,0.124
"Cct7",-0.197,0.0166,0.124
"Msantd4",-0.193,0.0166,0.124
"Chmp4c",-0.323,0.0166,0.124
"Skiv2l2",0.177,0.0166,0.124
"Cd44",-0.256,0.0166,0.124
"Ddx5",0.28,0.0167,0.124
"Mycbp2",-0.259,0.0167,0.124
"Ccdc130",0.155,0.0167,0.124
"Jtb",0.219,0.0167,0.124
"Mapk7",0.197,0.0167,0.124
"Acot13",-0.224,0.0167,0.124
"Supv3l1",-0.251,0.0168,0.124
"Pim2",0.272,0.0168,0.124
"Fgf22",0.247,0.0168,0.124
"Kat2b",0.311,0.0168,0.124
"Mok",0.267,0.0168,0.124
"Asb12",0.157,0.0168,0.124
"Map4",0.174,0.0168,0.125
"Ppp2r5d",0.22,0.0168,0.125
"Ccm2",0.226,0.0169,0.125
"C130036L24Rik",-0.154,0.0169,0.125
"Gm7040///Prl2c4///Prl2c3///Prl2c2",-0.164,0.0169,0.125
"Dnaja1",-0.211,0.0169,0.125
"Aqp1",0.213,0.0169,0.125
"Etv3",0.21,0.0169,0.125
"Ptpn4",0.2,0.0169,0.125
"Cklf",0.188,0.0169,0.125
"Fam133b",0.201,0.017,0.125
"Gm29733///Cox14",-0.192,0.017,0.125
"Palm",0.195,0.017,0.125
"BC025933",0.227,0.017,0.125
"Ddah2",0.189,0.017,0.125
"Rho",0.173,0.0171,0.126
"2210409E12Rik",-0.35,0.0171,0.126
"Tfb1m",-0.186,0.0171,0.126
"Zfp7",0.163,0.0171,0.126
"Glrx2",-0.201,0.0171,0.126
"Ube2h",0.228,0.0171,0.126
"Nfatc3",0.171,0.0171,0.126
"Me1",-0.434,0.0171,0.126
"Rpl27",-0.212,0.0171,0.126
"Mpp7",-0.249,0.0171,0.126
"Ndufaf7",-0.261,0.0171,0.126
"Zdhhc20",0.197,0.0171,0.126
"Psmc5",0.19,0.0171,0.126
"Arhgap35",0.23,0.0172,0.126
"Slc35a1",0.16,0.0172,0.126
"Cops7a",-0.188,0.0172,0.126
"Serpina3m",-0.459,0.0172,0.126
"Fyco1",-0.159,0.0173,0.126
"Gm15682///Gm10045///Gm11703///Gm13653///Gm5528///Gm5445///Rpl21",-0.214,0.0173,0.126
"Ddx49",0.259,0.0173,0.126
"Kif1c",0.231,0.0173,0.126
"Rras",-0.241,0.0173,0.126
"Sppl3",0.211,0.0173,0.126
"Echs1",-0.22,0.0173,0.126
"Bag3",0.315,0.0173,0.127
"Spns1",0.14,0.0173,0.127
"Agbl5",-0.225,0.0174,0.127
"Nr2c1",-0.231,0.0174,0.127
"Slc35a2",0.232,0.0174,0.127
"Cldn7",-0.437,0.0174,0.127
"Snx5",-0.178,0.0174,0.127
"Ankrd24",-0.198,0.0174,0.127
"Ercc3",-0.27,0.0174,0.127
"Cxcl12",0.345,0.0175,0.127
"Fam193b",0.255,0.0175,0.127
"Ncapg",0.239,0.0175,0.127
"Mbnl1",0.191,0.0175,0.127
"Iffo1",0.216,0.0175,0.127
"Kctd17",-0.247,0.0176,0.128
"Lrp1",0.188,0.0176,0.128
"Ifi47",-0.412,0.0177,0.128
"Dctn4",0.166,0.0177,0.128
"Plxna1",0.178,0.0177,0.128
"LOC102642233///Gm10913///Gm12508///Gm8210///Rpl29",-0.166,0.0177,0.128
"Slco1b2",0.221,0.0177,0.128
"Tfpt",0.23,0.0177,0.128
"Ppp1r15a",0.181,0.0178,0.129
"Serpinb9",-0.319,0.0178,0.129
"Bola2",0.17,0.0179,0.129
"Capn12",0.244,0.0179,0.129
"Vma21",-0.321,0.0179,0.129
"Krt85",0.158,0.0179,0.129
"Malat1",0.236,0.0179,0.129
"Rnf103",-0.199,0.018,0.13
"Smc1a",0.17,0.018,0.13
"Exosc9",-0.35,0.0181,0.13
"Bco2",0.198,0.0181,0.13
"Vti1b",-0.205,0.0181,0.13
"Rabgap1",0.172,0.0181,0.13
"Cdpf1",-0.185,0.0181,0.13
"Frat2",0.194,0.0181,0.13
"Vamp1",0.199,0.0181,0.13
"Star",0.157,0.0181,0.13
"Plxnb3",0.212,0.0181,0.13
"Ndufs3",-0.158,0.0182,0.13
"Sf3b2",-0.294,0.0182,0.13
"Rab3ip",0.24,0.0182,0.13
"Pcsk7",0.168,0.0182,0.13
"Ubiad1",-0.187,0.0182,0.13
"Cant1",0.188,0.0182,0.13
"Anxa8",0.202,0.0182,0.13
"Sf1",0.169,0.0182,0.131
"Wdr26",0.216,0.0182,0.131
"Elf2",0.239,0.0183,0.131
"Sntb2",0.232,0.0183,0.131
"Spry2",-0.215,0.0183,0.131
"Dnajc8",-0.201,0.0183,0.131
"Palmd",-0.464,0.0184,0.131
"Sdpr",-0.296,0.0184,0.131
"Ces1g",-0.766,0.0184,0.131
"Abcf3",0.183,0.0184,0.131
"Dhrs1",0.24,0.0184,0.131
"Txlnb",0.227,0.0184,0.132
"Swi5",-0.191,0.0185,0.132
"Ddost",-0.2,0.0185,0.132
"AF067061",0.156,0.0185,0.132
"Ift27",-0.175,0.0186,0.132
"Alkbh5",0.179,0.0187,0.133
"P2rx6",0.2,0.0187,0.133
"Yae1d1",0.2,0.0187,0.133
"Ldah",0.18,0.0187,0.133
"Ppm1b",0.346,0.0187,0.133
"Dab2ip",0.27,0.0187,0.133
"Cipc",-0.196,0.0188,0.133
"Ccnb1",0.217,0.0188,0.133
"Dhrs4",0.219,0.0188,0.133
"Cggbp1",0.191,0.0188,0.133
"2410002F23Rik",-0.251,0.0188,0.133
"Kmt2a",0.161,0.0188,0.133
"Polr3gl",-0.271,0.0189,0.133
"Srp19",-0.233,0.0189,0.134
"Gm7334///Btg3",-0.557,0.0189,0.134
"Mark1",-0.158,0.019,0.134
"Gigyf1",0.176,0.019,0.134
"Ivns1abp",-0.232,0.019,0.134
"Bmp5",0.167,0.019,0.134
"Mbd3l1",0.183,0.019,0.134
"Gm11964///Edf1",0.214,0.019,0.134
"Cox18",-0.262,0.0191,0.135
"Tmem38b",-0.189,0.0191,0.135
"Pld1",-0.227,0.0191,0.135
"Mrpl13",-0.263,0.0191,0.135
"Rxra",0.179,0.0192,0.135
"Zfp318",0.19,0.0192,0.135
"Arhgap23",0.251,0.0192,0.135
"Pdia4",0.196,0.0193,0.136
"Bdnf",0.241,0.0193,0.136
"Adam17",0.165,0.0193,0.136
"Tcf12",-0.376,0.0193,0.136
"Arl8b",-0.168,0.0193,0.136
"Stap1",-0.27,0.0194,0.136
"Pigk",-0.189,0.0194,0.136
"D11Ertd326e",0.177,0.0194,0.136
"Oxsr1",0.222,0.0194,0.136
"Fam98c",0.262,0.0195,0.136
"Ktn1",-0.3,0.0195,0.136
"Npepps",0.185,0.0195,0.137
"Hdgfrp2",0.216,0.0195,0.137
"Wsb2",-0.196,0.0195,0.137
"Gng4",0.207,0.0196,0.137
"Snhg1",0.276,0.0196,0.137
"Zmiz1",0.233,0.0196,0.137
"Mettl5",-0.219,0.0196,0.137
"Rnf220",0.16,0.0196,0.137
"Cadm3",0.189,0.0197,0.137
"Stk3",-0.25,0.0197,0.137
"Itih1",0.256,0.0197,0.137
"1190002N15Rik",0.335,0.0197,0.137
"Urod",0.242,0.0197,0.137
"Crip2",-0.315,0.0197,0.137
"Nap1l1",-0.184,0.0197,0.138
"Hrg",-0.33,0.0198,0.138
"Larp4b",0.167,0.0198,0.138
"Tspan8",0.29,0.0198,0.138
"Ostc",-0.17,0.0198,0.138
"Ncmap",-0.31,0.0198,0.138
"Klhl9",-0.196,0.0199,0.138
"1700071K01Rik///Phb",-0.264,0.0199,0.138
"D8Ertd28e",0.151,0.0199,0.138
"Prps1l3",-0.205,0.0199,0.138
"Cebpz",-0.154,0.0199,0.138
"Nsmce1",-0.26,0.0199,0.138
"Hmgcs1",-0.665,0.0199,0.138
"Zdhhc5",0.18,0.0199,0.138
"Plac1",0.189,0.0199,0.138
"Ctsa",-0.23,0.02,0.138
"Anks3",0.223,0.02,0.138
"Ogfod2",0.166,0.02,0.138
"Tgs1",-0.267,0.02,0.138
"Plcl2",-0.207,0.02,0.138
"Mrpl35",-0.164,0.02,0.138
"Pygm",0.275,0.02,0.139
"Csf2rb2",-0.245,0.02,0.139
"Prpf31",-0.216,0.0201,0.139
"Gtf2ird1",0.172,0.0201,0.139
"Gm2a",0.256,0.0201,0.139
"Epsti1",-0.367,0.0201,0.139
"Cyth3",0.18,0.0201,0.139
"Tapbp",-0.24,0.0201,0.139
"Foxp1",0.215,0.0202,0.14
"LOC102633979///Dohh",-0.22,0.0203,0.14
"Btd",0.187,0.0203,0.14
"Ndufa9",-0.144,0.0203,0.14
"P4ha1",0.447,0.0203,0.14
"Rab10",-0.18,0.0204,0.14
"Car14",0.28,0.0204,0.14
"Crygs",0.252,0.0204,0.14
"Limd2",-0.22,0.0204,0.14
"Ptrf",0.23,0.0204,0.14
"Egfl7",0.256,0.0204,0.14
"Ppp1r1a",0.176,0.0204,0.14
"Anxa7",-0.23,0.0204,0.14
"Cebpzos",-0.25,0.0205,0.14
"Maea",-0.321,0.0205,0.14
"Csnk2a1",0.16,0.0205,0.14
"Bnip1",-0.219,0.0205,0.141
"Omp",0.167,0.0205,0.141
"Rbm4b",0.181,0.0206,0.141
"Commd9",0.215,0.0206,0.141
"Ern2",0.27,0.0206,0.141
"Krt4",0.296,0.0207,0.141
"Mpi",0.16,0.0207,0.141
"Tktl1",0.218,0.0207,0.142
"Rftn2",0.21,0.0208,0.142
"Rasl2-9",-0.188,0.0208,0.142
"Dlk1",0.173,0.0208,0.142
"Rps18",-0.179,0.0208,0.142
"Nrap",0.266,0.0208,0.142
"Dcun1d1///Tes3-ps",-0.292,0.0209,0.142
"Eif1ax",-0.193,0.0209,0.142
"Morc4",-0.208,0.0209,0.142
"Stxbp2",0.197,0.0209,0.142
"Ascc1",-0.204,0.0209,0.142
"Usf1",0.284,0.0209,0.142
"Krt80",-0.225,0.0209,0.142
"Slc5a5",0.204,0.0209,0.142
"Kdm6a",-0.181,0.021,0.142
"Ddx1",-0.206,0.021,0.142
"Enpp3",0.202,0.021,0.142
"Hmgn5",0.168,0.021,0.142
"St13",0.262,0.021,0.142
"Rhbdf1",-0.236,0.021,0.142
"Cald1",-0.254,0.021,0.143
"Ugt3a1",0.394,0.021,0.143
"Zyx",0.255,0.0211,0.143
"Rbp4",0.213,0.0211,0.143
"Tfr2",-0.228,0.0211,0.143
"Cacna1a",0.17,0.0211,0.143
"Hlx",0.154,0.0211,0.143
"Itgal",0.239,0.0211,0.143
"Hhatl",0.143,0.0212,0.143
"Wasf2",-0.221,0.0212,0.143
"Cldn15",0.267,0.0212,0.143
"BC038268",0.188,0.0212,0.143
"Cd1d1",-0.264,0.0212,0.143
"Wdr13",0.195,0.0213,0.144
"Pth2",0.175,0.0213,0.144
"Chrna5",0.198,0.0214,0.144
"Zfp704",-0.264,0.0214,0.144
"Akr1c13",0.236,0.0214,0.144
"Cul3",-0.275,0.0214,0.144
"Snrnp40",0.231,0.0214,0.144
"Srek1ip1",-0.251,0.0214,0.144
"Fem1a",-0.237,0.0214,0.144
"Ly86",-0.257,0.0215,0.144
"Rbm42",0.164,0.0215,0.144
"Idh3b",-0.212,0.0215,0.145
"Dfna5",0.298,0.0217,0.145
"Kcnj6",0.168,0.0217,0.145
"Gm10015///Gm10705///Gm10145///Gm5858///Ube2l3",-0.18,0.0217,0.145
"0610040J01Rik",0.197,0.0217,0.146
"Mcm10",0.26,0.0217,0.146
"Aim1",-0.339,0.0218,0.146
"Phykpl",-0.151,0.0218,0.146
"Pqlc2",-0.222,0.0218,0.146
"Clpp",-0.148,0.0218,0.146
"Gtf2h2",-0.236,0.0218,0.146
"Pkd2l2",-0.162,0.0218,0.146
"Rbm7",-0.28,0.0218,0.146
"Sult2b1",0.505,0.0218,0.146
"Sh3d19",0.261,0.0218,0.146
"Exosc4",-0.223,0.0218,0.146
"Olfml2b",0.191,0.0218,0.146
"Fxr1",0.195,0.0218,0.146
"Gm20506///H2-Ob",0.182,0.0218,0.146
"Tceb1",0.183,0.0218,0.146
"LOC100862433///Rps16-ps2///Rps16",-0.152,0.0219,0.146
"Snrpd3",0.207,0.0219,0.146
"Tspan3",0.203,0.0219,0.146
"Fancc",0.16,0.0219,0.146
"Depdc7",0.174,0.0219,0.146
"AA414993",0.157,0.0219,0.146
"Marcks",-0.41,0.0219,0.146
"Bcas3",-0.184,0.0219,0.146
"Sgk3",-0.247,0.0219,0.146
"Hba-a2",-0.228,0.0219,0.146
"Lck",0.176,0.0219,0.146
"4833439L19Rik",0.197,0.0219,0.146
"Homer3",0.212,0.0219,0.146
"Il2ra",-0.353,0.022,0.146
"Dgcr6",0.167,0.022,0.146
"Rtn4ip1",-0.291,0.022,0.146
"Hrh2",0.173,0.0221,0.147
"Sfr1",0.219,0.0221,0.147
"Kcnj11",-0.222,0.0221,0.147
"Gstk1",-0.197,0.0222,0.147
"Midn",0.242,0.0222,0.147
"Prg2",0.161,0.0222,0.147
"Myo7a",0.16,0.0222,0.147
"Mrpl36",-0.141,0.0222,0.147
"Acsf3",-0.21,0.0222,0.147
"Glul",-0.25,0.0222,0.147
"Sfrp1",0.187,0.0222,0.147
"Wdr4",0.191,0.0222,0.147
"Phip",0.311,0.0222,0.147
"Ptk2b",-0.37,0.0222,0.147
"Slc2a8",0.168,0.0222,0.147
"Ranbp1",-0.16,0.0222,0.147
"Nmt1",-0.201,0.0223,0.147
"Gphn",-0.325,0.0223,0.147
"Rps27",0.216,0.0223,0.147
"Fxr2",0.152,0.0223,0.147
"Polr3d",-0.162,0.0223,0.147
"Chrd",0.191,0.0224,0.147
"Defb8",-0.164,0.0224,0.147
"Dnajc13",-0.267,0.0224,0.147
"Scrn3",0.41,0.0224,0.147
"Slc6a12",-0.384,0.0224,0.147
"Mtf2",0.196,0.0224,0.147
"Dnajc14",-0.226,0.0224,0.147
"Acaa1b",-0.19,0.0225,0.148
"Ptpmt1",-0.438,0.0225,0.148
"Stard3nl",-0.258,0.0225,0.148
"Mrpl49",-0.183,0.0225,0.148
"Cfap20",0.214,0.0225,0.148
"Pla2g12a",-0.433,0.0225,0.148
"Med22",-0.175,0.0225,0.148
"Nop9",0.155,0.0225,0.148
"C77874",0.171,0.0225,0.148
"Atraid",-0.145,0.0225,0.148
"Trpv6",-0.239,0.0226,0.148
"Rad23a",-0.36,0.0226,0.148
"Syp",0.252,0.0226,0.148
"Gjb1",0.182,0.0226,0.148
"Eps15l1",0.239,0.0226,0.148
"Igh-VJ558",-0.181,0.0226,0.148
"Mettl7a1",-0.29,0.0226,0.148
"Tars",0.223,0.0227,0.148
"H13",0.168,0.0227,0.148
"Il17re",0.172,0.0227,0.148
"Dlc1",0.181,0.0227,0.148
"Tmem189",0.172,0.0227,0.148
"Ppp1r2-ps9",0.211,0.0227,0.148
"Mmp1a",0.186,0.0227,0.148
"Cyth1",-0.288,0.0228,0.148
"Sash3",0.147,0.0228,0.148
"Dhx9",0.336,0.0228,0.148
"Cxcr3",0.189,0.0228,0.149
"Slc35g3",0.163,0.0228,0.149
"Slc26a6",0.206,0.0228,0.149
"Ifrd2",0.231,0.0229,0.149
"Zfp410",0.238,0.0229,0.149
"Gas2",-0.284,0.0229,0.149
"Mxd3",0.198,0.0229,0.149
"Ikzf2",0.286,0.0229,0.149
"Zc3h14",0.224,0.0229,0.149
"Acly",0.17,0.023,0.149
"Ing3",0.188,0.023,0.149
"Ppa2",-0.216,0.023,0.149
"Lmnb1",0.266,0.023,0.149
"Prim1",0.235,0.023,0.149
"Map7",-0.242,0.023,0.149
"Slc22a29",-0.174,0.0231,0.149
"Actrt2",0.19,0.0231,0.149
"Amelx",0.167,0.0231,0.149
"Wdr45",0.19,0.0231,0.149
"Prdm5",0.249,0.0231,0.149
"Dnajb9",-0.247,0.0231,0.149
"Nmur2",0.155,0.0231,0.149
"Cpt2",-0.248,0.0231,0.149
"Srf",0.273,0.0231,0.149
"Snx18",0.244,0.0232,0.149
"Rnf166",0.15,0.0232,0.15
"Hpd",-0.255,0.0232,0.15
"Eprs",-0.192,0.0232,0.15
"Msh6",0.162,0.0233,0.15
"Mtcp1",0.248,0.0233,0.15
"Airn",-0.16,0.0233,0.15
"Aebp2",-0.205,0.0233,0.15
"Rpl10a",-0.148,0.0234,0.15
"Mlph",0.254,0.0234,0.15
"Zfp395",0.175,0.0234,0.15
"Unc50",0.166,0.0234,0.15
"Slc40a1",0.311,0.0234,0.15
"Ereg",-0.17,0.0234,0.15
"LOC102642137///Gm15483///Rps13-ps4///Rps13",-0.136,0.0235,0.151
"Atl3",0.27,0.0235,0.151
"Nudt16l1",-0.219,0.0235,0.151
"Prcc",0.215,0.0235,0.151
"Sncaip",0.184,0.0235,0.151
"Pcmt1",0.174,0.0236,0.151
"Noc4l",0.202,0.0236,0.151
"Ipo4",-0.322,0.0236,0.151
"Gabrr1",0.171,0.0236,0.151
"1700011H14Rik",-0.196,0.0237,0.152
"Psmb3",0.304,0.0237,0.152
"Pdlim5",0.246,0.0237,0.152
"Ppp1r15b",0.248,0.0237,0.152
"Prss32",0.401,0.0237,0.152
"Cstf1",-0.209,0.0237,0.152
"Slc6a8",-0.354,0.0238,0.152
"Slc35b2",0.199,0.0238,0.152
"Anks1",-0.183,0.0238,0.152
"Sesn1",-0.272,0.0238,0.152
"Slc25a17",0.199,0.0238,0.152
"Ctc1",-0.175,0.0238,0.152
"C6",0.247,0.0239,0.152
"Msi2",0.22,0.0239,0.152
"Efcab7",0.177,0.0239,0.152
"Ctdp1",0.166,0.0239,0.152
"Pla2g2d",-0.171,0.0239,0.152
"Ptprt",0.214,0.0239,0.152
"Pcbd2",-0.212,0.024,0.152
"Vps37a",0.221,0.024,0.152
"Mcrs1",-0.211,0.024,0.152
"Limch1",0.138,0.024,0.152
"Stk40",0.186,0.024,0.152
"Adh5",-0.166,0.024,0.152
"Ppargc1a",-0.44,0.024,0.152
"Ky",0.161,0.024,0.153
"Evi5",0.302,0.0241,0.153
"Cnep1r1",-0.176,0.0241,0.153
"Atrx",0.237,0.0242,0.153
"Snx2",-0.26,0.0242,0.153
"Tmem41b",-0.27,0.0242,0.153
"Map3k7cl",0.208,0.0242,0.153
"Slco1a6",0.217,0.0243,0.154
"Cxxc1",0.178,0.0243,0.154
"Iigp1",0.219,0.0243,0.154
"Tsr2",-0.195,0.0243,0.154
"Abcb7",-0.361,0.0244,0.154
"Pdzd9",0.152,0.0244,0.154
"Tnfrsf10b",0.262,0.0244,0.154
"Sdc2",-0.246,0.0244,0.154
"Tmub1",0.231,0.0245,0.154
"Ppan",0.183,0.0245,0.154
"Cwf19l1",0.212,0.0245,0.154
"Gm4354",0.49,0.0246,0.155
"Mettl17",-0.145,0.0246,0.155
"Rad21",-0.228,0.0246,0.155
"Smc6",0.168,0.0246,0.155
"Epdr1",0.238,0.0246,0.155
"Cytip",0.322,0.0246,0.155
"Msh3",0.149,0.0247,0.155
"Ints7",0.199,0.0247,0.155
"Dlx4",0.182,0.0247,0.155
"1700021F05Rik",-0.207,0.0247,0.155
"Enoph1",-0.233,0.0247,0.155
"Npnt",-0.221,0.0248,0.156
"Lta4h",-0.208,0.0248,0.156
"Paxip1",0.252,0.0248,0.156
"LOC100862468///Nhp2l1",-0.212,0.0249,0.156
"Arfgef1",0.149,0.0249,0.156
"Dhps",-0.235,0.025,0.156
"Gins1",-0.153,0.025,0.156
"Il21r",0.161,0.025,0.156
"Ugcg",0.34,0.025,0.156
"Hopx",0.344,0.025,0.156
"Dnajb2",-0.147,0.025,0.157
"Coil",-0.236,0.0251,0.157
"Cutal",-0.209,0.0251,0.157
"Wnt6",0.197,0.0251,0.157
"Atmin",0.182,0.0251,0.157
"Celf1",0.185,0.0251,0.157
"Sacm1l",-0.239,0.0252,0.157
"Spcs1",-0.171,0.0252,0.157
"Fcgr2b",-0.331,0.0252,0.157
"Steap3",0.146,0.0252,0.157
"Calcrl",-0.18,0.0252,0.157
"Mlf2",0.139,0.0252,0.157
"Dnm2",0.141,0.0252,0.157
"Eef1d",0.144,0.0253,0.157
"Rassf5",-0.193,0.0253,0.157
"Grin3b",0.187,0.0253,0.157
"Tgif1",0.168,0.0254,0.158
"Alg12",-0.22,0.0254,0.158
"Prp2",0.14,0.0254,0.158
"Cyp4f15",-0.487,0.0254,0.158
"Exosc5",-0.237,0.0254,0.158
"Dpy30",-0.193,0.0254,0.158
"Parn",-0.179,0.0254,0.158
"Tfap4",0.166,0.0255,0.158
"Eif4b",0.149,0.0255,0.158
"Tubgcp4",0.245,0.0255,0.158
"Nmd3",-0.255,0.0255,0.158
"C330007P06Rik",-0.189,0.0255,0.158
"Phf2",0.197,0.0256,0.158
"Rnase2a",0.197,0.0256,0.158
"Sptlc1",-0.253,0.0256,0.158
"Ppm1g",0.176,0.0256,0.158
"Zfp319",0.239,0.0256,0.159
"Rap1gap",-0.177,0.0257,0.159
"Ptpa",0.204,0.0257,0.159
"Timm10b",-0.145,0.0257,0.159
"Psmd7",0.162,0.0257,0.159
"Bptf",0.186,0.0257,0.159
"Wnt7a",0.161,0.0257,0.159
"Ccdc91",-0.221,0.0258,0.159
"Tmx1",-0.321,0.0258,0.159
"Zfp57",0.205,0.0258,0.159
"Hsd17b11",0.178,0.0258,0.159
"Sin3a",0.198,0.0259,0.159
"Scn3a",0.179,0.0259,0.159
"Tcap",0.197,0.0259,0.16
"Capn6",0.168,0.0259,0.16
"Thy1",0.189,0.026,0.16
"D7Ertd187e",0.17,0.026,0.16
"Mrpl44",-0.171,0.026,0.16
"Rpp30",0.196,0.026,0.16
"Plin2",-0.194,0.0261,0.16
"Rnf6",0.186,0.0261,0.16
"6720475J19Rik",0.254,0.0261,0.16
"Csrp1",-0.159,0.0261,0.16
"Smarca5",0.193,0.0262,0.16
"Alpk2",0.227,0.0262,0.16
"Atm",0.199,0.0263,0.161
"LOC102641872///Trappc10",0.215,0.0263,0.161
"Zfp777",-0.162,0.0263,0.161
"Dusp3",-0.186,0.0263,0.161
"AI314180",0.205,0.0263,0.161
"Ssbp1",-0.255,0.0263,0.161
"Arhgap6",0.162,0.0264,0.161
"Suds3",0.162,0.0264,0.161
"Rps6ka1",0.35,0.0264,0.161
"Mfap5",0.198,0.0264,0.161
"Plac9b///Gm9780///Plac9a",0.17,0.0265,0.161
"Mydgf",-0.183,0.0265,0.161
"Gata5",0.246,0.0265,0.161
"Endod1",-0.213,0.0265,0.161
"Nucb1",-0.154,0.0265,0.161
"Serpina3n",-0.456,0.0265,0.161
"Cys1",0.26,0.0265,0.161
"Tbl1x",0.169,0.0265,0.161
"Vps37c",0.141,0.0266,0.162
"Art1",0.192,0.0266,0.162
"Poll",-0.164,0.0266,0.162
"Tspan1",0.254,0.0266,0.162
"Mipol1",0.168,0.0266,0.162
"Plcg1",0.173,0.0266,0.162
"Gm5848///Snrpd2",-0.231,0.0267,0.162
"Reep2",0.165,0.0267,0.162
"Cgnl1",0.243,0.0267,0.162
"Ppt1",-0.19,0.0267,0.162
"C79296",0.18,0.0267,0.162
"Hmgb3",-0.295,0.0267,0.162
"Iltifb///Il22",-0.149,0.0268,0.162
"Rmdn3",-0.232,0.0268,0.162
"Osmr",-0.247,0.0268,0.162
"Nme1",-0.147,0.0268,0.162
"Rem1",0.18,0.0268,0.162
"E130309D02Rik",0.166,0.0268,0.162
"Gm30058",0.211,0.0268,0.162
"Gkn1",0.182,0.0268,0.162
"Zfp612",0.171,0.0268,0.162
"Recql5",0.164,0.0268,0.162
"Scp2",0.152,0.0269,0.162
"Farsb",-0.33,0.0269,0.162
"Gspt1",-0.2,0.0269,0.162
"Grik3",0.173,0.0269,0.162
"Gbp7",0.201,0.0269,0.162
"Cldn14",0.159,0.0269,0.162
"Suclg1",-0.218,0.027,0.162
"Ribc1",0.312,0.027,0.162
"Olfr140",0.216,0.027,0.163
"Zc3h8",0.262,0.027,0.163
"Snf8",-0.162,0.027,0.163
"Hectd1",0.241,0.027,0.163
"Stk10",0.177,0.0271,0.163
"Kcne3",0.223,0.0271,0.163
"Cab39l",0.153,0.0271,0.163
"Vegfd",0.288,0.0271,0.163
"Haus3",0.189,0.0271,0.163
"Tmem119",0.173,0.0272,0.163
"Ints4",-0.233,0.0272,0.163
"Speg",0.23,0.0272,0.163
"Eng",0.19,0.0272,0.163
"Glmp",-0.155,0.0272,0.163
"Hrh3",0.15,0.0273,0.163
"Ndufv2",-0.17,0.0273,0.163
"Ido2",-0.296,0.0273,0.164
"Tti2",0.207,0.0273,0.164
"Dag1",0.181,0.0274,0.164
"Dnajc28",-0.189,0.0274,0.164
"Cyp4a31///Cyp4a10",0.255,0.0274,0.164
"Nudt1",-0.25,0.0275,0.164
"Napa",0.209,0.0275,0.164
"Ctnnbip1",0.204,0.0275,0.165
"Shcbp1",0.21,0.0275,0.165
"Fzd9",0.218,0.0276,0.165
"Itm2b",0.165,0.0276,0.165
"Kif5b",0.201,0.0276,0.165
"Aym1",0.248,0.0276,0.165
"Tmem134",-0.18,0.0276,0.165
"Cript",-0.175,0.0277,0.165
"Muc13",0.446,0.0277,0.165
"Notch3",0.238,0.0277,0.165
"Hnrnpul2",0.182,0.0277,0.165
"Gucy2e",0.186,0.0278,0.165
"Mkrn2",-0.134,0.0278,0.165
"Ly6i",0.157,0.0278,0.165
"Tmem159",-0.28,0.0278,0.165
"Gtpbp1",0.155,0.0278,0.165
"Cpeb4",0.306,0.0278,0.165
"Slc43a3",-0.32,0.0278,0.165
"Npcd///Nptxr",0.17,0.0278,0.165
"Pde4a",0.163,0.0278,0.165
"Xrcc1",0.223,0.0279,0.166
"Alg5",-0.187,0.0279,0.166
"Slc48a1",0.217,0.0279,0.166
"Asnsd1",-0.169,0.0279,0.166
"Tm9sf2",-0.184,0.0279,0.166
"Slc25a15",-0.265,0.0279,0.166
"Utrn",0.214,0.028,0.166
"Mbl2",0.53,0.028,0.166
"Eefsec",-0.205,0.028,0.166
"Ccnt1",0.153,0.028,0.166
"Nmb",0.212,0.028,0.166
"Timp4",0.17,0.028,0.166
"Armcx3",-0.179,0.028,0.166
"Foxm1",0.161,0.028,0.166
"Pdss1",-0.332,0.0281,0.166
"Prrt1",0.176,0.0281,0.166
"Lhx3",0.177,0.0281,0.166
"Runx1",0.182,0.0281,0.166
"Piwil2",0.154,0.0281,0.166
"Coro1c",-0.468,0.0281,0.166
"Igtp",-0.251,0.0281,0.166
"Tpi1",-0.233,0.0282,0.166
"Dmrtb1",0.146,0.0283,0.167
"Sec23b",-0.148,0.0283,0.167
"Arfip2",0.147,0.0283,0.167
"Decr2",-0.26,0.0284,0.167
"Sall1",0.176,0.0284,0.167
"Tyro3",0.172,0.0284,0.167
"Fig4",-0.146,0.0285,0.167
"C1ql3",0.164,0.0285,0.167
"Cog1",0.126,0.0285,0.167
"Ubl3",0.174,0.0285,0.167
"Tex9",0.208,0.0286,0.168
"Fam129b",-0.217,0.0286,0.168
"Usp38",-0.185,0.0286,0.168
"Kcnh1",0.194,0.0286,0.168
"Suv39h2",0.176,0.0286,0.168
"Trim33",0.19,0.0286,0.168
"Cyp4f37///Cyp4f16",-0.256,0.0286,0.168
"Dhcr7",-0.52,0.0286,0.168
"Cln8",-0.185,0.0286,0.168
"Phf10",0.146,0.0286,0.168
"Osbpl10",0.205,0.0286,0.168
"Zc3h7a",0.196,0.0286,0.168
"Lgalsl",-0.383,0.0287,0.168
"Fut2",0.147,0.0288,0.168
"Nfil3",0.34,0.0288,0.168
"Nfu1",-0.181,0.0288,0.168
"Yipf2",0.16,0.0288,0.168
"Tyrp1",0.163,0.0289,0.169
"Rab40c",0.164,0.0289,0.169
"Tpsab1",0.168,0.0289,0.169
"Taldo1",-0.204,0.029,0.169
"Ywhae",-0.201,0.029,0.169
"Galt",0.165,0.029,0.169
"Mtg2",-0.277,0.029,0.169
"Klhl42",-0.167,0.029,0.169
"Cga",0.17,0.0291,0.169
"Zkscan3",-0.229,0.0291,0.169
"Fopnl",-0.134,0.0291,0.169
"Acvr1",-0.209,0.0291,0.169
"Vsig4",-0.434,0.0291,0.169
"Mxra8",0.16,0.0291,0.169
"Il10ra",0.229,0.0291,0.169
"Uba3",-0.222,0.0291,0.169
"Efna1",-0.328,0.0292,0.169
"Hspg2",0.136,0.0292,0.169
"Chchd7",0.216,0.0292,0.169
"Tsc22d1",-0.314,0.0292,0.169
"Thap2",0.146,0.0293,0.17
"Gm5471///Eif1",-0.174,0.0293,0.17
"Slc4a2",0.194,0.0293,0.17
"Col18a1",0.149,0.0294,0.17
"Kif9",0.178,0.0294,0.17
"Ddx39",-0.217,0.0294,0.17
"Wdr33",-0.203,0.0294,0.17
"Jam3",0.165,0.0294,0.17
"Plec",0.253,0.0294,0.17
"Serf2",-0.145,0.0295,0.17
"Hnrnpll",0.155,0.0295,0.17
"Tnfrsf22",-0.186,0.0295,0.17
"Cog8///Pdf",-0.213,0.0295,0.17
"Orm1",-0.389,0.0295,0.17
"Tmtc4",0.203,0.0295,0.17
"Letmd1",-0.199,0.0296,0.171
"Tacc2",-0.274,0.0297,0.171
"Hapln1",-0.265,0.0297,0.171
"Sltm",0.14,0.0297,0.171
"Apcdd1",0.142,0.0297,0.171
"Popdc3",0.188,0.0297,0.171
"Mlst8",0.165,0.0297,0.171
"D4Ertd117e",0.144,0.0298,0.171
"Ankrd49",-0.202,0.0298,0.171
"Vdac2",-0.148,0.0298,0.171
"Gm29722",-0.211,0.0298,0.171
"Dad1",-0.168,0.0298,0.171
"Ank3",-0.349,0.0299,0.171
"Reep3",0.143,0.0299,0.171
"Med30",-0.229,0.0299,0.172
"Nup133",-0.15,0.0299,0.172
"Timm10",-0.215,0.0299,0.172
"D030056L22Rik",-0.144,0.03,0.172
"Ghrhr",0.188,0.03,0.172
"Serpina6",-0.514,0.03,0.172
"Sarnp",0.153,0.03,0.172
"Diras1",0.228,0.03,0.172
"Sephs2",0.227,0.0301,0.172
"Tug1",-0.287,0.0301,0.172
"Tmem266",0.154,0.0301,0.172
"Rrp8",0.212,0.0301,0.172
"Btc",-0.167,0.0301,0.172
"Frs3",0.151,0.0302,0.172
"Cdc26",0.151,0.0302,0.172
"Ctnnd1",-0.207,0.0302,0.172
"Ceacam14",-0.124,0.0302,0.172
"Itgb1",-0.169,0.0302,0.172
"Brwd3",0.173,0.0302,0.172
"Dusp7",0.141,0.0302,0.172
"Trip6",-0.249,0.0303,0.173
"Tmem42",0.189,0.0303,0.173
"Bik",-0.155,0.0303,0.173
"Nptx2",0.165,0.0303,0.173
"Ccnt2",-0.195,0.0304,0.173
"Tmem144",0.176,0.0304,0.173
"Nfkbiz",-0.191,0.0304,0.173
"Kcnk4",0.203,0.0305,0.173
"P2ry14",-0.196,0.0305,0.173
"Gm26752",0.165,0.0305,0.173
"Slc22a27",-0.251,0.0306,0.174
"Slc33a1",-0.181,0.0306,0.174
"Stbd1",-0.389,0.0306,0.174
"Trrap",0.217,0.0306,0.174
"Etfb",0.163,0.0306,0.174
"Clmp",0.188,0.0307,0.174
"Suv420h1",0.204,0.0307,0.174
"Trip10",0.22,0.0307,0.174
"Cnot4",0.194,0.0307,0.174
"Zdhhc14",0.157,0.0307,0.174
"Psmd10",-0.162,0.0308,0.174
"Azgp1",0.139,0.0308,0.174
"Cts7",-0.18,0.0308,0.174
"Zfp422",-0.184,0.0308,0.174
"Vbp1",-0.245,0.0309,0.174
"Mfsd4a",0.397,0.0309,0.174
"Ptk2",-0.203,0.0309,0.174
"Atp5sl",0.245,0.0309,0.174
"Synj2",0.178,0.0309,0.174
"Pax5",0.186,0.0309,0.174
"Camk1",-0.227,0.0309,0.174
"Slc30a2",0.282,0.031,0.174
"Fzd2",0.147,0.031,0.174
"Msx1",0.16,0.031,0.174
"Pqbp1",-0.189,0.031,0.174
"Tsc22d4",-0.298,0.031,0.175
"Ly6c2///Ly6c1",-0.141,0.031,0.175
"C4bp",-0.402,0.031,0.175
"Rpl37a",0.184,0.031,0.175
"Incenp",0.164,0.0311,0.175
"Sorl1",0.224,0.0311,0.175
"1500002F19Rik",0.161,0.0311,0.175
"Foxp2",0.2,0.0311,0.175
"Gm5963///Rps21",-0.211,0.0311,0.175
"D8Wsu26e",0.197,0.0312,0.175
"AY074887",0.191,0.0312,0.175
"D5Ertd102e",0.186,0.0313,0.175
"Gck",0.354,0.0313,0.175
"Flcn",0.202,0.0313,0.175
"Sspn",-0.208,0.0313,0.175
"Itsn1",0.178,0.0313,0.176
"Cacng6",0.146,0.0313,0.176
"Gml///Gml2",0.315,0.0314,0.176
"Adcy4",-0.271,0.0314,0.176
"Asl",-0.399,0.0314,0.176
"G0s2",-0.646,0.0314,0.176
"D7Ertd1e",0.26,0.0314,0.176
"Rgs1",0.194,0.0314,0.176
"Msi1",0.178,0.0315,0.176
"Gm21992///Rbm4",0.17,0.0315,0.176
"Lamtor5",-0.155,0.0315,0.176
"Fam83g",0.173,0.0315,0.176
"Pspc1",-0.345,0.0316,0.176
"B230118H07Rik",-0.305,0.0316,0.176
"Dbt",-0.216,0.0316,0.176
"Slc30a5",-0.171,0.0316,0.176
"Spta1",0.18,0.0316,0.176
"Hltf",0.146,0.0316,0.176
"Abcc5",0.179,0.0316,0.176
"Prkcd",0.299,0.0317,0.176
"Nr3c1",0.165,0.0317,0.176
"Ankrd26",0.186,0.0317,0.176
"Cd53",-0.294,0.0317,0.176
"Rbm47",-0.159,0.0317,0.176
"4930427A07Rik",0.196,0.0317,0.176
"Safb",0.233,0.0317,0.176
"Arl14ep",-0.182,0.0317,0.176
"Atoh8",0.253,0.0317,0.176
"Arl6ip4",0.185,0.0317,0.177
"Pdcd7",0.188,0.0318,0.177
"Gtf3c1",0.17,0.0318,0.177
"Sptssa",-0.237,0.0318,0.177
"Oas1e///Oas1d",0.211,0.0319,0.177
"Caprin2",0.165,0.0319,0.177
"Spen",0.161,0.0319,0.177
"Fbxo32",0.159,0.0319,0.177
"Hba-x",0.191,0.0319,0.177
"Zdhhc3",-0.237,0.0319,0.177
"Tsen34",0.169,0.032,0.177
"Wdr1",-0.285,0.032,0.177
"Abtb1",0.194,0.032,0.177
"Stab1",-0.19,0.032,0.177
"Stc2",0.195,0.032,0.177
"Col4a1",-0.197,0.0321,0.177
"Gpd1",-0.191,0.0321,0.177
"Sik1",0.195,0.0321,0.177
"Gm38417///H2-Q2///H2-L///H2-D1",0.191,0.0321,0.177
"Arid5b",0.169,0.0321,0.177
"Ndufs5",-0.196,0.0321,0.177
"Hoxc9",0.134,0.0321,0.177
"Endou",0.185,0.0322,0.178
"Itgb3bp",-0.147,0.0322,0.178
"Zbtb48",0.174,0.0322,0.178
"Atp11c",0.287,0.0322,0.178
"Mtfr1l",-0.18,0.0322,0.178
"Tpcn1",-0.19,0.0323,0.178
"Tmem33",-0.192,0.0323,0.178
"Coro6",0.205,0.0323,0.178
"Asrgl1",-0.187,0.0323,0.178
"Ndufs4",-0.207,0.0323,0.178
"Col15a1",-0.151,0.0323,0.178
"Npn2",0.21,0.0324,0.178
"Prrc2a",0.179,0.0324,0.178
"Tnfaip2",-0.348,0.0324,0.178
"Tmem191c",0.337,0.0324,0.178
"Vrk1",0.187,0.0324,0.178
"Pcdhb6",0.253,0.0325,0.178
"Pisd-ps1///Pisd-ps3",0.237,0.0325,0.178
"Mto1",0.174,0.0325,0.178
"Mrps33",-0.196,0.0325,0.178
"Spib",0.216,0.0325,0.179
"Rwdd3",0.161,0.0325,0.179
"Adipor2",-0.147,0.0326,0.179
"Gli2",0.17,0.0326,0.179
"Tbl1xr1",-0.22,0.0326,0.179
"Saa2",-1.46,0.0326,0.179
"Angptl2",-0.19,0.0327,0.179
"Ethe1",-0.261,0.0327,0.179
"Ate1",0.17,0.0327,0.179
"Miox",0.184,0.0327,0.179
"Serpinb9g",0.132,0.0327,0.179
"Elp2",0.172,0.0328,0.179
"H2-Q10",-0.237,0.0328,0.179
"Cd82",0.159,0.0328,0.179
"Zfp955b",-0.17,0.0328,0.179
"Srp9",-0.174,0.0328,0.179
"Atf5",-0.285,0.0328,0.179
"Ogfrl1",0.202,0.0328,0.179
"Pes1",-0.165,0.0328,0.179
"Ergic3",0.171,0.0329,0.179
"BC031181",-0.167,0.0329,0.179
"Ppp1r7",-0.181,0.0329,0.179
"Inmt",-0.477,0.0329,0.179
"Dnajb6",-0.134,0.0329,0.179
"Abca2",0.162,0.033,0.179
"Prickle4///Tomm6",-0.19,0.033,0.179
"Pola2",0.179,0.033,0.18
"Gm12264",0.13,0.033,0.18
"Myo1e",0.145,0.033,0.18
"Ppp1r3f",0.216,0.033,0.18
"Cd247",0.169,0.033,0.18
"Msmb",0.189,0.033,0.18
"1700097N02Rik",-0.293,0.0331,0.18
"Srms",0.186,0.0331,0.18
"Klra12",0.15,0.0332,0.18
"Birc2",-0.201,0.0332,0.18
"BC147527",0.138,0.0332,0.18
"Arhgap27",0.177,0.0332,0.18
"Bysl",-0.195,0.0332,0.18
"Zfp931",-0.16,0.0333,0.18
"Pfkfb3",0.219,0.0333,0.18
"Col5a2",-0.168,0.0333,0.18
"Rab30",-0.302,0.0333,0.18
"Rpl27a",0.161,0.0333,0.181
"Slain1",0.205,0.0334,0.181
"Ywhab",0.143,0.0334,0.181
"Tada3",0.146,0.0334,0.181
"Myot",0.196,0.0334,0.181
"Clstn1",-0.284,0.0334,0.181
"Ap3d1",-0.223,0.0334,0.181
"Fads3",0.204,0.0335,0.181
"LOC100862455///LOC100044627///Rpl23",-0.146,0.0335,0.181
"Antxr1",-0.178,0.0335,0.181
"Chrng",0.162,0.0335,0.181
"Dennd6a",0.209,0.0335,0.181
"Anxa2",0.13,0.0335,0.181
"Comtd1",-0.22,0.0336,0.181
"Vdac3",-0.251,0.0336,0.181
"Dusp9",0.136,0.0336,0.181
"Galnt3",0.142,0.0336,0.181
"Gpr31b",0.125,0.0336,0.181
"Ech1",-0.178,0.0337,0.181
"Raf1",0.189,0.0337,0.181
"Ywhag",-0.193,0.0337,0.181
"Fam13b",0.315,0.0337,0.182
"Zfp33b",0.154,0.0337,0.182
"Slc19a1",0.173,0.0337,0.182
"Rpap2",0.173,0.0338,0.182
"Ckmt1",0.304,0.0338,0.182
"Tmem259",0.149,0.0338,0.182
"Pbx3",0.174,0.0339,0.182
"Gmppa",-0.228,0.0339,0.182
"Strbp",0.197,0.0339,0.182
"Rfxank",-0.152,0.0339,0.182
"Ang",0.218,0.0339,0.182
"Mob2",0.185,0.0339,0.182
"Siah1b///Siah1a",-0.229,0.0339,0.182
"Nrbp1",0.15,0.034,0.182
"Tceanc2",0.234,0.034,0.183
"Ttc30b",-0.262,0.034,0.183
"Sin3b",0.214,0.034,0.183
"Tmed8",0.169,0.0341,0.183
"Rps15",-0.126,0.0341,0.183
"Pck2",0.149,0.0342,0.183
"Hoxc5",0.15,0.0342,0.183
"AU016916",0.169,0.0342,0.183
"BC003965",-0.165,0.0342,0.183
"Mmp24",0.175,0.0342,0.183
"6430548M08Rik",0.206,0.0343,0.183
"Mrps18a",-0.161,0.0343,0.183
"Tomm7",-0.143,0.0343,0.183
"Tacr3",0.156,0.0343,0.183
"Pde7a",0.159,0.0344,0.184
"Mapre1",-0.151,0.0344,0.184
"Chm",-0.182,0.0344,0.184
"Gnai1",0.227,0.0344,0.184
"AA408251",0.208,0.0344,0.184
"Larp1",0.128,0.0345,0.184
"Fbp2",0.237,0.0345,0.184
"Mlh1",-0.243,0.0345,0.184
"Opn3",0.152,0.0346,0.184
"Cdc27",0.178,0.0346,0.184
"Defa-rs2",0.188,0.0347,0.185
"Actr6",-0.295,0.0347,0.185
"Heatr1",-0.199,0.0347,0.185
"Yrdc",0.186,0.0348,0.185
"Sept6",0.181,0.0348,0.185
"Tmem184a",-0.176,0.0348,0.185
"Zfhx3",0.209,0.0348,0.185
"2010106E10Rik",0.253,0.0348,0.185
"Clec2h",0.458,0.0348,0.185
"Nanos1",0.284,0.0348,0.185
"Mad2l1",0.212,0.0348,0.185
"Gm6793///Hnrnpa3",0.22,0.0348,0.185
"Gnai3",0.161,0.0348,0.185
"Snx15",0.176,0.0348,0.185
"Elmo3",0.193,0.0349,0.185
"Ctdsp2",-0.175,0.0349,0.185
"Actn1",-0.141,0.0349,0.185
"Wnt5b",-0.178,0.0349,0.185
"Cyyr1",0.199,0.0349,0.185
"Exosc10",-0.169,0.0349,0.185
"Porcn",0.2,0.0349,0.185
"Cpb2",-0.397,0.035,0.185
"Kcnh3",0.2,0.035,0.185
"Pcsk2",0.165,0.035,0.185
"Sectm1b",-0.29,0.035,0.185
"Gatad1",0.172,0.035,0.185
"Acaa1b///Acaa1a",-0.26,0.035,0.185
"Ndufaf1",-0.19,0.0351,0.185
"Ltn1",-0.166,0.0351,0.185
"Rab6b",0.146,0.0352,0.186
"Eva1a",0.266,0.0352,0.186
"Map2k7",0.183,0.0353,0.186
"Camk2d",0.472,0.0353,0.186
"Gm4887///Twf1",-0.177,0.0353,0.186
"Rab11a",-0.162,0.0353,0.186
"LOC102642137///Rps13-ps4///Rps13",-0.163,0.0353,0.186
"Thbs2",-0.176,0.0353,0.186
"Isca1",-0.158,0.0354,0.186
"Impa2",0.207,0.0354,0.186
"Sort1",0.214,0.0354,0.186
"AA589418",0.126,0.0354,0.186
"Klhl26",0.139,0.0355,0.186
"Ctps",-0.231,0.0355,0.186
"Adarb1",0.184,0.0355,0.187
"Plekha5",0.179,0.0355,0.187
"1810043G02Rik",0.189,0.0356,0.187
"Fcho1",0.131,0.0356,0.187
"Myl3",0.17,0.0356,0.187
"Dstyk",0.195,0.0356,0.187
"4930483J18Rik",0.229,0.0357,0.187
"Fabp1",0.362,0.0357,0.187
"6330416G13Rik",-0.184,0.0358,0.187
"Aup1",0.186,0.0358,0.187
"Eif3j2///Eif3j1",-0.212,0.0358,0.187
"Epha6",-0.162,0.0358,0.188
"Pitx3",0.188,0.0358,0.188
"Cda",-0.24,0.0359,0.188
"Rapgef4",-0.252,0.0359,0.188
"Rps10",-0.133,0.0359,0.188
"Cdkl2",-0.195,0.0359,0.188
"Tanc1",-0.214,0.0359,0.188
"Mepce",0.186,0.0359,0.188
"Mphosph9",0.21,0.036,0.188
"Nid1",-0.215,0.036,0.188
"Ly6g6c",0.171,0.036,0.188
"C1qb",-0.32,0.0361,0.188
"Barx1",0.17,0.0362,0.189
"Efemp2",0.185,0.0362,0.189
"Lst1",0.202,0.0362,0.189
"Umps",-0.164,0.0362,0.189
"Fancg",0.169,0.0362,0.189
"Sept7",-0.252,0.0362,0.189
"Hk1",0.148,0.0362,0.189
"Prm1",0.2,0.0362,0.189
"Psmc3ip",0.148,0.0362,0.189
"Eef1e1",-0.205,0.0363,0.189
"Lynx1",0.169,0.0363,0.189
"Ugt1a1///Ugt1a6b///Ugt1a9///Ugt1a5///Ugt1a7c///Ugt1a10///Ugt1a6a///Ugt1a2",-0.239,0.0363,0.189
"Nudt21",-0.24,0.0363,0.189
"LOC102641046///H2-T-ps///H2-T23",-0.198,0.0363,0.189
"Rpl38",-0.123,0.0364,0.189
"Zfp131",0.258,0.0364,0.189
"Fam167b",0.195,0.0364,0.189
"Jak2",-0.256,0.0364,0.189
"Hagh",0.193,0.0365,0.189
"Pop7",-0.17,0.0365,0.189
"Figla",0.218,0.0366,0.19
"Il1b",0.161,0.0366,0.19
"Ccsap",0.175,0.0366,0.19
"Bmf",0.177,0.0367,0.19
"4930507D05Rik",0.15,0.0367,0.19
"Coro1a",0.212,0.0367,0.19
"Gabbr1",-0.157,0.0368,0.19
"Rtn2",0.211,0.0368,0.19
"Myh7///Myh6",0.144,0.0368,0.19
"LOC665506",0.166,0.0368,0.19
"Skp2",0.176,0.0369,0.191
"Uso1",-0.187,0.0369,0.191
"Snap29",-0.19,0.0369,0.191
"Cbx4",-0.264,0.0369,0.191
"Fam21",-0.156,0.0369,0.191
"Dap",-0.143,0.0369,0.191
"1190005I06Rik",0.243,0.0369,0.191
"Ell",-0.188,0.037,0.191
"Ncapd2",0.227,0.037,0.191
"Adsl",-0.184,0.037,0.191
"Slc10a6",-0.134,0.0371,0.191
"Cul2",-0.248,0.0371,0.191
"Itpr1",-0.257,0.0371,0.191
"Aph1a",0.183,0.0371,0.191
"Kng1",-0.18,0.0372,0.191
"Il16",0.161,0.0372,0.191
"Crxos",0.147,0.0373,0.192
"Gm17509",0.145,0.0373,0.192
"Adgrd1",0.198,0.0373,0.192
"Sec23a",-0.236,0.0373,0.192
"Tet1",0.174,0.0373,0.192
"Grtp1",0.172,0.0373,0.192
"Cdkal1",0.155,0.0373,0.192
"Prrx2",0.164,0.0374,0.192
"Pum1",-0.163,0.0374,0.192
"Fbxw14",0.177,0.0375,0.193
"Kpna4",-0.259,0.0375,0.193
"Cand1",-0.134,0.0376,0.193
"Tbc1d22a",0.157,0.0377,0.193
"Adra1b",0.19,0.0377,0.193
"Pno1",-0.242,0.0378,0.194
"Tmem71",-0.201,0.0378,0.194
"Syap1",-0.137,0.0379,0.194
"Lysmd3",0.233,0.0379,0.194
"Atp8a2",0.137,0.0379,0.194
"Abca4",0.153,0.038,0.194
"Myo19",0.155,0.038,0.194
"Gpr155",-0.263,0.038,0.194
"Mir675///H19",0.199,0.038,0.194
"Vash2",0.171,0.0381,0.194
"Nr1h4",-0.21,0.0381,0.194
"Capza1",-0.177,0.0381,0.194
"Hscb",-0.203,0.0381,0.194
"Nop56",-0.129,0.0381,0.195
"Khdc1b",0.209,0.0382,0.195
"Cdh16",0.182,0.0382,0.195
"Pitpnb",0.171,0.0382,0.195
"Angel2",-0.195,0.0382,0.195
"Fgf5",0.144,0.0383,0.195
"Wfdc5",0.142,0.0383,0.195
"Lactb",-0.269,0.0383,0.195
"Slc2a3",0.159,0.0383,0.195
"Syngr3",0.156,0.0384,0.196
"Dclre1b",0.166,0.0384,0.196
"Fam107b",-0.211,0.0385,0.196
"Anapc2",-0.177,0.0385,0.196
"Fmn2",-0.444,0.0385,0.196
"Boll",0.137,0.0385,0.196
"Gria2",-0.151,0.0386,0.196
"Gabrb2",-0.18,0.0386,0.196
"Fasl",0.197,0.0386,0.196
"Map3k5",0.225,0.0386,0.196
"Glipr2",0.188,0.0386,0.196
"Moxd1",0.777,0.0387,0.196
"Zw10",0.146,0.0387,0.196
"Pdzk1ip1",0.17,0.0387,0.196
"Abcc9",-0.151,0.0387,0.196
"Aqp7",-0.222,0.0387,0.196
"Abhd18",-0.232,0.0388,0.196
"Frmd6",0.184,0.0388,0.196
"1810009N02Rik",0.14,0.0388,0.196
"Zbed3",0.172,0.0388,0.196
"Lias",-0.17,0.0388,0.196
"R3hcc1",-0.184,0.0388,0.196
"Ercc8",0.277,0.0388,0.196
"Nupl1",-0.439,0.0388,0.196
"Mphosph8",-0.188,0.0389,0.196
"Exosc7",-0.16,0.0389,0.196
"Arhgef18",0.192,0.0389,0.197
"Cyp3a25",-0.169,0.039,0.197
"Cacna2d1",0.165,0.039,0.197
"Nkx1-2",0.268,0.039,0.197
"Apeh",0.15,0.039,0.197
"Psmd11",0.161,0.039,0.197
"Zfp944",0.128,0.0391,0.197
"Clta",-0.13,0.0391,0.197
"Lpp",-0.232,0.0391,0.197
"Pum3",-0.136,0.0391,0.197
"Mtfr1",-0.34,0.0392,0.197
"Srpk2",-0.189,0.0392,0.197
"Cic",0.16,0.0392,0.197
"Faf1",0.142,0.0392,0.197
"Rpl35",-0.192,0.0392,0.197
"Tef",0.268,0.0393,0.197
"Gas8",0.156,0.0393,0.198
"Rps6-ps4///Rps6",0.215,0.0394,0.198
"Zbtb1",0.131,0.0394,0.198
"Prdx6",-0.206,0.0394,0.198
"Jak3///Insl3",0.15,0.0395,0.198
"Ccl20",0.153,0.0395,0.198
"Epha3",-0.157,0.0395,0.198
"Acadvl",0.148,0.0396,0.199
"Cyb5rl",0.267,0.0396,0.199
"Trim27",0.127,0.0396,0.199
"Fam220a",0.196,0.0396,0.199
"Slc22a7",0.378,0.0396,0.199
"Serf1",0.155,0.0397,0.199
"Chmp1a",-0.134,0.0397,0.199
"Sln",-0.144,0.0398,0.199
"Egr4",0.167,0.0398,0.199
"Pom121",0.195,0.0398,0.199
"Ubxn10",-0.274,0.0398,0.199
"Lrrc18",0.127,0.0399,0.199
"Diaph1",0.173,0.04,0.2
"Plekhg5",0.156,0.04,0.2
"Ccdc107",0.192,0.04,0.2
"Kcnmb2",0.179,0.04,0.2
"Ppic",-0.187,0.0401,0.2
"Cdk2ap2",0.22,0.0401,0.2
"Srgap3",0.133,0.0401,0.2
"Fmod",0.162,0.0401,0.2
"Map3k11",0.249,0.0401,0.2
"Ephx1",-0.201,0.0401,0.2
"Cyfip1",-0.23,0.0401,0.2
"Ppp2cb",0.194,0.0401,0.2
"Srm",-0.234,0.0401,0.2
"Dbf4",0.207,0.0402,0.2
"Asna1",-0.15,0.0403,0.2
"LOC102640359",0.167,0.0403,0.2
"Ets1",-0.306,0.0403,0.2
"Mapk8",0.223,0.0403,0.2
"Fhl3",0.184,0.0404,0.201
"Ubxn4",-0.291,0.0404,0.201
"Pcp4l1",0.205,0.0404,0.201
"Eaf2",0.182,0.0404,0.201
"Il1rn",-0.186,0.0405,0.201
"Krt19",0.314,0.0406,0.201
"Vat1",0.206,0.0406,0.201
"Ccdc88c",0.176,0.0406,0.201
"Atg7",-0.194,0.0406,0.201
"Dnajc2",0.14,0.0407,0.202
"Atxn7l1",0.125,0.0407,0.202
"Cdh17",-0.261,0.0407,0.202
"Trf///Srprb",0.158,0.0407,0.202
"Wdr61",-0.194,0.0408,0.202
"Pacrg",-0.195,0.0408,0.202
"Tbc1d13",0.152,0.0408,0.202
"Rab22a",0.165,0.0409,0.202
"Elf1",0.213,0.0409,0.202
"Zfp959",0.142,0.0409,0.202
"Slc5a2",0.14,0.0409,0.202
"Gria1",0.192,0.0409,0.202
"Fbxw4",-0.171,0.0409,0.202
"Flnc",0.189,0.0409,0.202
"Rnf13",-0.201,0.041,0.202
"Dctn6",-0.307,0.041,0.202
"Fam120b",0.22,0.041,0.202
"Krt5",0.196,0.0411,0.202
"Sertad3",0.179,0.0411,0.203
"Eef2kmt",0.125,0.0411,0.203
"Gpr108",0.132,0.0411,0.203
"Fbf1",0.214,0.0411,0.203
"Ebf1",0.125,0.0412,0.203
"Nsa2",-0.143,0.0412,0.203
"Usp17ld///Usp17lc",-0.188,0.0412,0.203
"Lamc3",0.186,0.0412,0.203
"Nolc1",-0.242,0.0412,0.203
"Odf2",0.193,0.0413,0.203
"Strn",0.198,0.0413,0.203
"Thoc3",-0.155,0.0414,0.203
"Fbxw2",0.228,0.0414,0.203
"Rps28",-0.137,0.0414,0.203
"Sntb1",-0.117,0.0414,0.203
"Aldoart2",0.166,0.0414,0.203
"Zfp444",0.178,0.0414,0.203
"Atcay",0.184,0.0415,0.203
"Ncoa1",0.254,0.0415,0.203
"C030018P15Rik",0.206,0.0416,0.204
"Psph",0.17,0.0416,0.204
"Armcx4",-0.238,0.0416,0.204
"Brox",-0.167,0.0417,0.204
"Zfand6",0.133,0.0417,0.204
"Degs2",0.264,0.0417,0.204
"Mfsd5",0.173,0.0417,0.204
"Slc41a2",0.401,0.0417,0.204
"Sec61a2",0.206,0.0417,0.204
"Tmem30a",-0.209,0.0418,0.204
"Xcl1",0.18,0.0418,0.204
"AA545190",0.175,0.0418,0.204
"Cnn1",0.179,0.0418,0.204
"Luc7l",0.21,0.0419,0.204
"Bbs2",0.127,0.0419,0.204
"Gnaq",0.194,0.0419,0.205
"Naa15",-0.178,0.0419,0.205
"Oxct1",-0.123,0.0419,0.205
"Gm8539///Zbtb8os",-0.143,0.0419,0.205
"Txndc9",-0.143,0.0419,0.205
"Unc45a",0.16,0.042,0.205
"Gm2036///1810037I17Rik",0.144,0.0421,0.205
"Anapc15",-0.174,0.0421,0.205
"Clec4n",-0.159,0.0421,0.205
"Zc3h10",0.23,0.0421,0.205
"Klhl25",-0.163,0.0421,0.205
"Cp",0.187,0.0421,0.205
"Tnfsfm13///Tnfsf12",-0.16,0.0422,0.205
"Tep1",0.212,0.0422,0.205
"Macrod1",0.201,0.0422,0.205
"Agr2",0.154,0.0423,0.206
"Ogt",0.151,0.0423,0.206
"Brd8",-0.175,0.0423,0.206
"Sardh",-0.234,0.0424,0.206
"Mb",0.339,0.0424,0.206
"Tcf4",0.16,0.0424,0.206
"Mmp16",0.134,0.0424,0.206
"Ptafr",0.217,0.0427,0.207
"Adora2b",0.21,0.0427,0.207
"Poc5",0.233,0.0427,0.207
"Shmt1",0.267,0.0428,0.207
"Uba52",-0.134,0.0428,0.207
"Myh7",0.146,0.0428,0.207
"Timeless",0.252,0.0428,0.208
"Wipi1",-0.271,0.0429,0.208
"Dio1",-0.351,0.0429,0.208
"Rab3c",-0.137,0.0429,0.208
"Osbpl9",0.205,0.043,0.208
"Des",0.147,0.043,0.208
"Il13ra1",-0.209,0.043,0.208
"Atg13",0.137,0.043,0.208
"Tpr",-0.135,0.043,0.208
"Pts",-0.15,0.0431,0.208
"Fam134b",-0.407,0.0431,0.208
"Cyp2f2",0.191,0.0432,0.209
"Atxn7l3b",0.189,0.0433,0.209
"Itga5",0.178,0.0433,0.209
"Prkg2",0.192,0.0433,0.209
"Lsm3",-0.242,0.0433,0.209
"Eif3e",-0.222,0.0433,0.209
"Pcgf6",0.202,0.0433,0.209
"Ptrh2",-0.143,0.0433,0.209
"Acad8",-0.211,0.0433,0.209
"Lhx1",0.162,0.0434,0.209
"Igkv6-14",0.206,0.0434,0.209
"Lclat1",-0.149,0.0434,0.209
"S1pr4",0.175,0.0435,0.209
"Aamp",0.15,0.0435,0.209
"Coq3",-0.267,0.0436,0.21
"2310039H08Rik",-0.184,0.0436,0.21
"Gfi1b",0.166,0.0436,0.21
"Tnnc2",0.561,0.0436,0.21
"Slc7a1",0.147,0.0436,0.21
"Wfdc1",0.237,0.0437,0.21
"Car1",0.158,0.0438,0.21
"Hdac2",-0.19,0.0438,0.21
"Pgpep1",-0.15,0.0438,0.21
"S100a9",0.202,0.0438,0.21
"Naaa",0.172,0.0438,0.21
"Fscn3",0.136,0.0438,0.21
"Ntrk3",0.15,0.0439,0.21
"Rad52",-0.171,0.0439,0.21
"Tma16",-0.196,0.0439,0.21
"Ganab",-0.174,0.044,0.21
"Suco",-0.177,0.044,0.211
"Myh4",0.182,0.044,0.211
"Cacna2d3",-0.166,0.0441,0.211
"Armc6",0.199,0.0441,0.211
"Klc1",0.149,0.0441,0.211
"Dnmt3a",0.125,0.0441,0.211
"Tceb3",0.175,0.0441,0.211
"Tubb2a-ps2",0.128,0.0441,0.211
"Trp53",-0.242,0.0442,0.211
"Med28",-0.174,0.0442,0.211
"Hist1h2bg///Hist1h2be///Hist1h2bc",-0.207,0.0443,0.211
"Hnrnpf",-0.26,0.0443,0.211
"C5ar1",-0.218,0.0443,0.211
"Fzd8",-0.292,0.0443,0.211
"Ascl3",0.159,0.0444,0.211
"Taf4",0.183,0.0444,0.211
"Srd5a3",0.17,0.0444,0.211
"Dmgdh",-0.34,0.0444,0.211
"Pcdhb19",0.174,0.0445,0.212
"Flt3",0.122,0.0445,0.212
"Erf",0.179,0.0445,0.212
"Pde8a",0.207,0.0446,0.212
"Rbm15",0.224,0.0446,0.212
"Itga2b",0.195,0.0446,0.212
"Lmbr1",0.174,0.0446,0.212
"Ttc39b",-0.176,0.0446,0.212
"Mzf1",0.144,0.0446,0.212
"Ercc5",0.136,0.0447,0.212
"Slu7",0.216,0.0447,0.212
"Cldn34c1",0.124,0.0447,0.212
"Dtd1",-0.178,0.0448,0.212
"Sel1l2",0.178,0.0448,0.212
"Gas6",-0.205,0.0448,0.212
"Ift88",0.182,0.0449,0.212
"Slc16a8",0.155,0.0449,0.212
"Trnt1",-0.154,0.0449,0.212
"Col4a3bp",-0.12,0.0449,0.213
"Arl3",0.245,0.045,0.213
"Zfand5",0.233,0.045,0.213
"Irx1",0.14,0.045,0.213
"Qprt",-0.244,0.0451,0.213
"Bpgm",0.186,0.0451,0.213
"Rps5",-0.14,0.0451,0.213
"Gif",0.145,0.0451,0.213
"Blk",-0.175,0.0451,0.213
"BC017158",-0.156,0.0452,0.213
"Trmt2a",0.129,0.0452,0.213
"Card19",0.188,0.0452,0.213
"Gh",0.257,0.0452,0.213
"Ptpn14",0.181,0.0452,0.213
"Stambp",0.154,0.0453,0.214
"Vmn1r58",0.147,0.0453,0.214
"Wrnip1",0.136,0.0453,0.214
"Txndc11",-0.209,0.0454,0.214
"Crkl",0.154,0.0454,0.214
"Ophn1",-0.191,0.0455,0.214
"Dapk1",-0.186,0.0455,0.214
"2310057N15Rik",0.168,0.0456,0.214
"Cox8c",0.147,0.0456,0.214
"Dnase2b",-0.236,0.0456,0.215
"Cpsf4l",-0.171,0.0457,0.215
"Rpl7l1",-0.187,0.0457,0.215
"Hip1r",0.147,0.0457,0.215
"Ppp1r3f///Ccdc22",0.207,0.0457,0.215
"F7",0.18,0.0457,0.215
"Hars2",0.239,0.0458,0.215
"Rrp1b",-0.189,0.0458,0.215
"Carf",0.156,0.0458,0.215
"Mdm2",0.155,0.0458,0.215
"Gm2663///1810009J06Rik",0.175,0.0458,0.215
"Cyp2g1",-0.207,0.0458,0.215
"Aldh16a1",0.156,0.0458,0.215
"Loxl4",0.158,0.0459,0.215
"Gpr88",0.171,0.0459,0.215
"Sncg",0.138,0.0459,0.215
"Utp18",-0.198,0.046,0.215
"Irak4",-0.174,0.046,0.215
"Ttl",0.174,0.0461,0.215
"LOC102643207///Mrpl48",0.204,0.0461,0.215
"Zgpat///Lime1",0.143,0.0462,0.216
"Gnao1",0.216,0.0462,0.216
"Stx6",-0.178,0.0462,0.216
"Cdkn2c",-0.182,0.0462,0.216
"C77144",0.157,0.0463,0.216
"Mib2",0.145,0.0463,0.216
"Tmem158",0.208,0.0463,0.216
"Cct4",-0.218,0.0464,0.216
"Mus81",0.17,0.0465,0.217
"Rprd1b",0.145,0.0465,0.217
"Vprbp",0.145,0.0465,0.217
"Sema4g",-0.162,0.0465,0.217
"Taf7",0.165,0.0466,0.217
"Vapa",-0.244,0.0466,0.217
"Got2",-0.193,0.0466,0.217
"Wnk4",0.182,0.0467,0.217
"Mylk",-0.272,0.0467,0.217
"Acp6",0.166,0.0467,0.217
"Extl2",0.122,0.0467,0.217
"Taar1",-0.212,0.0467,0.217
"Mpp5",0.227,0.0467,0.217
"St6galnac4",0.164,0.0468,0.217
"Marc2",-0.139,0.0468,0.217
"Simc1",0.203,0.0468,0.217
"Eln",0.14,0.0468,0.217
"Tomm22",-0.202,0.0468,0.217
"Pigc",0.2,0.0469,0.217
"Bms1",0.205,0.0469,0.218
"Pygb",0.212,0.047,0.218
"Tm6sf2",-0.247,0.047,0.218
"Ndufa8",-0.162,0.047,0.218
"Notum",0.247,0.047,0.218
"Agfg2",0.186,0.047,0.218
"Usp1",-0.156,0.0471,0.218
"Tmco1",-0.182,0.0471,0.218
"Rem2",0.17,0.0471,0.218
"Abhd6",0.268,0.0472,0.218
"Pkm",0.216,0.0473,0.219
"Igk",0.186,0.0473,0.219
"Phf19",0.157,0.0473,0.219
"Serinc3",-0.455,0.0473,0.219
"D6Wsu163e",-0.168,0.0473,0.219
"Exoc4",-0.172,0.0474,0.219
"Mkks",0.199,0.0474,0.219
"Nup62",0.222,0.0475,0.219
"Psg18",0.128,0.0475,0.219
"Tusc3",-0.171,0.0475,0.219
"Maff",0.33,0.0475,0.219
"Fbxo17",0.182,0.0475,0.219
"Pik3c2a",-0.248,0.0475,0.219
"LOC102643054",0.189,0.0475,0.219
"C77137",0.154,0.0475,0.219
"Lrrc4",0.137,0.0475,0.219
"Ncoa4",-0.224,0.0476,0.219
"Rps4l",-0.261,0.0476,0.219
"Acbd3",0.143,0.0477,0.219
"Rasgrp1",0.194,0.0477,0.219
"Derl2",0.201,0.0477,0.22
"Rccd1",0.18,0.0477,0.22
"Cdc37l1",0.19,0.0478,0.22
"Tardbp",0.225,0.0478,0.22
"Atp1b3",0.206,0.0479,0.22
"Spesp1",0.174,0.0479,0.22
"Ggps1",0.153,0.0479,0.22
"Il9",0.158,0.0479,0.22
"Lcat",0.201,0.0479,0.22
"Gsr",0.127,0.0479,0.22
"Ube2f",-0.181,0.048,0.22
"Mllt10",0.206,0.048,0.22
"Ldhb",0.139,0.048,0.22
"Mrpl51",-0.162,0.0481,0.22
"Hes5",0.133,0.0481,0.22
"Mmp8",0.145,0.0481,0.22
"Slc52a3",0.195,0.0481,0.22
"Arf3",-0.127,0.0481,0.22
"Ocel1",0.168,0.0481,0.221
"Ppp2r3c",-0.173,0.0483,0.221
"Pigs",-0.187,0.0483,0.221
"Igsf5",0.202,0.0483,0.221
"Otulin",0.179,0.0483,0.221
"U2surp",-0.21,0.0483,0.221
"Gli3",0.214,0.0484,0.221
"Gprin1",0.147,0.0484,0.221
"Ap1s2",0.154,0.0484,0.221
"Usb1",0.207,0.0485,0.221
"Krt82",0.129,0.0485,0.221
"Stk16",0.181,0.0485,0.221
"Nell2",0.18,0.0485,0.222
"Zcchc6",0.16,0.0486,0.222
"Prr14",0.196,0.0486,0.222
"Nln",-0.325,0.0486,0.222
"Gnl3",-0.127,0.0486,0.222
"Ppp6r2",0.138,0.0486,0.222
"Erv3",0.164,0.0486,0.222
"Shkbp1",0.176,0.0486,0.222
"Mov10",0.192,0.0487,0.222
"Zmpste24",-0.149,0.0487,0.222
"Tjp2",-0.141,0.0487,0.222
"Tsks",0.313,0.0488,0.222
"Clec4a2",0.275,0.049,0.223
"Slamf1",0.127,0.049,0.223
"Acer2",0.149,0.0491,0.223
"LOC102642233///Gm10913///Gm12508///Gm8210///Gm13213///Gm11449///Rpl29",-0.134,0.0491,0.223
"Alpl",-0.194,0.0492,0.223
"Topbp1",0.236,0.0492,0.223
"Sys1",0.15,0.0492,0.223
"Ifna1",0.26,0.0492,0.223
"Lars",-0.23,0.0493,0.223
"Arhgef25",0.238,0.0493,0.223
"Il11",0.134,0.0493,0.223
"Clec1b",-0.25,0.0493,0.223
"Mapk8ip1",0.164,0.0493,0.223
"Gpx3",-0.27,0.0493,0.224
"Hbs1l",0.193,0.0493,0.224
"Tasp1",-0.176,0.0494,0.224
"Csn1s2a",0.144,0.0494,0.224
"Fxyd4",0.154,0.0495,0.224
"Gemin8",0.142,0.0496,0.224
"Nmu",0.169,0.0496,0.224
"Hpx",-0.179,0.0496,0.224
"Tmem5",0.237,0.0496,0.224
"Thop1",0.178,0.0496,0.224
"Arf6",-0.193,0.0497,0.225
"Ltb4r2",0.175,0.0497,0.225
"Pcdhac2///Pcdhac1///Pcdha2///Pcdha12///Pcdha9///Pcdha1///Pcdha10///Pcdha11///Pcdha4",0.147,0.0497,0.225
"Golga3",0.176,0.0497,0.225
"Thoc6",0.222,0.0498,0.225
"Parp6",0.144,0.0499,0.225
"Crat",-0.211,0.0499,0.225
"Crebzf",0.157,0.0499,0.225
"Hoxb6",-0.141,0.0499,0.225
"Wwox",-0.181,0.05,0.225
"Rab43",0.164,0.05,0.225
"Tmbim6",0.138,0.05,0.225
"Art2a-ps",0.121,0.05,0.225
"Hdhd3",-0.202,0.0501,0.226
"Atp5e",-0.152,0.0501,0.226
"4930421J07Rik",0.153,0.0502,0.226
"Ddx21",-0.151,0.0503,0.226
"Kptn",0.155,0.0503,0.226
"Dlg4",0.181,0.0503,0.226
"Dnajb13",-0.15,0.0503,0.226
"Mettl21a",-0.169,0.0503,0.226
"Ythdf3",0.163,0.0504,0.226
"Mob4",-0.138,0.0504,0.226
"Mccc2",-0.168,0.0504,0.226
"Arntl",0.227,0.0505,0.227
"Hdac1",-0.261,0.0505,0.227
"Tnk1",0.144,0.0506,0.227
"Sord",0.259,0.0506,0.227
"Ap2b1",-0.177,0.0507,0.227
"Hs1bp3",0.181,0.0507,0.227
"Gm5593///Ccnb1",-0.2,0.0507,0.227
"H2afj",0.235,0.0508,0.228
"Col19a1",0.177,0.0508,0.228
"Fanci",0.144,0.0508,0.228
"Ppp1r14a",0.136,0.0509,0.228
"Pon2",0.149,0.051,0.228
"Pi4k2a",0.152,0.051,0.228
"Itga4",0.164,0.051,0.228
"Zrsr1",0.286,0.051,0.228
"Akap8",0.215,0.051,0.228
"A530016L24Rik",0.167,0.051,0.228
"Ttc4",-0.186,0.051,0.228
"4930430A15Rik",0.134,0.051,0.228
"Polrmt",0.121,0.051,0.228
"Nop14",-0.141,0.0511,0.228
"Phf3",0.201,0.0511,0.228
"Pbx2",0.15,0.0511,0.228
"Timm23",-0.16,0.0512,0.228
"Inpp4a",0.23,0.0512,0.229
"Pex12",-0.233,0.0513,0.229
"Wdr62",0.175,0.0513,0.229
"H2afy3",0.134,0.0513,0.229
"Wasl",0.19,0.0513,0.229
"Col1a1",-0.223,0.0514,0.229
"Ppp2r2a",0.134,0.0514,0.229
"C330027C09Rik",0.174,0.0514,0.229
"Idh1",-0.213,0.0515,0.229
"Sigirr",0.179,0.0515,0.229
"Zfp865",0.192,0.0515,0.229
"Ssb",-0.187,0.0515,0.229
"Rab34",-0.186,0.0515,0.229
"Becn1",-0.4,0.0517,0.23
"Ear12///Ear3///Ear2///Ear1",-0.166,0.0518,0.23
"Svs3a",0.167,0.0518,0.23
"Adra1a",0.179,0.0518,0.23
"Arl6ip1",-0.116,0.0519,0.231
"Ap3m2",0.15,0.052,0.231
"Pcsk5",0.13,0.0521,0.231
"4833422M21Rik",0.16,0.0521,0.231
"Prpf38a",-0.165,0.0521,0.231
"Lipt2",-0.205,0.0521,0.231
"Mpc2",0.165,0.0521,0.231
"2010111I01Rik",0.15,0.0522,0.231
"Foxo1",-0.19,0.0522,0.231
"Bcat2",-0.271,0.0523,0.232
"Cryga",0.124,0.0523,0.232
"Afg3l1",0.211,0.0523,0.232
"Ahcyl1",-0.225,0.0523,0.232
"Postn",-0.223,0.0525,0.232
"Slirp",-0.204,0.0525,0.232
"Gm6238///Mrpl30",-0.146,0.0525,0.232
"Scamp1",-0.183,0.0525,0.232
"Mecom",0.138,0.0526,0.233
"Ptger3",0.133,0.0526,0.233
"Slc52a2",0.204,0.0526,0.233
"Tnfrsf13c",0.157,0.0526,0.233
"Atp5j2",-0.157,0.0527,0.233
"Adipoq",0.186,0.0527,0.233
"Rnf187",0.142,0.0527,0.233
"Yipf1",-0.131,0.0527,0.233
"Zfp280d",0.127,0.0528,0.233
"Iyd",-0.195,0.0528,0.233
"Dmtn",0.127,0.0528,0.233
"Zfp423",0.153,0.0528,0.233
"C79329",0.18,0.0528,0.233
"Myo15",0.159,0.0528,0.233
"Tnni2",0.255,0.0528,0.233
"Sat1",-0.208,0.0528,0.233
"Cntrl",0.153,0.0529,0.233
"Ebna1bp2",-0.164,0.0529,0.233
"LOC102631912///Gm2701",0.139,0.0529,0.233
"Eml3",0.202,0.0529,0.233
"Rbm28",0.151,0.0529,0.233
"Gltscr2",0.198,0.0529,0.233
"Adar",0.147,0.053,0.233
"Sdhaf2",-0.141,0.053,0.233
"Csl",0.135,0.053,0.233
"Ddb1",-0.115,0.053,0.233
"Tbc1d14",0.119,0.0531,0.233
"Nol11",0.134,0.0531,0.233
"Ccr9",0.163,0.0531,0.233
"Abcb1a",0.211,0.0532,0.233
"Tas1r3",0.188,0.0532,0.233
"Sox12",0.192,0.0532,0.234
"C77545",0.128,0.0532,0.234
"Lcorl",0.157,0.0533,0.234
"Znfx1",-0.186,0.0533,0.234
"Vdr",0.44,0.0534,0.234
"Raver1",0.184,0.0534,0.234
"Sh3bp2",-0.139,0.0534,0.234
"Usp5",0.138,0.0535,0.234
"Cdc34",-0.136,0.0535,0.234
"Adamts5",0.187,0.0535,0.234
"Dcp1a",0.148,0.0535,0.234
"Rangap1",-0.128,0.0535,0.234
"Prpf6",0.201,0.0536,0.234
"Phf21a",0.175,0.0537,0.235
"Trmt1",0.162,0.0537,0.235
"Pi4ka",0.165,0.0537,0.235
"Rnf14",-0.14,0.0538,0.235
"Dctn1",-0.119,0.0538,0.235
"Uap1l1",-0.186,0.0538,0.235
"Zmynd8",-0.188,0.0538,0.235
"Ptprv",0.145,0.0538,0.235
"Ndufa6",-0.168,0.0538,0.235
"Nop58",-0.192,0.054,0.235
"Socs3",0.325,0.054,0.236
"Usp43",0.179,0.0541,0.236
"Cend1",0.168,0.0541,0.236
"Map3k7",0.118,0.0541,0.236
"St8sia4",0.136,0.0542,0.236
"Pcdh8",0.107,0.0542,0.236
"Lrpap1",0.155,0.0542,0.236
"Ugt8a",0.194,0.0542,0.236
"Pnp2///Pnp",-0.215,0.0542,0.236
"Inhba",0.166,0.0542,0.236
"Eif2d",-0.178,0.0542,0.236
"Osbp",-0.146,0.0542,0.236
"Adtrp",-0.119,0.0543,0.236
"Sptssb",0.16,0.0543,0.236
"Dlg3",0.143,0.0543,0.236
"Zranb2",0.153,0.0543,0.236
"Timd2",-0.257,0.0544,0.236
"Hspa8",0.472,0.0544,0.236
"Ndufb11",0.112,0.0544,0.236
"Plk2",0.153,0.0544,0.236
"Foxd4",0.191,0.0544,0.236
"Fastkd5",0.117,0.0544,0.236
"Itga9",0.131,0.0544,0.236
"Gemin2",0.227,0.0544,0.236
"Ankfy1",-0.217,0.0545,0.236
"Alg9",-0.203,0.0545,0.236
"Vwa1",0.304,0.0546,0.236
"0610007P14Rik",-0.177,0.0546,0.236
"Sfrp5",0.192,0.0546,0.237
"Lrrc23",0.16,0.0547,0.237
"Arl4a",0.235,0.0547,0.237
"Ube2i",-0.2,0.0547,0.237
"E330009J07Rik",0.234,0.0547,0.237
"Klhdc4",0.137,0.0547,0.237
"Mlx",-0.143,0.0547,0.237
"Zfand2a",-0.159,0.0547,0.237
"Dxo",0.149,0.0547,0.237
"Id2",0.191,0.0548,0.237
"Lcor",0.161,0.0548,0.237
"Gm11559///Gm11567///Gm11568///Krtap9-1",0.2,0.0549,0.237
"Eif1a",-0.239,0.0549,0.237
"Medag",0.168,0.0549,0.237
"Zfp960///Zfp97",-0.149,0.0549,0.237
"Fgf14",0.157,0.055,0.237
"Dapk3",0.189,0.055,0.237
"Mybpc3",0.159,0.055,0.237
"Nfxl1",0.186,0.055,0.237
"Xpo5",0.15,0.055,0.237
"Hsf1",0.125,0.055,0.237
"Ndufb9",0.108,0.0551,0.238
"Mbd3",0.261,0.0552,0.238
"Muc5ac",0.208,0.0552,0.238
"Gbas",0.262,0.0552,0.238
"Aldh1a2",0.15,0.0552,0.238
"Noa1",0.162,0.0553,0.238
"Mrps14",-0.151,0.0553,0.238
"Med4",0.172,0.0553,0.238
"Ndufb8",-0.124,0.0553,0.238
"Cox5a",-0.112,0.0553,0.238
"Ttn",0.186,0.0554,0.238
"Itfg2",0.156,0.0554,0.238
"A630038E17Rik",0.213,0.0554,0.238
"Dimt1",0.177,0.0555,0.238
"Agrp",0.179,0.0555,0.238
"Spry1",0.131,0.0555,0.238
"Stmn1",0.169,0.0555,0.238
"Dnpep",0.163,0.0555,0.238
"Sphk2",-0.148,0.0555,0.238
"Zfp474",0.128,0.0555,0.238
"Dvl1",0.136,0.0556,0.239
"Rgs19",0.109,0.0556,0.239
"Fpr3",0.137,0.0557,0.239
"Pradc1",0.133,0.0557,0.239
"Nptn",-0.215,0.0557,0.239
"Polr3e",0.163,0.0557,0.239
"Sgta",-0.164,0.0559,0.239
"Parp3",-0.154,0.0559,0.239
"Hipk1",0.166,0.0559,0.239
"Icos",0.153,0.056,0.239
"Serpinb3b///Serpinb3c",0.12,0.056,0.239
"Terf2ip",0.155,0.056,0.239
"B4galnt1",0.136,0.0561,0.24
"Slc16a1",-0.349,0.0561,0.24
"Prmt2",-0.183,0.0562,0.24
"Ear12///Ear3///Ear2",-0.187,0.0563,0.24
"Cav3",0.205,0.0563,0.24
"Endog",0.199,0.0563,0.24
"Rhot1",-0.16,0.0563,0.24
"Dnajb5",0.141,0.0564,0.241
"Gjc3",0.131,0.0564,0.241
"Mrfap1",-0.172,0.0564,0.241
"Fars2",-0.126,0.0564,0.241
"Atp12a",-0.156,0.0565,0.241
"Ihh",0.35,0.0565,0.241
"Rhoc",0.206,0.0565,0.241
"Il1f5",-0.184,0.0565,0.241
"Adgrl4",0.197,0.0565,0.241
"Slc35a3",0.207,0.0565,0.241
"Ccl24",-0.167,0.0566,0.241
"Ssbp3",-0.153,0.0566,0.241
"Sgol1",0.137,0.0566,0.241
"Lppos",-0.205,0.0567,0.241
"Rad51c",-0.144,0.0567,0.241
"Atp6v1d",-0.182,0.0567,0.241
"Mchr1",0.166,0.0568,0.241
"Slit2",-0.124,0.0568,0.241
"Defb1",-0.364,0.0569,0.242
"Lamtor1",-0.173,0.0569,0.242
"Ccdc12",0.128,0.057,0.242
"Fut7",0.16,0.057,0.242
"Polr2e",-0.161,0.057,0.242
"Rarres2",-0.208,0.057,0.242
"DXBay18///Gm14685///Gm5936///Gm5640///Gm5639",-0.214,0.0571,0.242
"Otub1",0.128,0.0571,0.242
"Gp9",0.159,0.0571,0.242
"Fkbp4",0.259,0.0572,0.242
"Cd80",0.13,0.0572,0.242
"Masp2",-0.286,0.0572,0.242
"Zfp277",0.158,0.0572,0.242
"Pdlim7",0.138,0.0572,0.242
"Cct3",-0.136,0.0572,0.242
"Fam19a5",-0.141,0.0573,0.242
"Pvt1",-0.158,0.0573,0.242
"Psmb9",-0.256,0.0573,0.242
"Fscn1",0.143,0.0573,0.242
"Hbb-y",0.14,0.0574,0.242
"Vps35",-0.225,0.0574,0.242
"Sez6l2",0.185,0.0574,0.243
"Tph1",0.239,0.0574,0.243
"Mnda///Ifi205",-0.176,0.0575,0.243
"Prkrip1",0.21,0.0576,0.243
"Samd10",0.174,0.0576,0.243
"Fgf4",0.144,0.0576,0.243
"Ndrg2",0.173,0.0576,0.243
"Dpysl2",-0.132,0.0576,0.243
"Rgcc",0.15,0.0576,0.243
"Tdh",0.151,0.0577,0.243
"Cdh6",0.187,0.0577,0.243
"Ubxn8",-0.147,0.0577,0.243
"Mlxipl",0.185,0.0578,0.243
"Tmem245",0.136,0.0579,0.244
"Crybb1",0.207,0.058,0.244
"Gcgr",0.146,0.058,0.244
"Traf4",0.12,0.058,0.244
"Slc6a17",0.133,0.058,0.244
"Tbc1d1",-0.179,0.0581,0.244
"Spi16",0.188,0.0581,0.244
"Pnpla6",0.215,0.0582,0.244
"Glp1r",-0.168,0.0584,0.245
"Notch4",0.205,0.0584,0.245
"Npr1",0.18,0.0584,0.245
"B9d1",0.158,0.0585,0.245
"Slc4a10",0.159,0.0586,0.246
"Cdca5",0.239,0.0586,0.246
"Dgkz",0.175,0.0586,0.246
"Pnrc2",-0.239,0.0586,0.246
"Chrnb4",-0.158,0.0586,0.246
"Sox9",0.121,0.0587,0.246
"Gm4724///Gm14308///0610010B08Rik///Gm14434///Gm14430",0.198,0.0587,0.246
"Sdsl",0.253,0.0587,0.246
"Gad1",0.128,0.0589,0.247
"Pacsin2///Kcnb1",-0.23,0.059,0.247
"Lrr1",0.122,0.059,0.247
"Smad1",0.229,0.0592,0.247
"Ptpn21",0.175,0.0592,0.247
"Prph",0.143,0.0592,0.247
"Timm50",-0.173,0.0592,0.247
"Tmem54",0.209,0.0592,0.247
"Usp29",0.172,0.0593,0.248
"9130401M01Rik",-0.198,0.0594,0.248
"Ptpn18",0.179,0.0595,0.248
"1700074P13Rik",0.161,0.0595,0.248
"Pcdhb5",0.176,0.0596,0.248
"Gfra2",0.205,0.0596,0.248
"Apob",0.179,0.0596,0.248
"Fuca1",0.134,0.0597,0.249
"Bag1",0.195,0.0597,0.249
"Adk",-0.206,0.0597,0.249
"Rapgef1",0.199,0.0598,0.249
"Ptpn5",0.142,0.0598,0.249
"Snrpb",0.12,0.0598,0.249
"Gm20605///Sap25///Lrch4",0.153,0.0598,0.249
"BC018473",0.165,0.0598,0.249
"Slc6a4",0.215,0.0598,0.249
"Dlk2",0.149,0.0599,0.249
"Mrpl39",0.147,0.0599,0.249
"Smarcc1",0.22,0.06,0.249
"Egln1",0.119,0.06,0.249
"Mtap",-0.204,0.06,0.249
"Dnal4",0.172,0.06,0.249
"Ddhd1",-0.19,0.06,0.249
"Xylt2",0.18,0.0601,0.249
"Papd4",-0.21,0.0601,0.249
"Polr1e",-0.116,0.0601,0.249
"Mtmr1",-0.178,0.0601,0.249
"Defb13",0.182,0.0603,0.25
"Galc",0.139,0.0603,0.25
"Smarcd3",0.197,0.0603,0.25
"P2rx3",0.176,0.0603,0.25
"Ighv14-2",0.131,0.0604,0.25
"Klrc3",0.139,0.0604,0.25
"C76336",0.132,0.0604,0.25
"Ankrd44",-0.149,0.0605,0.251
"Chst3",0.156,0.0606,0.251
"Cd160",0.138,0.0606,0.251
"Scn8a",0.164,0.0606,0.251
"Tlcd2",-0.289,0.0606,0.251
"Add2",0.172,0.0606,0.251
"Bach1",0.292,0.0606,0.251
"Klf5",0.26,0.0607,0.251
"Gabre",0.151,0.0608,0.251
"Bcl2l1",0.182,0.0608,0.251
"Eif4g1",-0.197,0.0608,0.251
"Lipg",0.126,0.0608,0.251
"Chchd1",-0.139,0.0609,0.251
"Tmppe",-0.137,0.0609,0.251
"Plcb1",0.162,0.061,0.251
"Abl1",-0.185,0.061,0.251
"Camk4",0.135,0.061,0.251
"Olfr151///Olfr160",0.145,0.061,0.251
"Ppp1r11",-0.167,0.0611,0.252
"Agr3",0.188,0.0611,0.252
"Hkdc1",0.183,0.0611,0.252
"Slc12a3",0.128,0.0612,0.252
"Prmt7",-0.146,0.0612,0.252
"Hip1",0.143,0.0612,0.252
"Plbd1",-0.225,0.0612,0.252
"Il24",0.16,0.0613,0.252
"E2f8",0.236,0.0614,0.252
"Mospd1",-0.141,0.0614,0.252
"Ntmt1",0.189,0.0614,0.252
"Prlr",0.154,0.0614,0.252
"Gja1",0.206,0.0615,0.253
"Itgb1bp2",0.228,0.0616,0.253
"Gab2",0.221,0.0616,0.253
"Acsm3",-0.156,0.0617,0.253
"Neu3",0.127,0.0618,0.253
"Nt5c",0.138,0.0618,0.253
"Col8a1",0.141,0.0618,0.253
"Foxj3",0.199,0.0618,0.253
"Bnipl",0.167,0.0618,0.253
"Fstl1",0.16,0.0619,0.254
"Gm35744///Gm4724///Gm14308///0610010B08Rik///Gm14434///Gm14326///Gm14391///Gm14430",-0.15,0.0619,0.254
"Rpp21",0.19,0.0619,0.254
"Prkar1b",0.141,0.0619,0.254
"Ube2s",0.183,0.062,0.254
"Gm8096///Phgdh",-0.199,0.062,0.254
"Zxdc",0.198,0.062,0.254
"Mta1",-0.204,0.062,0.254
"Epc1",0.145,0.062,0.254
"Sp7",0.119,0.062,0.254
"Prom2",0.14,0.0621,0.254
"Snap25",0.129,0.0622,0.254
"Msrb2",-0.167,0.0622,0.254
"S100a3",0.202,0.0622,0.254
"Ssu72",-0.12,0.0622,0.254
"Acot11",-0.17,0.0622,0.254
"Pfkfb2",0.162,0.0623,0.254
"Tnfsf14",0.149,0.0623,0.254
"Camp",0.188,0.0624,0.255
"Kcne2",0.116,0.0624,0.255
"Dzip1",0.14,0.0624,0.255
"Krt77",0.171,0.0624,0.255
"Lrrk1",0.133,0.0625,0.255
"Arid4b",-0.194,0.0625,0.255
"Mrpl9",0.107,0.0625,0.255
"Lats2",0.137,0.0625,0.255
"Slc22a17",0.151,0.0625,0.255
"Sgms1",0.188,0.0626,0.255
"Epn2",-0.146,0.0626,0.255
"Rapgef3",0.168,0.0626,0.255
"Nacc1",0.129,0.0626,0.255
"Akip1",-0.151,0.0626,0.255
"Cyb5b",0.208,0.0627,0.255
"Elovl7",0.156,0.0627,0.255
"Hao1",0.297,0.0627,0.255
"Ppbp",-0.176,0.0627,0.255
"Rabac1",0.153,0.0627,0.255
"Commd5",0.129,0.0627,0.255
"Triap1",-0.148,0.0628,0.255
"Ebf3",0.175,0.0628,0.255
"Pou3f4",0.198,0.0628,0.255
"Rbmx",0.176,0.0629,0.255
"Lpcat1",0.156,0.0629,0.256
"Suv39h1",0.136,0.063,0.256
"Fus",-0.388,0.063,0.256
"Rbm5",0.124,0.0631,0.256
"Cldn19",0.143,0.0632,0.256
"Socs7",0.114,0.0632,0.256
"Pomgnt1",0.154,0.0632,0.256
"Wdr46",0.113,0.0633,0.256
"Hacd4",-0.172,0.0633,0.256
"Itpk1",0.124,0.0633,0.256
"Zfp593",0.127,0.0633,0.256
"Hvcn1",0.165,0.0633,0.256
"Mmp12",-0.124,0.0633,0.256
"Ubxn2b",-0.211,0.0634,0.256
"Atg12",0.161,0.0634,0.256
"Tmem45a",0.152,0.0634,0.256
"Trim30a",-0.306,0.0634,0.256
"AY036118",0.161,0.0634,0.256
"Lrrc61",0.246,0.0634,0.256
"Trmt5",-0.14,0.0635,0.257
"Mtch1",-0.119,0.0635,0.257
"Slc35c2",0.139,0.0635,0.257
"Atp6v1c1",-0.213,0.0636,0.257
"Dok2",0.136,0.0636,0.257
"Nab1",0.218,0.0636,0.257
"Dync1i1",-0.132,0.0636,0.257
"Krt1",0.138,0.0636,0.257
"Mettl1",-0.178,0.0637,0.257
"Scfd1",-0.142,0.0638,0.257
"Exoc6",0.132,0.0638,0.257
"Arpc5",-0.187,0.0638,0.257
"Prpf4b",0.138,0.0638,0.257
"Cpox",0.144,0.0639,0.257
"Acot12",-0.372,0.0639,0.257
"Ppp2r5c",0.118,0.0639,0.257
"Gid4",0.178,0.064,0.257
"Stat5b",0.153,0.064,0.257
"Kcnmb1",0.124,0.064,0.257
"Angpt2",-0.117,0.064,0.258
"Pip4k2b",0.142,0.064,0.258
"Zfp160",0.102,0.0641,0.258
"Cyp51",0.208,0.0641,0.258
"Reep5",-0.196,0.0641,0.258
"Klra18",0.144,0.0642,0.258
"Prpf3",0.22,0.0642,0.258
"Gm12606",0.139,0.0642,0.258
"Mak16",0.178,0.0643,0.258
"Ndufb3",-0.115,0.0643,0.258
"Tagln",0.175,0.0643,0.258
"Slc22a12",0.161,0.0644,0.258
"Dnm1l",-0.162,0.0644,0.258
"Tnp1",0.125,0.0644,0.258
"Fbxo33",0.243,0.0644,0.258
"Rcn3",0.169,0.0644,0.258
"Mtm1",0.291,0.0644,0.258
"Nusap1",0.165,0.0644,0.258
"Fuca2",-0.209,0.0645,0.258
"Ndufa13",-0.11,0.0645,0.258
"Marveld2",-0.16,0.0645,0.258
"Rap1a",-0.128,0.0645,0.258
"Syne1",0.145,0.0646,0.258
"Zc3h3",0.262,0.0646,0.258
"Dbn1",0.14,0.0646,0.258
"Nnt",0.188,0.0646,0.258
"Eif3m",-0.178,0.0647,0.259
"Tnfaip1",-0.211,0.0647,0.259
"Gm20605///Lrch4",0.103,0.0647,0.259
"Gstm4",-0.237,0.0648,0.259
"Fam227b",0.105,0.0648,0.259
"H1f0",0.161,0.0649,0.259
"Zfp292",0.17,0.065,0.259
"Gm15772///Rpl26",-0.154,0.065,0.259
"Clasp1",0.153,0.0651,0.26
"Lama4",0.155,0.0651,0.26
"Slc35f6",-0.148,0.0651,0.26
"Hadhb",-0.128,0.0652,0.26
"Fosl1",0.136,0.0652,0.26
"2810449G22Rik",0.166,0.0653,0.26
"Gnb3",0.142,0.0653,0.26
"Ubxn11",0.137,0.0653,0.26
"Lmod1",0.151,0.0653,0.26
"Gstm7",-0.172,0.0653,0.26
"Adam12",0.151,0.0653,0.26
"Zfp426",0.124,0.0653,0.26
"Eif4h",0.15,0.0654,0.26
"Sbno1",0.195,0.0655,0.26
"Dnajc1",0.163,0.0656,0.261
"Inpp5k",-0.124,0.0656,0.261
"Ndfip2",-0.14,0.0657,0.261
"Fhdc1",0.197,0.0658,0.261
"Spice1",0.132,0.0658,0.261
"Gnl2",-0.152,0.0658,0.261
"Ptpn22",-0.197,0.0659,0.262
"Cdkn1a",0.246,0.0659,0.262
"Cry2",0.201,0.0659,0.262
"Rps6",-0.246,0.066,0.262
"Rasl11b",-0.149,0.066,0.262
"Btf3",-0.363,0.0661,0.262
"E2f4",0.122,0.0661,0.262
"Foxd2",0.135,0.0662,0.262
"Olfr159",0.138,0.0662,0.262
"Tub",0.168,0.0662,0.262
"Zswim6",0.19,0.0662,0.262
"Kcnn4",0.229,0.0662,0.262
"Rbpms",-0.24,0.0663,0.262
"Gpc4",0.125,0.0663,0.262
"Ahsa2",0.245,0.0663,0.262
"Mre11a",-0.136,0.0663,0.262
"Ecsit",0.175,0.0664,0.263
"Tcof1",0.13,0.0664,0.263
"Trmt10a",-0.179,0.0664,0.263
"Zfp703",0.21,0.0664,0.263
"Chchd10",0.117,0.0665,0.263
"Mmp3",0.116,0.0665,0.263
"Gata4",0.165,0.0666,0.263
"Cplx3",0.144,0.0668,0.263
"Irf6",0.337,0.0668,0.263
"2810025M15Rik",0.203,0.0668,0.263
"Ints3",-0.201,0.0668,0.263
"Pcdhb9",0.115,0.0669,0.263
"C1ql1",0.182,0.0669,0.263
"Fut8",-0.254,0.0669,0.263
"2810459M11Rik",0.282,0.0669,0.263
"Tiam1",0.171,0.0669,0.264
"Rnpc3",-0.171,0.067,0.264
"Brip1os",0.191,0.067,0.264
"Fbxo8",-0.196,0.0671,0.264
"Rps3",0.121,0.0672,0.264
"Fdps",-0.708,0.0672,0.264
"Gapdh",-0.102,0.0673,0.264
"Cyp39a1",0.498,0.0673,0.265
"Cyp21a1",0.123,0.0674,0.265
"Acrbp",0.137,0.0674,0.265
"Snrnp70",0.19,0.0674,0.265
"Dnmt3l",0.127,0.0674,0.265
"Nxnl1",0.146,0.0674,0.265
"Ift74",0.143,0.0674,0.265
"Hist1h2ao///Hist1h2ai///Hist1h2ab///Hist1h2ap///Hist1h2an///Hist1h2ah///Hist1h2ag///Hist1h2ae///Hist1h2ad///Hist1h2ac",0.215,0.0675,0.265
"Tcf20",0.139,0.0675,0.265
"Slc31a1",-0.161,0.0676,0.265
"Tnfsf8",0.208,0.0676,0.265
"Sod2",-0.108,0.0676,0.265
"Phxr4",0.186,0.0677,0.265
"Zc3hc1",-0.125,0.0677,0.265
"Armcx2",-0.154,0.0678,0.266
"Qars",0.16,0.0678,0.266
"Cx3cr1",0.169,0.0679,0.266
"S100a14",0.164,0.068,0.266
"Itgb6",-0.13,0.068,0.266
"Arhgdia",0.129,0.068,0.266
"Gtf2ird2",0.169,0.0681,0.266
"Slc9a8",-0.185,0.0681,0.266
"Gm4199///Fam103a1",0.119,0.0682,0.266
"Hmx3",0.143,0.0682,0.266
"S100a8",-0.225,0.0682,0.266
"Xpo6",0.133,0.0682,0.266
"Spon1",0.127,0.0682,0.266
"Rab11b",0.124,0.0682,0.266
"Npvf",0.194,0.0683,0.266
"Tfg",0.128,0.0683,0.266
"Pcyt2",0.163,0.0683,0.266
"Slc7a10",0.151,0.0683,0.266
"Cd163",0.31,0.0683,0.267
"Trappc12",-0.147,0.0684,0.267
"Mut",-0.132,0.0685,0.267
"Slc39a8",0.175,0.0685,0.267
"Glod4",0.127,0.0686,0.267
"Spred1",0.143,0.0686,0.267
"Mgst3",-0.139,0.0687,0.267
"Lbhd1///1810009A15Rik",-0.152,0.0687,0.267
"Etos1",-0.133,0.0687,0.267
"Fgf3",0.163,0.0687,0.267
"Mrpl3",-0.195,0.0688,0.267
"0610009O20Rik",-0.153,0.0688,0.267
"Meox1",0.178,0.0688,0.267
"Homer1",0.129,0.0689,0.268
"Sgtb",0.125,0.0689,0.268
"Cntnap2",0.185,0.0689,0.268
"1700010I14Rik",0.106,0.069,0.268
"Dynlt1a///Dynlt1c///Dynlt1f///Dynlt1b",-0.358,0.069,0.268
"Abcb9",0.129,0.069,0.268
"Nkd2",-0.124,0.0691,0.268
"Rttn",0.118,0.0692,0.268
"Wdfy3",0.133,0.0692,0.268
"Cds2",0.146,0.0693,0.269
"Snx4",-0.133,0.0694,0.269
"Slc46a3",-0.17,0.0694,0.269
"Foxg1",0.117,0.0696,0.27
"Tmem60",-0.224,0.0697,0.27
"Fetub",-0.228,0.0698,0.27
"Slc22a1",-0.118,0.0698,0.27
"Ssxb6///Ssxb11///Ssxb1",0.162,0.0698,0.27
"Tspan9",0.158,0.0698,0.27
"Ankrd17",-0.313,0.0699,0.27
"Sipa1l2",0.236,0.0699,0.271
"Sharpin",0.123,0.0699,0.271
"Samhd1",0.129,0.07,0.271
"Entpd7",0.146,0.07,0.271
"Copg2",-0.171,0.0701,0.271
"Padi3",0.156,0.0701,0.271
"Swap70",-0.139,0.0701,0.271
"Ints12",0.155,0.0701,0.271
"Tmem126a",-0.222,0.0702,0.271
"Icam4",0.199,0.0702,0.271
"Gm10374",0.134,0.0703,0.271
"Slc5a8",0.189,0.0703,0.271
"Psma8",-0.162,0.0703,0.271
"Ubr2",0.136,0.0703,0.271
"Neurl1a",0.152,0.0703,0.271
"Dmtf1",-0.131,0.0703,0.271
"Ece1",0.211,0.0704,0.271
"Klf3",0.114,0.0705,0.272
"Ifit3",-0.299,0.0705,0.272
"Satb1",0.165,0.0706,0.272
"Cspg4",0.128,0.0706,0.272
"Apod",0.124,0.0707,0.272
"Gna11",-0.136,0.0707,0.272
"Trem3",-0.111,0.0707,0.272
"Mocs1",0.224,0.0708,0.272
"AA409749",0.114,0.0709,0.273
"Arhgef2",0.148,0.0709,0.273
"Hcfc1",0.147,0.0709,0.273
"Gpsm1",-0.168,0.0709,0.273
"Tmem161a",0.12,0.071,0.273
"Rab40b",0.133,0.071,0.273
"Qdpr",-0.127,0.071,0.273
"Dsn1",0.196,0.0711,0.273
"Dmxl1",0.155,0.0711,0.273
"Rpn1",0.16,0.0711,0.273
"Lyst",0.191,0.0711,0.273
"Ghr",0.265,0.0711,0.273
"Prss29",-0.149,0.0712,0.273
"Ddx54",0.188,0.0712,0.273
"Coprs",0.235,0.0712,0.273
"Galr1",0.155,0.0712,0.273
"Cep19",0.149,0.0712,0.273
"Gabrr2",-0.134,0.0712,0.273
"E130012A19Rik",0.159,0.0712,0.273
"Asph",0.183,0.0712,0.273
"Ly6a",-0.216,0.0713,0.273
"Ddx47",-0.275,0.0713,0.273
"Cd14",0.155,0.0714,0.273
"Diablo",0.145,0.0715,0.273
"Nelfe",-0.129,0.0715,0.273
"Rps29",-0.115,0.0715,0.273
"Pcdh12",0.158,0.0715,0.273
"Mapk1",0.126,0.0715,0.273
"Pfkp",0.357,0.0715,0.273
"Lipt1",-0.199,0.0716,0.274
"Ulk1",-0.159,0.0716,0.274
"Cdr2l",0.154,0.0717,0.274
"Cnppd1",0.151,0.0717,0.274
"Gpm6a",0.14,0.0718,0.274
"Smyd1",0.129,0.0718,0.274
"Hivep3",0.132,0.0718,0.274
"Lrp5",0.164,0.0718,0.274
"Slfn4",-0.148,0.0718,0.274
"Ezr",0.146,0.0718,0.274
"Gapdh-ps15///Gapdh",0.183,0.0719,0.274
"Rab27b",0.217,0.0719,0.274
"Phactr1///Chst11",-0.119,0.0719,0.274
"Uck2",0.15,0.0719,0.274
"Gda",0.21,0.0719,0.274
"Srsf6",0.151,0.0719,0.274
"Rfwd3",0.172,0.0719,0.274
"Ap4s1",-0.155,0.072,0.274
"Cox7a1",0.233,0.072,0.274
"Aars",0.149,0.072,0.274
"Fxn",0.193,0.072,0.274
"Upk3a",0.121,0.072,0.274
"Haus8",-0.178,0.072,0.274
"Gm12693///Rwdd1",-0.121,0.072,0.274
"Irf7",-0.178,0.0721,0.274
"Dip2b",0.137,0.0721,0.274
"Tcrb-J",-0.16,0.0721,0.274
"Uba1",0.112,0.0721,0.274
"Dusp10",0.125,0.0722,0.274
"Akt1",0.128,0.0722,0.274
"H2afv",0.142,0.0722,0.274
"Zbtb14",0.169,0.0722,0.274
"Tmem47",-0.147,0.0723,0.274
"Acp5",0.131,0.0723,0.274
"Ylpm1",-0.168,0.0723,0.274
"Tpte",0.122,0.0723,0.274
"Klrc3///Klrc2",0.161,0.0724,0.274
"LOC100862473///Gm16340///Ifi203",-0.144,0.0724,0.274
"Dph5",0.129,0.0724,0.274
"Lyrm2",-0.182,0.0724,0.274
"Senp3",0.126,0.0724,0.274
"Adat2",0.205,0.0724,0.274
"Atp5o",0.144,0.0725,0.274
"Adam24",0.157,0.0726,0.275
"Ybx1",0.135,0.0726,0.275
"Cox15",-0.165,0.0726,0.275
"Sp110",0.109,0.0727,0.275
"Wipi2",0.188,0.0727,0.275
"Lilrb4a///Lilr4b",-0.252,0.0728,0.275
"Slc17a6",0.118,0.0729,0.275
"Fam83f",-0.211,0.0729,0.276
"Sf3b1",-0.167,0.073,0.276
"Pou2f1",0.142,0.073,0.276
"Cpa5",0.158,0.0731,0.276
"Slc12a2",0.135,0.0731,0.276
"Rhob",-0.237,0.0732,0.276
"Elf4",0.18,0.0733,0.276
"Zfp746",-0.157,0.0734,0.277
"Hmgxb3",0.171,0.0734,0.277
"Cdc45",0.164,0.0734,0.277
"Klra15",0.132,0.0735,0.277
"0610005C13Rik",0.276,0.0736,0.277
"Gdap1",0.12,0.0736,0.277
"Tcl1",0.192,0.0737,0.277
"Kcnk5",-0.251,0.0737,0.277
"Slc35e4",0.139,0.0737,0.277
"Snapc2",0.136,0.0737,0.277
"Top1",-0.114,0.0738,0.277
"Siah1a",0.178,0.0738,0.277
"Fst",-0.142,0.0738,0.277
"Pou6f1",0.148,0.0739,0.277
"Atf6",0.193,0.0739,0.278
"Ift57",-0.118,0.0739,0.278
"Efhd2",0.241,0.074,0.278
"Chpf",0.119,0.074,0.278
"Amph",0.162,0.0741,0.278
"Klk1b27",0.166,0.0742,0.278
"Rrp7a",0.168,0.0742,0.278
"Fshb",0.115,0.0743,0.279
"Kif11",-0.177,0.0744,0.279
"Ndufb5",-0.134,0.0744,0.279
"Mrpl32",-0.145,0.0745,0.279
"Myb",0.146,0.0745,0.279
"Txndc17",-0.228,0.0745,0.279
"Ampd2",0.14,0.0745,0.279
"Actb",-0.127,0.0745,0.279
"Myh2",0.22,0.0746,0.279
"Mt4",0.133,0.0746,0.279
"Srsf10",-0.194,0.0746,0.279
"4931432E15Rik",-0.148,0.0746,0.279
"Cav2",0.152,0.0746,0.279
"Ddx24",-0.147,0.0746,0.279
"Arhgef10l",0.162,0.0747,0.279
"C80171",0.143,0.0748,0.279
"Ilf3",0.16,0.0748,0.28
"Ap3b2",0.121,0.0749,0.28
"Adprm",0.165,0.075,0.28
"Cryba2",0.18,0.075,0.28
"Cabp7",-0.154,0.0751,0.28
"Uqcrh",0.107,0.0751,0.28
"C8g",0.174,0.0751,0.28
"Lamp2",-0.211,0.0751,0.28
"Lztfl1",-0.151,0.0751,0.28
"Actr1b",0.133,0.0752,0.28
"Hhat",0.123,0.0752,0.28
"Cacnb1",0.141,0.0753,0.28
"Bmp2",0.207,0.0753,0.28
"Slc7a13",0.122,0.0753,0.28
"Ovca2///Dph1",-0.184,0.0753,0.28
"Rpl4",-0.118,0.0754,0.281
"Acadsb",0.18,0.0754,0.281
"Ift20",0.155,0.0755,0.281
"Atxn7l3",0.12,0.0756,0.281
"Atpif1",-0.241,0.0756,0.281
"Mgmt",-0.22,0.0756,0.281
"Cdc20",-0.399,0.0756,0.281
"Herpud2",0.141,0.0757,0.281
"Bcl9l",0.165,0.0757,0.281
"Tmem216",-0.161,0.0757,0.281
"Axin2",0.173,0.0758,0.282
"Gpr84",0.18,0.0758,0.282
"Gm15455///Rbm10",0.133,0.0758,0.282
"Pars2",0.186,0.076,0.282
"Dlgap4",0.151,0.0761,0.282
"Htatip2",-0.268,0.0761,0.282
"Rap1gds1",0.131,0.0761,0.282
"Gm17748///Ppih",0.152,0.0762,0.282
"Marco",0.426,0.0762,0.283
"Prss44",0.15,0.0763,0.283
"Pprc1",0.171,0.0764,0.283
"Clec5a",0.17,0.0764,0.283
"Cyr61",0.128,0.0765,0.283
"Chl1",0.107,0.0765,0.283
"0610010K14Rik///Rnasek",-0.318,0.0765,0.283
"St8sia5",0.12,0.0765,0.283
"Ddx26b",0.13,0.0766,0.283
"Vmn2r10",-0.13,0.0766,0.283
"Wbp1l",0.153,0.0766,0.283
"Mgea5",0.12,0.0767,0.284
"Clpb",-0.139,0.0768,0.284
"Ugdh",-0.197,0.0768,0.284
"Mapk6",-0.157,0.0769,0.284
"Brix1",-0.163,0.077,0.284
"Surf6",0.144,0.077,0.284
"Gimap4",-0.118,0.077,0.284
"Rcor3",0.161,0.077,0.284
"Cish",0.282,0.077,0.284
"Grm1",0.149,0.077,0.284
"Ppnr",0.167,0.077,0.284
"Ybx2",0.174,0.077,0.284
"Rbl1",-0.208,0.077,0.284
"Kcnab3",0.12,0.0771,0.284
"Klhdc2",-0.188,0.0772,0.284
"Bdkrb1",0.234,0.0772,0.284
"Dgkg",0.184,0.0772,0.284
"C79246",-0.164,0.0772,0.285
"Wdr81",-0.127,0.0774,0.285
"Ctsh",0.134,0.0774,0.285
"Dcx",0.197,0.0775,0.285
"Ftmt",-0.195,0.0775,0.285
"Top3b",-0.217,0.0775,0.285
"Fzd3",0.165,0.0775,0.285
"Pdlim1",-0.179,0.0775,0.285
"Zfp113",-0.17,0.0775,0.285
"Hccs",-0.156,0.0776,0.285
"Fance",0.124,0.0776,0.285
"Pard3b",0.186,0.0776,0.285
"Mtmr3",0.153,0.0776,0.285
"Med1",-0.184,0.0777,0.285
"Arhgap12",0.217,0.0777,0.285
"Tbata",0.205,0.0777,0.285
"Zfp830",0.154,0.0777,0.285
"Wfikkn1",0.186,0.0777,0.285
"Dyrk1b",0.128,0.0778,0.286
"Tmem206",-0.258,0.0779,0.286
"Taf11",0.184,0.078,0.286
"Ap1ar",-0.219,0.078,0.286
"Ms4a4b",0.106,0.078,0.286
"Hdhd1a",0.172,0.078,0.286
"Sub1",-0.168,0.078,0.286
"Nup188",0.146,0.0781,0.286
"Rac3",0.126,0.0781,0.286
"Gm14277///Snrpd1",-0.162,0.0781,0.286
"U2af1l4",-0.164,0.0783,0.287
"Mndal",-0.206,0.0783,0.287
"Plcb3",0.122,0.0784,0.287
"Tmsb10",-0.175,0.0784,0.287
"Ywhah",-0.154,0.0784,0.287
"Rab37",0.217,0.0784,0.287
"2210407C18Rik",0.22,0.0785,0.287
"Tal1",0.112,0.0785,0.287
"Slc35a4",0.139,0.0785,0.287
"Pou3f3",0.123,0.0785,0.287
"Mecp2",0.122,0.0786,0.287
"a",0.136,0.0786,0.287
"Stra6",0.137,0.0788,0.287
"Arx",0.103,0.0788,0.287
"Ralgps2",-0.165,0.0788,0.287
"Zfp790",0.167,0.0788,0.287
"Rab31",-0.138,0.0789,0.288
"Srsf9",0.14,0.0789,0.288
"Chd1",0.112,0.0789,0.288
"Fem1b",0.175,0.0789,0.288
"Adcyap1r1",0.13,0.0789,0.288
"Zfp652///Phospho1",-0.197,0.079,0.288
"Fbp1",-0.104,0.079,0.288
"Oprm1",0.164,0.079,0.288
"Dbh",0.182,0.0791,0.288
"Trps1",-0.145,0.0792,0.288
"BB283400",0.163,0.0792,0.288
"Cd2bp2",0.133,0.0792,0.288
"Zfp626",0.128,0.0792,0.288
"Slc7a8",-0.166,0.0793,0.288
"Tubb2a-ps2///Tubb2b",0.137,0.0793,0.288
"Nid2",0.114,0.0793,0.288
"Ahrr",0.126,0.0793,0.288
"2700097O09Rik",0.154,0.0794,0.289
"Odf3",0.111,0.0795,0.289
"Comp",0.188,0.0795,0.289
"T2",0.131,0.0795,0.289
"Dapp1",0.14,0.0796,0.289
"Shroom3",-0.149,0.0796,0.289
"Casc3",0.125,0.0796,0.289
"Nkx2-6",0.147,0.0797,0.289
"Vip",0.125,0.0797,0.289
"Pmepa1",0.164,0.0797,0.289
"Picalm",-0.214,0.0797,0.289
"4930520O04Rik",-0.129,0.0797,0.289
"Ints6",0.341,0.0799,0.29
"Lin7b",0.18,0.08,0.29
"Cdc42ep4",0.165,0.08,0.29
"Gabarap",-0.106,0.08,0.29
"Os9",0.106,0.08,0.29
"Tti1",0.17,0.0801,0.29
"Ahcy",0.121,0.0802,0.29
"Car9",-0.218,0.0802,0.29
"Tshz1",-0.253,0.0803,0.29
"Col14a1",-0.187,0.0803,0.29
"Taok1",0.152,0.0803,0.29
"Cd55",0.131,0.0803,0.29
"Diexf",0.171,0.0803,0.29
"Ppm1d",0.119,0.0804,0.29
"Irak1",-0.175,0.0805,0.29
"D8Ertd107e",0.157,0.0805,0.29
"Zfp85os",0.136,0.0805,0.29
"Syt8",0.131,0.0805,0.29
"Cfl2",-0.183,0.0805,0.29
"Dync1i2",-0.119,0.0806,0.29
"Phf8",0.173,0.0806,0.291
"Chrna6",0.127,0.0807,0.291
"Uqcrc2",-0.141,0.0807,0.291
"Rchy1",0.144,0.0807,0.291
"C76533",0.129,0.0808,0.291
"Zdhhc16",0.137,0.0808,0.291
"Guca1a",-0.173,0.0809,0.291
"Npepl1",0.119,0.0809,0.291
"Chchd4",-0.166,0.081,0.291
"Lamb1",-0.155,0.081,0.291
"Gm21948///Il4i1",0.111,0.081,0.291
"Pkdrej",-0.169,0.081,0.291
"Tex101",0.173,0.0811,0.291
"2810417H13Rik",-0.172,0.0811,0.292
"Ak3",-0.147,0.0812,0.292
"H2-Ab1",-0.268,0.0812,0.292
"Extl1",-0.174,0.0812,0.292
"C86187",0.131,0.0813,0.292
"Rnh1",-0.15,0.0813,0.292
"Odf2l",-0.119,0.0813,0.292
"Cd27",0.143,0.0814,0.292
"Mios",0.133,0.0814,0.292
"Surf2",0.13,0.0814,0.292
"Agtrap",0.124,0.0814,0.292
"Xpnpep2",0.245,0.0814,0.292
"Dctpp1",0.153,0.0815,0.292
"Ep400",0.139,0.0815,0.292
"Sugp1",-0.102,0.0815,0.292
"Nr2f1",0.102,0.0815,0.292
"Pgrmc2",-0.13,0.0817,0.292
"Usp22",-0.13,0.0817,0.292
"Trim23",-0.217,0.0817,0.292
"Ttc3",-0.151,0.0817,0.292
"Zfand1",-0.159,0.0817,0.292
"Gm14680///Sms",-0.151,0.0818,0.293
"Inhbb",0.12,0.0818,0.293
"Gatsl2",0.142,0.0819,0.293
"Scand1",-0.179,0.0819,0.293
"Ids",-0.11,0.0821,0.293
"Krtap16-3",0.145,0.0821,0.293
"Spp1",-0.293,0.0821,0.293
"Scn3b",0.117,0.0821,0.293
"Fmnl1",0.143,0.0822,0.294
"Syncrip",-0.126,0.0822,0.294
"N4bp3",0.142,0.0822,0.294
"Slmo1",0.121,0.0823,0.294
"Cers1///Gdf1",0.122,0.0823,0.294
"Arglu1",0.11,0.0824,0.294
"Dnm3",0.173,0.0824,0.294
"Elavl4",0.139,0.0824,0.294
"Tfap2b",0.125,0.0825,0.294
"Sp4",0.133,0.0825,0.294
"6330408A02Rik",0.144,0.0825,0.294
"Polr1b",0.126,0.0825,0.294
"Zcchc7",-0.166,0.0825,0.294
"Pus7",-0.122,0.0825,0.294
"Emilin3",0.103,0.0826,0.294
"Sfxn2",-0.198,0.0827,0.294
"Dennd4c",-0.202,0.0827,0.295
"Bicd1",0.134,0.0828,0.295
"2610301B20Rik",-0.142,0.0828,0.295
"Creb1",0.124,0.0828,0.295
"Gm9222",0.205,0.0829,0.295
"Nanp",-0.171,0.0829,0.295
"Tnmd",0.154,0.0829,0.295
"Map2k3os",0.118,0.0829,0.295
"Tmed4",-0.12,0.0829,0.295
"Mrpl17",-0.133,0.083,0.295
"Son",0.132,0.083,0.295
"Arnt",0.135,0.083,0.295
"Slc5a1",0.284,0.0831,0.295
"Kcns1",0.258,0.0831,0.295
"Mef2c",0.13,0.0831,0.295
"Gdi2",0.115,0.0831,0.295
"Pde9a",-0.212,0.0831,0.295
"Eef2",0.105,0.0831,0.295
"Fcna",-0.154,0.0832,0.295
"Map2k1",-0.12,0.0833,0.295
"C1ra",0.201,0.0833,0.295
"Mapk8ip3",0.165,0.0833,0.296
"Actc1",0.147,0.0834,0.296
"Ppp1r14d",0.247,0.0834,0.296
"Fut1",-0.127,0.0835,0.296
"Nup43",0.146,0.0835,0.296
"Trib3",-0.196,0.0835,0.296
"Rtn4r",0.14,0.0836,0.296
"Golga7",-0.232,0.0837,0.296
"Pisd-ps3",0.254,0.0837,0.296
"Dusp22",0.12,0.0838,0.296
"Sync",0.125,0.0838,0.296
"Ptpn23",0.123,0.0838,0.296
"Dctn3",-0.121,0.0838,0.296
"Cd38",-0.275,0.0839,0.296
"Dpysl3",0.155,0.0839,0.296
"Vps72",0.147,0.0839,0.297
"Ccnd2",0.177,0.0839,0.297
"Msl3l2",0.179,0.084,0.297
"Theg",-0.139,0.084,0.297
"Ptgs1",-0.118,0.084,0.297
"LOC102641972///Ptprj",-0.13,0.084,0.297
"Slc30a3",0.145,0.084,0.297
"Atp2c2",0.243,0.084,0.297
"Siglec1",0.135,0.0841,0.297
"Pitx2",0.197,0.0841,0.297
"Serpina10",-0.224,0.0841,0.297
"Hnrnpl",0.245,0.0842,0.297
"Srpk1",0.122,0.0842,0.297
"Rabep1",0.151,0.0842,0.297
"Fbxo2",0.184,0.0842,0.297
"Podxl",0.147,0.0843,0.297
"Rabggta",0.109,0.0843,0.297
"Ptbp1",-0.141,0.0843,0.297
"Cutc",0.15,0.0844,0.297
"Ric8a",-0.144,0.0844,0.297
"Akr1a1",-0.163,0.0844,0.297
"Ankrd28///3110068a07rik",0.187,0.0845,0.298
"Gm5621///Rpl10",-0.148,0.0846,0.298
"Kmt2d",0.129,0.0847,0.298
"Klf16",0.195,0.0847,0.298
"Vgll1",-0.122,0.0847,0.298
"Maml1",0.141,0.0848,0.298
"Efnb3",0.131,0.0848,0.298
"Stx12",0.157,0.0849,0.298
"Klk10",0.179,0.0849,0.298
"Fnta",0.132,0.0849,0.298
"Taf12",0.128,0.0849,0.298
"Ythdc1",-0.149,0.0849,0.298
"Actn3",0.126,0.0849,0.298
"Trappc1",-0.152,0.0849,0.298
"Pgs1",0.198,0.0849,0.298
"Fam214b",0.192,0.085,0.298
"Casp12",0.121,0.085,0.298
"Abi3bp",0.146,0.085,0.298
"D1Ertd83e",0.141,0.0851,0.298
"Rpl7",-0.125,0.0851,0.298
"Tln1",-0.173,0.0851,0.298
"Gm9835///Gmfg",0.144,0.0851,0.298
"Zfp60",0.138,0.0852,0.299
"Lrrtm1",0.12,0.0852,0.299
"Sult3a1",-0.542,0.0852,0.299
"Il6ra",0.161,0.0853,0.299
"Msmo1",-0.659,0.0854,0.299
"Hivep1",-0.121,0.0854,0.299
"Rs1",0.168,0.0855,0.299
"Cnnm3",0.158,0.0855,0.299
"C77681",0.157,0.0855,0.299
"Mtmr10",0.129,0.0856,0.299
"Dtx1",0.138,0.0856,0.299
"BC006965",-0.115,0.0856,0.299
"Apobec3",0.114,0.0856,0.299
"Ppp1r1b",0.168,0.0856,0.299
"Prpf40b",0.184,0.0857,0.299
"Zfp120",0.108,0.0858,0.3
"Krt14",-0.127,0.0858,0.3
"Myo7b",-0.185,0.0858,0.3
"Pask",0.178,0.0859,0.3
"Cdt1",-0.17,0.0859,0.3
"Naglu",-0.219,0.0859,0.3
"Trpd52l3",0.118,0.0859,0.3
"St6galnac2",0.18,0.0859,0.3
"3632451O06Rik",0.0995,0.086,0.3
"Gm8479",0.133,0.086,0.3
"Ggact",0.163,0.086,0.3
"Sap30l",-0.121,0.086,0.3
"Riok3",0.122,0.086,0.3
"Pde1c",0.16,0.086,0.3
"BC004004",0.126,0.0861,0.3
"Pias4",0.131,0.0861,0.3
"Fermt3",-0.232,0.0861,0.3
"Rdh14",-0.13,0.0862,0.3
"Lrba",-0.137,0.0862,0.3
"Ik",-0.114,0.0863,0.3
"Gtpbp4",-0.165,0.0863,0.3
"Ap1g1",0.132,0.0863,0.3
"Smyd2",-0.217,0.0863,0.3
"Fibin",0.122,0.0863,0.3
"Zranb1",0.233,0.0863,0.3
"Hic1",0.131,0.0863,0.3
"Timm44",0.158,0.0863,0.3
"Cubn",0.178,0.0863,0.3
"AA516738",0.162,0.0863,0.3
"Sh3bgrl",-0.235,0.0863,0.3
"Rnf4",-0.143,0.0864,0.3
"Pnpla3",-0.128,0.0864,0.3
"Wap",0.113,0.0864,0.3
"Carns1",0.131,0.0864,0.3
"Myrf",0.125,0.0865,0.3
"Cdc37",0.117,0.0866,0.3
"Ikbkb",-0.133,0.0866,0.301
"Cps1",-0.162,0.0867,0.301
"Nrg3",-0.133,0.0867,0.301
"Cyp2c38",-0.534,0.0867,0.301
"Hoxa11",0.115,0.0867,0.301
"Taok3",-0.186,0.0867,0.301
"Ptpn1",0.112,0.0868,0.301
"Eif4g2",0.132,0.0868,0.301
"Mest",0.15,0.0869,0.301
"Pcdhb11",0.112,0.087,0.301
"Chga",0.188,0.087,0.301
"Tox4",0.144,0.087,0.301
"Mrpl2",0.131,0.087,0.301
"Mdfic",-0.285,0.0871,0.301
"Zbtb8a",0.159,0.0871,0.301
"Baiap3",0.142,0.0871,0.302
"Ocstamp",-0.173,0.0872,0.302
"Tat",0.228,0.0872,0.302
"Cma1",0.127,0.0872,0.302
"Rbmx2",0.142,0.0873,0.302
"Tbce",0.165,0.0874,0.302
"Mpdz",-0.352,0.0874,0.302
"Ankrd33b",-0.236,0.0874,0.302
"Dohh",0.204,0.0874,0.302
"Rbm17",-0.174,0.0875,0.302
"Tmem27",0.112,0.0875,0.302
"Pdcd10",-0.206,0.0876,0.302
"Kcnip3",0.162,0.0876,0.302
"Hils1",0.189,0.0877,0.302
"Rassf7",-0.134,0.0877,0.303
"Oaz1-ps///Oaz1",0.114,0.0877,0.303
"Olfm1",0.142,0.0878,0.303
"Enpp2",-0.482,0.0878,0.303
"Fhod3",0.159,0.0878,0.303
"Spdef",0.153,0.088,0.303
"Kif3b",0.153,0.088,0.303
"Anpep",-0.194,0.0881,0.303
"Heyl",0.125,0.0881,0.303
"Trim60",0.131,0.0881,0.303
"Mt3",0.12,0.0882,0.303
"Cypt7///Cypt8///Cypt1",-0.194,0.0882,0.303
"Mc1r",0.185,0.0882,0.303
"Yme1l1",0.16,0.0883,0.304
"Bhlhe41",0.131,0.0883,0.304
"Fmr1nb",0.121,0.0883,0.304
"Dppa5a",0.15,0.0883,0.304
"Hoxa9",0.127,0.0883,0.304
"Gucy2c",0.161,0.0883,0.304
"Prkcq",0.153,0.0883,0.304
"Prc1",0.178,0.0883,0.304
"Ncf1",0.181,0.0884,0.304
"Ubqln2",-0.237,0.0884,0.304
"Ibtk",-0.175,0.0884,0.304
"9430016H08Rik",-0.221,0.0885,0.304
"Upf2",0.173,0.0885,0.304
"Slc22a2",0.168,0.0885,0.304
"Klk1b4",0.155,0.0886,0.304
"Pbx1",-0.131,0.0886,0.304
"Ttc7b",-0.157,0.0886,0.304
"Rhoa",-0.133,0.0887,0.304
"Mir425",0.157,0.0888,0.304
"Smarcd1",0.156,0.0889,0.305
"Serpina1d///Serpina1a",0.167,0.0889,0.305
"Dct",-0.183,0.089,0.305
"Hspa4",-0.127,0.089,0.305
"Impdh1",0.11,0.089,0.305
"Gsx2",0.136,0.0891,0.305
"Kdm5a",-0.16,0.0891,0.305
"Adora2a",0.126,0.0891,0.305
"Parvb",0.175,0.0893,0.305
"Cox16",-0.0983,0.0894,0.306
"Afg3l2",-0.132,0.0894,0.306
"Sepsecs",-0.154,0.0894,0.306
"Hmha1",0.125,0.0895,0.306
"Scnm1",0.163,0.0895,0.306
"Rab21",0.111,0.0896,0.306
"Soat1",-0.186,0.0897,0.306
"Astn2",0.172,0.0898,0.307
"Dok5",0.148,0.0898,0.307
"Adcy3",0.137,0.0899,0.307
"Ski",0.192,0.0899,0.307
"Gtf2h3",0.174,0.09,0.307
"H6pd",0.127,0.0901,0.307
"Ptprz1",0.141,0.0901,0.308
"Tm9sf4",-0.143,0.0902,0.308
"Plekha4",0.151,0.0902,0.308
"Galm",-0.141,0.0902,0.308
"Rcl1",0.139,0.0903,0.308
"Dph7",-0.116,0.0904,0.308
"Gm4450///Gm10681///Hsd3b4",0.176,0.0904,0.308
"Gsk3b",0.147,0.0905,0.308
"Kri1",0.151,0.0905,0.308
"Akirin2",0.112,0.0905,0.308
"Tkt",-0.218,0.0905,0.308
"Vangl1",0.119,0.0906,0.308
"Apln",0.133,0.0906,0.308
"Cyp2c68",0.293,0.0906,0.308
"Cyp2j6",-0.182,0.0907,0.308
"Acbd6",0.16,0.0907,0.308
"Adss",-0.136,0.0907,0.308
"Icmt",0.194,0.0907,0.308
"Tns1",-0.18,0.0908,0.308
"Dbil5",-0.11,0.0908,0.308
"Vtn",0.149,0.0908,0.308
"Aldoc",-0.132,0.0909,0.309
"Baz2a",0.166,0.0909,0.309
"Nck2",-0.195,0.091,0.309
"Ndufs8",-0.111,0.091,0.309
"Cfi",0.158,0.0911,0.309
"Nacc2",0.119,0.0912,0.309
"Mfsd4b5",0.132,0.0912,0.309
"Acaca",-0.14,0.0912,0.309
"Slc26a5",0.179,0.0913,0.31
"Slc22a8",0.0947,0.0914,0.31
"Crybg3",0.184,0.0915,0.31
"Stap2",-0.143,0.0915,0.31
"Sufu",-0.196,0.0915,0.31
"Sel1l3",0.254,0.0916,0.31
"Dusp8",0.133,0.0917,0.31
"Tdpoz1",0.145,0.0917,0.31
"Cluap1",0.182,0.0917,0.31
"Zfp109",0.165,0.0917,0.31
"Bean1",0.107,0.0918,0.311
"Tmem9b",-0.134,0.0918,0.311
"St7l",-0.174,0.0919,0.311
"Smpd2",-0.133,0.0919,0.311
"Senp2",0.164,0.092,0.311
"Tulp3",0.119,0.092,0.311
"Rhbdd3",0.147,0.092,0.311
"Trp53inp1",0.249,0.0921,0.311
"Guca2b",0.193,0.0921,0.311
"Prl8a2",0.158,0.0924,0.312
"Iqcf3",0.152,0.0924,0.312
"Gm15085///Gm15093///Gm15114///Gm15080///Luzp4///Gm15107///Gm15128///Gm10439///Ott",-0.111,0.0924,0.312
"Dnm1",-0.205,0.0924,0.312
"Ptbp2",0.262,0.0924,0.312
"Cry1",0.217,0.0924,0.312
"Scd3",0.114,0.0925,0.312
"Klrb1f",0.157,0.0925,0.312
"Ppp1r8",-0.122,0.0925,0.312
"Gna12",-0.159,0.0925,0.312
"Esrrb",-0.13,0.0926,0.312
"Cyp4f16",0.248,0.0926,0.312
"Dcbld1",0.222,0.0927,0.312
"Slc8a1",0.108,0.0927,0.312
"Rngtt",0.0992,0.0927,0.312
"Pik3cg",0.162,0.0927,0.312
"Krtap19-1",0.167,0.0927,0.312
"Ank1",0.108,0.0927,0.312
"Tmlhe",-0.188,0.0927,0.312
"Rgs11",0.144,0.0928,0.312
"Adck1",-0.152,0.0928,0.312
"Dnah11",0.196,0.0929,0.312
"Nub1",-0.127,0.0929,0.312
"Camk1g",0.141,0.0929,0.312
"BC016579",0.167,0.093,0.313
"Clasp2",0.155,0.093,0.313
"Srsf4",0.128,0.093,0.313
"Nvl",-0.149,0.0931,0.313
"Fabp2",0.23,0.0931,0.313
"Qrich1",-0.14,0.0931,0.313
"Csnk1d",0.119,0.0931,0.313
"Enpp4",0.159,0.0932,0.313
"Syngr2",-0.118,0.0932,0.313
"Usmg5",-0.102,0.0933,0.313
"Ctr9",-0.157,0.0933,0.313
"Mycl",-0.192,0.0934,0.313
"Noc2l",0.132,0.0934,0.313
"Sox10",0.138,0.0935,0.314
"Ubac1",-0.148,0.0935,0.314
"Elovl4",-0.133,0.0935,0.314
"Edrf1",0.15,0.0935,0.314
"Ankzf1",-0.106,0.0936,0.314
"Chic1",-0.188,0.0936,0.314
"Neurog1",0.147,0.0936,0.314
"Celsr1",0.123,0.0937,0.314
"Adprhl2",0.113,0.0937,0.314
"Isy1",0.137,0.0937,0.314
"Fdft1",-0.274,0.0937,0.314
"Fxyd6",-0.128,0.0937,0.314
"Cks1b",0.178,0.0938,0.314
"Arl8a",-0.123,0.0938,0.314
"Ikbke",-0.168,0.0939,0.314
"Zfp282",0.2,0.0939,0.314
"Cntn3",0.116,0.0939,0.314
"Apobr",0.14,0.0941,0.315
"Ctnnb1",-0.175,0.0941,0.315
"Tpp1",-0.16,0.0941,0.315
"Styx",0.125,0.0942,0.315
"Insig2",-0.551,0.0942,0.315
"Ddit4",-0.508,0.0942,0.315
"Adamts8",0.168,0.0942,0.315
"Ints8",0.149,0.0942,0.315
"Fto",-0.181,0.0943,0.315
"Oasl1",0.203,0.0943,0.315
"Dsc1",-0.144,0.0943,0.315
"Cdk11b",-0.138,0.0945,0.315
"Kitl",-0.176,0.0946,0.316
"Cdx2",0.246,0.0946,0.316
"Nck1",0.14,0.0946,0.316
"Klhl24",-0.273,0.0947,0.316
"Pax6",0.162,0.0948,0.316
"B3gat1",0.123,0.0949,0.316
"Trim13",-0.129,0.0949,0.316
"Rnf167",-0.158,0.095,0.317
"Lama5",0.13,0.095,0.317
"Afp",-0.104,0.0951,0.317
"Nkain1",0.174,0.0952,0.317
"Lipe",0.173,0.0952,0.317
"Tle2",0.131,0.0953,0.317
"Socs2",0.604,0.0953,0.317
"Gca",-0.132,0.0954,0.317
"Syn2",0.12,0.0955,0.317
"Trim54",0.122,0.0955,0.317
"Trhr2",0.13,0.0955,0.317
"Gm12185",0.132,0.0955,0.317
"Arsa",0.211,0.0956,0.317
"D18Ertd232e",-0.381,0.0956,0.318
"Gart",-0.134,0.0958,0.318
"Bcr",0.129,0.0958,0.318
"Hrnr",0.1,0.0958,0.318
"Ldb3",0.144,0.0959,0.318
"Cd164",0.139,0.0959,0.318
"4930448N21Rik",0.161,0.096,0.318
"Pmf1",0.134,0.096,0.318
"Pik3cd",0.145,0.096,0.318
"Srrt",0.11,0.0961,0.318
"Nr5a1",0.112,0.0961,0.319
"Tmem59",-0.123,0.0962,0.319
"Plp1",0.127,0.0962,0.319
"Sfn",0.348,0.0963,0.319
"Hmga1-rs1///Hmga1",0.134,0.0963,0.319
"Rusc1",0.201,0.0964,0.319
"Morf4l1b///Morf4l1-ps1///Morf4l1",-0.132,0.0964,0.319
"Man2b2",-0.165,0.0965,0.319
"Ska1",0.117,0.0966,0.319
"Sprr1b",0.104,0.0966,0.319
"Slc9b1",0.12,0.0967,0.32
"Ptpn2",-0.135,0.0969,0.32
"Pigyl",0.112,0.097,0.32
"Cttn",-0.242,0.097,0.32
"Nek6",0.163,0.0971,0.321
"Sdc4",0.632,0.0971,0.321
"Nppc",0.149,0.0971,0.321
"Nat2",-0.208,0.0972,0.321
"Pde10a",0.163,0.0973,0.321
"2510002D24Rik",0.108,0.0973,0.321
"Acsm2",0.124,0.0973,0.321
"Notch1",0.176,0.0974,0.321
"Evpl",0.175,0.0974,0.321
"Capza2",-0.13,0.0974,0.321
"Dlx3",0.0988,0.0974,0.321
"Prkacb",-0.139,0.0977,0.321
"Gng3",0.146,0.0977,0.321
"Trip4",-0.186,0.0977,0.321
"Usp24",-0.198,0.0977,0.321
"Slc39a6",0.202,0.0977,0.321
"Rnf34",-0.157,0.0977,0.321
"Sdha",-0.128,0.0977,0.321
"Khdrbs3",-0.208,0.0977,0.321
"Stra8",0.19,0.0978,0.321
"Kcnk3",0.171,0.0978,0.321
"Wdr86",0.118,0.0978,0.321
"Zfand2b",0.126,0.0978,0.321
"1110037F02Rik",0.151,0.0978,0.321
"Hddc2",0.12,0.0978,0.321
"Bcat1",0.13,0.0979,0.321
"Tfcp2l1",-0.198,0.0979,0.321
"Rpp14",-0.11,0.0979,0.321
"Camta2",-0.182,0.0979,0.322
"Fnbp1",0.207,0.098,0.322
"Xk",0.172,0.0981,0.322
"Cenpb",0.134,0.0981,0.322
"Apex1",-0.158,0.0981,0.322
"Natd1",0.124,0.0982,0.322
"Rbm14",0.18,0.0982,0.322
"Mettl13",-0.203,0.0984,0.322
"Il18bp",-0.137,0.0984,0.322
"Inha",0.188,0.0984,0.322
"Hook2",0.192,0.0984,0.322
"Banf1",-0.122,0.0984,0.322
"Slc22a23",0.176,0.0985,0.322
"Wls",-0.118,0.0985,0.322
"Wdfy1",0.106,0.0986,0.322
"Wrap73",0.122,0.0986,0.322
"Tns2",-0.215,0.0987,0.323
"Pak2",0.148,0.0987,0.323
"Enc1",-0.167,0.0988,0.323
"Casp1",-0.238,0.0988,0.323
"Dcakd",-0.137,0.0988,0.323
"Calca",0.153,0.0988,0.323
"Zfp287",0.113,0.0989,0.323
"Pex5",0.137,0.099,0.323
"Gns",-0.118,0.099,0.323
"Pcp4",0.141,0.0991,0.323
"Stk32c",0.127,0.0992,0.323
"Wnt16",0.137,0.0992,0.323
"Golm1",0.181,0.0993,0.323
"Ackr2",-0.19,0.0993,0.323
"Ncaph",0.198,0.0993,0.323
"Ssr4",0.176,0.0993,0.323
"Msl3",-0.1,0.0993,0.323
"Akap2",0.143,0.0993,0.323
"Elp4",-0.159,0.0994,0.324
"Mark3",0.125,0.0994,0.324
"Phc2",0.144,0.0994,0.324
"Kynu",0.144,0.0995,0.324
"G6pdx",0.169,0.0995,0.324
"Gm10698///Tmed2",-0.12,0.0995,0.324
"Zbtb20",0.242,0.0996,0.324
"Rmi1",-0.114,0.0996,0.324
"Ap1g2",-0.218,0.0996,0.324
"Bhlhe23",-0.258,0.0996,0.324
"Atp1a2",0.141,0.0996,0.324
"Atf4",0.104,0.0997,0.324
"Nudt9",-0.15,0.0998,0.324
"Zfp937",0.0985,0.0999,0.324
"Zfp605",-0.145,0.1,0.325
"Kcns2",0.101,0.1,0.325
"Rabgef1",0.135,0.1,0.325
"Bcl6b",0.126,0.1,0.325
"Ttpa",0.23,0.1,0.325
"Pmfbp1",0.144,0.1,0.325
"Birc6",0.145,0.1,0.325
"F3",-0.11,0.1,0.325
"Pirb///Pira2///Pira1",0.126,0.1,0.325
"Polr2d",-0.179,0.1,0.325
"Rps19-ps3///Rps19",-0.138,0.1,0.325
"Tsn",-0.126,0.1,0.325
"Adamtsl5",0.139,0.1,0.325
"Efs",0.222,0.1,0.325
"Romo1",-0.132,0.1,0.325
"Glg1",-0.117,0.101,0.326
"Hoxa4",0.172,0.101,0.326
"Cmah",-0.153,0.101,0.326
"Rhox9",0.136,0.101,0.326
"Tyw1",0.15,0.101,0.326
"Nhej1",0.134,0.101,0.326
"Ankra2",0.124,0.101,0.326
"Orc3",-0.155,0.101,0.326
"Npas2",0.272,0.101,0.326
"Ccdc97",0.119,0.101,0.326
"Vldlr",0.0908,0.101,0.326
"Sema3b",0.123,0.101,0.326
"Cldn1",0.155,0.101,0.326
"Cadm1",0.151,0.101,0.326
"Mff",-0.172,0.101,0.326
"Rara",0.13,0.101,0.326
"Tapbpl",-0.21,0.101,0.326
"Ldlr",-0.26,0.101,0.327
"Homer2",0.172,0.101,0.327
"Zfp334",0.133,0.101,0.327
"Tufm",0.122,0.101,0.327
"Fundc1",-0.183,0.101,0.327
"Rspry1",-0.118,0.101,0.327
"Mcam",0.158,0.101,0.327
"Vnn1",-0.264,0.101,0.327
"Polr1c",0.135,0.102,0.327
"Cox6a2",0.145,0.102,0.327
"Glb1",-0.145,0.102,0.327
"3830406C13Rik",0.136,0.102,0.327
"Gpbp1",0.106,0.102,0.328
"Akr1c6",-0.195,0.102,0.328
"Mphosph10",0.13,0.102,0.328
"Ube2d2b",0.124,0.102,0.328
"Unc5c",0.136,0.102,0.328
"Lypla1",-0.225,0.102,0.328
"Tcrg-V4///Trgv2",0.182,0.102,0.328
"Trim69",0.108,0.102,0.328
"Il4ra",-0.124,0.102,0.328
"Pcdh18",0.0923,0.102,0.328
"Zfp821",0.174,0.102,0.328
"Dcun1d1",0.154,0.102,0.328
"Dpf2",0.118,0.102,0.328
"Pola1",0.152,0.102,0.328
"Kifc3",0.111,0.102,0.328
"Nipsnap3b",-0.122,0.102,0.328
"9030617O03Rik",-0.192,0.102,0.328
"Prokr1",0.0913,0.102,0.328
"Gm5553///Ormdl2",0.154,0.102,0.328
"Sdcbp2",-0.215,0.102,0.329
"Arsi",0.13,0.102,0.329
"Tmem115",0.165,0.102,0.329
"Kcnn3",0.174,0.103,0.329
"Myod1",0.109,0.103,0.329
"Mmab",0.126,0.103,0.329
"Nxn",0.141,0.103,0.329
"Rpl37rt///Rpl37",-0.141,0.103,0.329
"Dmc1",0.129,0.103,0.329
"Tap1",0.119,0.103,0.329
"Trim16",0.137,0.103,0.329
"Tm4sf1",0.113,0.103,0.329
"Slco3a1",0.161,0.103,0.329
"Zim1",0.135,0.103,0.329
"Pvr",0.105,0.103,0.329
"Gdpd3",0.126,0.103,0.329
"Nppb",0.167,0.103,0.329
"Fuom",-0.158,0.103,0.329
"Erp44",-0.0978,0.103,0.329
"Iffo2",0.124,0.103,0.329
"Pla2g6",0.239,0.103,0.329
"Gm3470///Rbpms2",-0.191,0.103,0.33
"Tsr3",-0.173,0.103,0.33
"Hmg20b",0.187,0.103,0.33
"Anxa6",-0.143,0.103,0.33
"Ucn",0.205,0.103,0.33
"Tsnaxip1",0.155,0.103,0.33
"D3Wsu167e",0.188,0.103,0.33
"Gtpbp6",0.16,0.103,0.33
"Tram1",-0.128,0.103,0.33
"Unk",-0.135,0.104,0.33
"Clcc1",-0.315,0.104,0.33
"Asgr2",-0.207,0.104,0.33
"Apc",0.152,0.104,0.33
"Myh11",0.121,0.104,0.33
"Ctsc",0.284,0.104,0.331
"Mtx2",-0.179,0.104,0.331
"Arl6ip5",-0.123,0.104,0.331
"6030458C11Rik",0.131,0.104,0.331
"Snca",0.116,0.104,0.331
"Optc",0.151,0.104,0.331
"Vmn1r47///Vmn1r48",-0.1,0.104,0.331
"Cfl1",-0.147,0.104,0.331
"Mrpl21",0.188,0.104,0.332
"Phex",-0.123,0.104,0.332
"Gm32088///C130026I21Rik",0.116,0.104,0.332
"Nsmce2",0.139,0.105,0.332
"Hpgds",0.161,0.105,0.332
"Rgl3",0.17,0.105,0.332
"Irgm2",-0.26,0.105,0.332
"Zmym5",0.139,0.105,0.332
"Gm7367///Ubald2",0.113,0.105,0.333
"Mrps23",-0.201,0.105,0.333
"Aldh1l1",0.126,0.105,0.333
"Ctage5",-0.104,0.105,0.333
"Setdb1",0.0952,0.105,0.333
"Vcan",0.139,0.105,0.333
"Osgin2",-0.129,0.105,0.333
"Psmd9",-0.176,0.105,0.333
"Tead1",0.121,0.105,0.333
"Agpat5",-0.143,0.105,0.333
"Trdmt1",-0.193,0.105,0.333
"Il12b",0.147,0.105,0.333
"Eif2s2",0.12,0.105,0.333
"Klf15",0.198,0.105,0.334
"Dleu2",0.2,0.105,0.334
"Glis2",0.142,0.105,0.334
"Mpc1",-0.178,0.105,0.334
"Qser1",-0.124,0.105,0.334
"Zfp358",0.121,0.106,0.334
"Helz",0.0997,0.106,0.334
"Pla2g2c",0.137,0.106,0.334
"Aen",-0.0932,0.106,0.334
"Cyb561d2",-0.133,0.106,0.334
"Lpar4",0.126,0.106,0.334
"C1qtnf1",0.155,0.106,0.334
"Pah",-0.169,0.106,0.334
"Pou3f1",0.152,0.106,0.334
"Sema3f",0.0992,0.106,0.334
"2610005L07Rik",0.181,0.106,0.335
"Dbndd1",-0.157,0.106,0.335
"Pigr",0.222,0.106,0.335
"Matn1",0.097,0.106,0.335
"Deaf1",0.176,0.106,0.335
"Sla",0.129,0.106,0.335
"Slc9b2",-0.103,0.106,0.335
"Bace1",0.117,0.106,0.335
"Pdcd1",0.117,0.106,0.335
"Klk1b8",0.106,0.106,0.335
"Zfp526///9130221H12Rik",0.112,0.106,0.335
"Cops5",-0.126,0.106,0.335
"Cln5",-0.138,0.106,0.335
"Dnaja2",0.172,0.106,0.335
"Thap7",0.161,0.107,0.336
"Cyp27b1",-0.157,0.107,0.336
"Asxl1",0.14,0.107,0.336
"Cdon",0.103,0.107,0.336
"Atp2c1",0.106,0.107,0.336
"Rbp3",0.118,0.107,0.336
"Wdr92///Ppp3r1",-0.107,0.107,0.336
"Galntl5",0.116,0.107,0.336
"Foxb1",0.119,0.107,0.336
"Itgam",0.13,0.107,0.336
"Tnp2",0.103,0.107,0.336
"Cul4a",-0.234,0.107,0.336
"Psma1",-0.113,0.107,0.336
"Med9",-0.195,0.107,0.336
"Emc3",-0.0977,0.107,0.336
"Kcnd3",0.126,0.107,0.336
"Akap9",0.135,0.107,0.336
"Net1",0.157,0.107,0.336
"Med19",0.11,0.107,0.336
"Mageb3",0.119,0.107,0.336
"Serinc4",0.114,0.107,0.336
"Oraov1",0.118,0.107,0.336
"Rcan3",0.133,0.107,0.336
"Pcgf2",0.119,0.107,0.336
"Uqcrc1",-0.104,0.107,0.336
"Slc4a7",0.181,0.107,0.336
"Hoxc13",0.105,0.107,0.336
"Atp2a1",0.262,0.107,0.336
"Apobec1",0.23,0.107,0.336
"Oxr1",0.156,0.108,0.337
"Phyhipl",0.106,0.108,0.337
"Actl7b",0.153,0.108,0.337
"Mzt2",-0.141,0.108,0.337
"Tbcd",-0.14,0.108,0.337
"Cd84",0.168,0.108,0.337
"Cap2",-0.137,0.108,0.337
"Unc119",0.127,0.108,0.337
"Hsd17b4",-0.198,0.108,0.337
"Tas1r2",0.137,0.108,0.337
"Eif4enif1",0.145,0.108,0.337
"Nckap1l",-0.161,0.108,0.338
"Gng11",0.132,0.108,0.338
"Carm1",-0.117,0.108,0.338
"Hcfc1r1",-0.136,0.108,0.338
"Rdh5",-0.197,0.108,0.338
"Spef1",0.147,0.108,0.338
"9430015G10Rik",0.111,0.108,0.338
"Arl2bp",-0.282,0.108,0.338
"Cplx1",0.138,0.108,0.338
"Sirpa",-0.188,0.108,0.338
"4933400A11Rik",0.129,0.108,0.338
"Catsper1",0.16,0.108,0.338
"Npy4r",0.142,0.109,0.338
"Dhx58",-0.148,0.109,0.339
"Fank1",0.144,0.109,0.339
"Lrrc8c",-0.139,0.109,0.339
"Apoc4",0.107,0.109,0.339
"Sun1",-0.14,0.109,0.339
"Atp6v1g2",0.137,0.109,0.339
"Flywch2",0.117,0.109,0.339
"Trpm5",0.129,0.109,0.339
"Mrgprf",0.101,0.109,0.339
"Rpl19",-0.094,0.109,0.339
"Gatad2b",0.138,0.109,0.339
"Sf3b4",0.146,0.109,0.339
"Ncald",0.116,0.109,0.339
"Rassf3",-0.156,0.109,0.339
"Arhgap1",0.196,0.109,0.339
"Folr2",-0.155,0.109,0.339
"Atp8a1",0.129,0.109,0.339
"Kyat3",0.23,0.109,0.339
"Prss22",0.112,0.109,0.339
"Ttc8",-0.167,0.109,0.339
"Nt5c3",-0.13,0.109,0.339
"Lrrc8a///Phyhd1",-0.142,0.109,0.339
"Grhl1",0.14,0.11,0.34
"Pdpn",0.158,0.11,0.34
"Mavs",-0.17,0.11,0.34
"Stard4",0.426,0.11,0.34
"Gm29638",0.185,0.11,0.34
"Gm9798",0.133,0.11,0.34
"Paqr4",0.193,0.11,0.34
"E430018J23Rik",0.129,0.11,0.34
"Adra2b",0.153,0.11,0.34
"Cd28",0.178,0.11,0.34
"Tead3",0.12,0.11,0.34
"Ccdc50",0.124,0.11,0.34
"Myh1",0.36,0.11,0.34
"Ctdsp1",0.1,0.11,0.34
"Dusp15",0.187,0.11,0.34
"Grk5",0.134,0.11,0.34
"Fgf7",0.135,0.11,0.34
"Cacna1d",0.151,0.11,0.34
"Clu",-0.155,0.11,0.341
"1700120K04Rik",0.139,0.11,0.341
"Cd81",-0.145,0.11,0.341
"Foxe3",0.155,0.11,0.341
"Ubn1",0.0968,0.11,0.341
"Agl",-0.201,0.11,0.341
"C920021L13Rik",0.111,0.11,0.341
"Vmn1r65",0.123,0.11,0.341
"Polr3h",-0.132,0.111,0.341
"N4bp2l1",0.23,0.111,0.342
"Bin3",-0.129,0.111,0.342
"Dhx57",0.146,0.111,0.342
"Lce1i",0.143,0.111,0.342
"Kcnj5",0.173,0.111,0.342
"Il4",0.124,0.111,0.342
"Cog2",0.1,0.111,0.342
"Ercc2",0.161,0.111,0.342
"Fgfr4",-0.152,0.111,0.342
"Gm13889",-0.132,0.111,0.342
"Fn3k",0.227,0.111,0.342
"Igkv6-20",0.105,0.111,0.343
"Olah",-0.12,0.111,0.343
"Lgr6",0.146,0.111,0.343
"Asah1",-0.202,0.111,0.343
"Rbm12",-0.116,0.112,0.343
"Dcaf11",-0.124,0.112,0.344
"Ccdc191",0.145,0.112,0.344
"Il1r1",0.317,0.112,0.344
"Mmp23",0.139,0.112,0.344
"Dedd",-0.141,0.112,0.344
"Cyp2a12",-0.128,0.112,0.344
"Aktip",-0.12,0.112,0.344
"Cdca4",0.135,0.112,0.344
"Panx1",0.172,0.112,0.344
"4930433N12Rik",0.103,0.112,0.344
"Plppr2",0.104,0.112,0.344
"Ap2s1",-0.102,0.112,0.344
"Arhgap5",0.106,0.112,0.344
"P2rx5",0.113,0.112,0.344
"Zfr2",0.109,0.112,0.344
"Mall",0.202,0.112,0.345
"Bscl2",0.101,0.112,0.345
"Metrnl",0.13,0.112,0.345
"Crx",0.102,0.112,0.345
"Kctd5",-0.186,0.113,0.345
"Crhr1",0.119,0.113,0.345
"Dut",0.127,0.113,0.345
"Ubap2",-0.14,0.113,0.345
"Tgfbr1",-0.108,0.113,0.345
"Plvap",-0.135,0.113,0.345
"Arl16",0.11,0.113,0.345
"Sprr2h",0.115,0.113,0.345
"Bcl2l14",0.166,0.113,0.345
"Vil1",0.218,0.113,0.345
"Lyzl4",0.125,0.113,0.345
"Polg",0.155,0.113,0.345
"Mesp1",0.131,0.113,0.346
"Ccdc114",0.103,0.113,0.346
"DXErtd242e",0.105,0.113,0.346
"Cenpn",-0.146,0.113,0.346
"Adcyap1",0.108,0.113,0.346
"Mark2",0.129,0.113,0.346
"Esrp2",-0.191,0.113,0.346
"Akr1c18",0.119,0.113,0.347
"Aimp1",0.152,0.114,0.347
"Syt2",0.139,0.114,0.347
"D2Ertd63e",0.131,0.114,0.347
"Pqlc3",0.12,0.114,0.347
"Angptl6",0.124,0.114,0.347
"Rrnad1",0.112,0.114,0.347
"Entpd1",-0.11,0.114,0.348
"Reck",0.141,0.114,0.348
"F9",-0.178,0.114,0.348
"Dennd4b",0.098,0.114,0.348
"Cyb5r4",-0.117,0.114,0.348
"Vmn1r54",-0.156,0.114,0.348
"Eps8",0.261,0.114,0.348
"Pax8",0.119,0.114,0.348
"Art4",0.119,0.114,0.348
"Mfsd3",0.138,0.114,0.348
"Lce3a",0.118,0.114,0.348
"Il4i1",0.162,0.114,0.348
"Acp1",0.153,0.114,0.348
"Sh3rf1",-0.146,0.114,0.348
"Selenbp1",-0.165,0.114,0.348
"Nubp2",0.119,0.114,0.348
"Ggt1",0.255,0.114,0.348
"BC089597",0.213,0.114,0.348
"Fcgrt",0.119,0.115,0.349
"Tor2a",-0.126,0.115,0.349
"Hsph1",0.476,0.115,0.349
"Pwp1",-0.099,0.115,0.349
"Rplp0",-0.111,0.115,0.349
"Fmo3",-0.174,0.115,0.349
"Rnf32",0.117,0.115,0.349
"Rce1",0.156,0.115,0.349
"Kti12",-0.152,0.115,0.349
"Dab1",0.129,0.115,0.349
"Ptpn11",0.13,0.115,0.349
"Eppk1",-0.243,0.115,0.349
"Tnfrsf11a",-0.137,0.115,0.349
"Pigt",0.119,0.115,0.349
"Amy1",-0.114,0.115,0.35
"Epha1",-0.199,0.115,0.35
"Rabl6",0.155,0.115,0.35
"Klrb1b",0.129,0.115,0.35
"Cmpk1",-0.11,0.116,0.35
"Pdcl",-0.161,0.116,0.35
"Tmed6",0.122,0.116,0.35
"Uqcc3",-0.13,0.116,0.35
"Fam174a",-0.202,0.116,0.351
"Nit2",0.182,0.116,0.351
"Slc7a3",-0.134,0.116,0.351
"Scgb1a1",0.15,0.116,0.352
"Slco5a1",0.111,0.116,0.352
"Efnb2",-0.144,0.116,0.352
"Nabp2",0.108,0.116,0.352
"Glra4",0.123,0.116,0.352
"Dgcr2",0.102,0.116,0.352
"Trak1",-0.16,0.116,0.352
"Ulk2",0.173,0.117,0.352
"Limk2",0.156,0.117,0.352
"Tmem35",0.0978,0.117,0.352
"Atp5b",-0.0917,0.117,0.352
"Srrm2",0.179,0.117,0.352
"Zfp36l1",0.303,0.117,0.352
"Usp16",-0.156,0.117,0.353
"Cd24a",-0.162,0.117,0.353
"Ptgdr2",0.127,0.117,0.353
"Prkx",0.121,0.117,0.353
"Cramp1l",0.1,0.117,0.353
"Dlgap5",0.128,0.117,0.353
"Gzmd",-0.0855,0.117,0.353
"2900097C17Rik",0.119,0.117,0.353
"Cox7a2",-0.109,0.117,0.353
"Tom1l2",-0.187,0.117,0.353
"Ccr2",-0.116,0.117,0.353
"Mmaa",-0.158,0.117,0.353
"Mcts1",0.137,0.117,0.353
"Ripk4",-0.199,0.117,0.353
"Amotl2",0.127,0.117,0.353
"Klra21///Klra8",0.118,0.118,0.353
"Desi2",-0.14,0.118,0.353
"Amz2",-0.132,0.118,0.354
"Nedd1",-0.13,0.118,0.354
"Mrps24",-0.153,0.118,0.354
"Rad54l",0.108,0.118,0.354
"Nin",0.175,0.118,0.354
"Pfdn1",-0.204,0.118,0.354
"Krt25",0.0968,0.118,0.354
"Gm5454///Etv1",-0.1,0.118,0.354
"Tirap",-0.12,0.118,0.354
"Icam2",0.11,0.118,0.355
"Abhd8",0.152,0.118,0.355
"Nphs2",0.129,0.118,0.355
"Ap2a1",0.0997,0.119,0.355
"Poldip3",0.123,0.119,0.355
"Pou3f2",0.106,0.119,0.355
"Csf2",0.108,0.119,0.356
"Pcmtd2",-0.209,0.119,0.356
"4933428G20Rik",0.108,0.119,0.356
"Cux1",-0.141,0.119,0.356
"Gtf2a1",0.124,0.119,0.356
"Slc25a23",0.197,0.119,0.356
"Racgap1",-0.0948,0.119,0.356
"Grb10",0.127,0.119,0.356
"Fbxl14",0.118,0.119,0.356
"Ube2m",0.166,0.119,0.356
"Rnf41",0.128,0.119,0.356
"Vps26b",0.119,0.119,0.356
"Erich3",0.184,0.119,0.357
"Rasa1",-0.103,0.119,0.357
"BC003331",-0.122,0.119,0.357
"Ptcra",0.152,0.119,0.357
"Nkx2-4",0.1,0.119,0.357
"Kdm5b",-0.179,0.119,0.357
"Cirbp",-0.227,0.119,0.357
"Bid",-0.2,0.119,0.357
"Mecr",-0.132,0.12,0.357
"Gdf15",-0.242,0.12,0.357
"Slc6a14",0.152,0.12,0.357
"Ldhc",0.146,0.12,0.357
"Mpl",-0.131,0.12,0.357
"Hcls1",-0.109,0.12,0.357
"Klf7",0.132,0.12,0.357
"Steap4",-0.359,0.12,0.357
"Lct",-0.18,0.12,0.357
"Rtbdn",0.108,0.12,0.357
"Tpm2",0.192,0.12,0.357
"Cd8b1",-0.137,0.12,0.357
"Myoc",0.192,0.12,0.357
"Park7",0.0955,0.12,0.357
"Wdr43",0.0977,0.12,0.357
"Gmfb",0.116,0.12,0.357
"Slc19a3",-0.108,0.12,0.358
"Lzts2",0.163,0.12,0.358
"Prkcdbp",0.127,0.12,0.358
"Stx3",-0.132,0.12,0.358
"Cbx1",-0.136,0.12,0.358
"Pold3",0.153,0.12,0.358
"Ggnbp2",0.111,0.12,0.358
"Ube2z",0.103,0.12,0.358
"Spg21",-0.189,0.12,0.358
"Ino80",0.122,0.12,0.358
"Syt13",0.146,0.12,0.358
"Ss18",0.107,0.12,0.358
"Ggt7",0.124,0.12,0.358
"Map2k5",0.137,0.12,0.358
"Kcnc3",0.113,0.121,0.358
"Notch2",0.0977,0.121,0.358
"H2-T24",0.121,0.121,0.358
"Edil3",0.108,0.121,0.358
"AA536748",0.0883,0.121,0.358
"Cep89",0.118,0.121,0.358
"Adam1b",0.115,0.121,0.358
"Armc7",0.149,0.121,0.358
"Wnk2",-0.12,0.121,0.358
"Gm17066///Rbm26",-0.133,0.121,0.358
"Nme3///Mrps34",0.102,0.121,0.358
"Anxa10",-0.126,0.121,0.358
"Atxn2",-0.194,0.121,0.358
"Psmb10",0.152,0.121,0.358
"Gmeb1",-0.134,0.121,0.358
"Tjp1",-0.195,0.121,0.358
"Coasy",-0.114,0.121,0.359
"Bmp7",0.177,0.121,0.359
"Prps2",0.118,0.121,0.359
"Hmox2",-0.12,0.121,0.359
"Zfp868",0.134,0.121,0.359
"Ptpn13",0.118,0.121,0.359
"Tmub2",-0.168,0.121,0.359
"Capn15",0.164,0.121,0.359
"Lsr",-0.125,0.121,0.359
"Ergic2",-0.105,0.121,0.359
"Rptn",0.127,0.121,0.359
"Rbks",-0.134,0.122,0.359
"Fastk",-0.14,0.122,0.359
"Angel1",-0.118,0.122,0.359
"Sult1c2",-0.181,0.122,0.359
"Enah",-0.123,0.122,0.359
"Thbs3",0.158,0.122,0.359
"Trappc2",-0.158,0.122,0.359
"Smim3",-0.137,0.122,0.359
"Slc22a5",-0.14,0.122,0.359
"Gm29721///Gm29719///Sytl3",0.145,0.122,0.36
"Grm8",0.114,0.122,0.36
"Il17d",0.116,0.122,0.36
"Faap20",-0.208,0.122,0.36
"Park2",0.1,0.122,0.36
"Pam",-0.128,0.122,0.36
"Ifi44l",-0.137,0.122,0.36
"Hspb11",-0.129,0.122,0.36
"Stat4",-0.0972,0.122,0.36
"Prdm4",-0.127,0.122,0.36
"Slc16a6",0.122,0.122,0.36
"Zbtb45",0.156,0.122,0.36
"Myo15b",-0.156,0.122,0.36
"Laptm5",-0.246,0.122,0.36
"Ogg1",0.132,0.122,0.36
"Naa10",0.119,0.123,0.36
"Pdcd2l",0.187,0.123,0.36
"Tbc1d8",0.159,0.123,0.36
"Inpp5j",-0.102,0.123,0.36
"Uxs1",0.148,0.123,0.36
"Atp9a",0.149,0.123,0.36
"Adh7",0.0995,0.123,0.36
"BC002059",0.204,0.123,0.361
"Trim12a",0.129,0.123,0.361
"Efhd1",0.132,0.123,0.361
"Spp2",-0.193,0.123,0.361
"Prodh2",0.236,0.123,0.361
"Dixdc1",0.11,0.123,0.361
"Rasgrp4",0.119,0.123,0.361
"Plk4",-0.12,0.123,0.361
"Nmrk1",-0.228,0.123,0.361
"Zfp101",0.173,0.123,0.361
"Fgd4",0.134,0.123,0.361
"Dffb",0.103,0.123,0.361
"DXErtd11e",0.134,0.123,0.361
"Ubl4b",0.132,0.123,0.361
"Rab3d",0.108,0.123,0.361
"Smg6",0.12,0.123,0.361
"Cct5",0.0972,0.123,0.361
"Naa30",-0.131,0.124,0.362
"Kifap3",-0.133,0.124,0.362
"Il7r",0.126,0.124,0.362
"Ipp",-0.138,0.124,0.362
"Fam118a",0.234,0.124,0.362
"Pon3",-0.142,0.124,0.362
"Gins4",-0.107,0.124,0.362
"Cmip",0.171,0.124,0.362
"Pcdhac2///Pcdhac1///Pcdha8///Pcdha2///Pcdha12///Pcdha3///Pcdha9///Pcdha1///Pcdha10///Pcdha11///Pcdha5///Pcdha7///Pcdha6///Pcdha4",0.103,0.124,0.362
"Larp7",0.0898,0.124,0.362
"Ubp1",0.134,0.124,0.363
"Seh1l",-0.169,0.124,0.363
"Aacs",0.101,0.124,0.363
"Rcc1",0.135,0.124,0.363
"Cecr5",0.0967,0.124,0.363
"Yes1",-0.156,0.125,0.364
"Dynlrb1",-0.109,0.125,0.364
"Aar2",0.126,0.125,0.364
"Ngdn",0.153,0.125,0.364
"Crip3",0.112,0.125,0.364
"Crabp2",-0.13,0.125,0.364
"Nup50",0.127,0.125,0.364
"Slc51a",0.151,0.125,0.364
"Ykt6",0.112,0.125,0.364
"Rbm26",-0.175,0.125,0.364
"Pelo",0.106,0.125,0.364
"Ccl11",0.116,0.125,0.364
"Pafah1b3",0.168,0.125,0.364
"Metrn",0.168,0.125,0.364
"Tnk2",0.135,0.125,0.364
"Pdk4",-0.299,0.125,0.364
"Smndc1",-0.14,0.125,0.364
"Mrps25",-0.131,0.125,0.364
"Kif22",0.16,0.125,0.364
"Xiap",0.1,0.125,0.364
"Inpp5e",0.154,0.125,0.365
"Syt11",-0.167,0.126,0.365
"Mmgt2",-0.133,0.126,0.365
"2210016L21Rik",0.144,0.126,0.365
"Vmn1r47",0.0913,0.126,0.365
"Bckdk",-0.131,0.126,0.365
"Eya3",0.122,0.126,0.365
"P3h3",0.119,0.126,0.365
"Gpc6",0.117,0.126,0.365
"Oxct2a",0.105,0.126,0.365
"Best2",-0.134,0.126,0.365
"Farp1",0.127,0.126,0.365
"Fibp",-0.151,0.126,0.365
"Adamts7",-0.146,0.126,0.365
"Col9a3",0.0885,0.126,0.366
"Ptk6",0.169,0.126,0.366
"Krtap21-1",0.108,0.126,0.366
"Pik3ca",0.15,0.126,0.366
"Pcdhb4",0.11,0.126,0.366
"Fastkd1",-0.162,0.126,0.366
"Ube4a",0.143,0.126,0.366
"Acin1",0.114,0.126,0.366
"Hint1",0.0992,0.126,0.366
"Ttc28",0.123,0.127,0.366
"Chrne",0.142,0.127,0.366
"Sp5",-0.131,0.127,0.366
"Olfr156",0.111,0.127,0.366
"Slc25a29",0.102,0.127,0.366
"Helb",0.133,0.127,0.366
"Ces1c",0.0968,0.127,0.366
"Ephb2",0.176,0.127,0.366
"LOC102632565///Gm15466///Ptma",0.13,0.127,0.366
"Osbpl1a",-0.175,0.127,0.366
"H2afx",0.15,0.127,0.367
"1700001G17Rik",0.1,0.127,0.367
"Arap2",-0.124,0.127,0.367
"Otog",-0.0998,0.127,0.367
"Dusp1",0.412,0.127,0.367
"Cdcp1",-0.199,0.127,0.367
"Sell",0.144,0.127,0.367
"Med26",0.182,0.127,0.367
"Ckm",0.175,0.127,0.367
"Rtcb",-0.136,0.127,0.367
"Erbb2",0.205,0.127,0.367
"Arih1",0.116,0.127,0.367
"Slc15a2",0.259,0.127,0.367
"Gprc5b",0.104,0.128,0.367
"Slc30a1",0.134,0.128,0.367
"Mixl1",0.162,0.128,0.368
"Far1",0.094,0.128,0.368
"Pak1",0.154,0.128,0.368
"Smg5",0.142,0.128,0.368
"Rgs20",0.0992,0.128,0.368
"Gata1",0.128,0.128,0.368
"Gm3448///Gm3417///Tcte3",-0.126,0.128,0.368
"Gcg",0.137,0.128,0.368
"Sod3",-0.181,0.128,0.368
"Smim11",0.109,0.128,0.368
"Kazald1",0.143,0.128,0.369
"Serpina1c",0.133,0.128,0.369
"Tle1",0.24,0.128,0.369
"Gipc2",-0.145,0.129,0.369
"Aldoart1",0.092,0.129,0.369
"Reg3g",0.304,0.129,0.369
"Bcl2l15",0.141,0.129,0.369
"Nfe2l3",0.15,0.129,0.369
"Insm2",-0.0902,0.129,0.369
"Hcn3",0.114,0.129,0.369
"Sept9",-0.191,0.129,0.369
"Ppm1a",-0.132,0.129,0.37
"Smarcad1",-0.0955,0.129,0.37
"Pald1",0.11,0.129,0.37
"Maoa",-0.229,0.129,0.37
"Scrt1",0.115,0.129,0.37
"Krtap5-1",0.113,0.129,0.37
"Aldh1a3",0.148,0.129,0.37
"Igkv6-14///Igkv6-23///Igkv8-19///Igk-V28",0.134,0.129,0.37
"Fgf11",0.0953,0.129,0.37
"Zbtb32",0.155,0.129,0.37
"Marveld1",0.176,0.129,0.37
"Cacna1g",0.104,0.129,0.371
"Pgam2",0.119,0.13,0.371
"4933421I07Rik",0.137,0.13,0.371
"D1Pas1",0.13,0.13,0.371
"Jam2",0.117,0.13,0.371
"Kctd20",-0.114,0.13,0.371
"Stk11",0.151,0.13,0.371
"Tfpi",-0.143,0.13,0.372
"Wwp2",0.17,0.13,0.372
"Cenpv",-0.17,0.13,0.372
"Smarcd2",-0.125,0.13,0.372
"Pja1",-0.129,0.13,0.372
"5730493B19Rik",0.14,0.13,0.372
"Fanca",0.183,0.13,0.372
"Guk1",0.216,0.13,0.372
"Clca3a1",-0.0862,0.13,0.372
"Cd4",0.0915,0.13,0.372
"Cdc42bpa",0.121,0.131,0.373
"C79242",0.125,0.131,0.373
"Tyrobp",-0.219,0.131,0.373
"Ntsr1",0.139,0.131,0.373
"Cops3",-0.0937,0.131,0.373
"Nat6///Hyal1",-0.104,0.131,0.373
"Gm10224///Gm4581///Gm6937///Rpl15",-0.106,0.131,0.373
"Epha5",0.115,0.131,0.373
"1700088E04Rik",0.131,0.131,0.373
"Mvp",-0.166,0.131,0.373
"Mgme1",-0.125,0.131,0.373
"Myo6",-0.121,0.131,0.373
"Nfib",0.156,0.131,0.373
"Msn",-0.17,0.131,0.373
"Thtpa",0.113,0.131,0.374
"Hnf1b",-0.114,0.131,0.374
"Gm4943///Ndufa11",-0.114,0.131,0.374
"Znhit2",0.167,0.131,0.374
"Phf12",0.118,0.132,0.374
"Scarb1",-0.283,0.132,0.374
"Rgs5",-0.192,0.132,0.374
"Avp",0.115,0.132,0.374
"Cnpy3",-0.159,0.132,0.374
"Phldb2",-0.173,0.132,0.374
"Numa1",0.137,0.132,0.374
"Mbip",-0.148,0.132,0.374
"Mefv",-0.131,0.132,0.374
"Mgat4b",-0.203,0.132,0.374
"Akt2",0.115,0.132,0.374
"Prkci",0.127,0.132,0.375
"Gnpda1",-0.191,0.132,0.375
"Fam53a",0.127,0.132,0.375
"Fam120a",-0.0905,0.132,0.375
"Chkb",0.104,0.132,0.375
"Flywch1",0.134,0.132,0.375
"Samd4",-0.157,0.132,0.375
"Cc2d1a",0.119,0.132,0.375
"Sult2a2",-0.202,0.132,0.375
"Fam58b",-0.12,0.132,0.375
"Tmem222",0.111,0.132,0.375
"0610012G03Rik",-0.128,0.132,0.375
"Wwp1",-0.211,0.132,0.375
"Pop4",-0.114,0.132,0.375
"Psd3",0.101,0.132,0.375
"Cebpa",0.138,0.132,0.375
"Surf1",-0.103,0.132,0.375
"Abcb11",0.169,0.133,0.375
"Rab2b",0.114,0.133,0.375
"Pccb",0.0988,0.133,0.375
"Mrc2",0.114,0.133,0.375
"D530037H12Rik",-0.126,0.133,0.375
"Rpe",-0.0887,0.133,0.375
"Kxd1///Uba52",-0.0845,0.133,0.375
"Mrps9",-0.133,0.133,0.375
"Baiap2",0.156,0.133,0.376
"Ccl4",0.122,0.133,0.376
"Lima1",0.167,0.133,0.376
"Pms2",0.184,0.133,0.376
"Serpinb5",0.103,0.133,0.376
"4921530L21Rik",0.124,0.133,0.376
"Colec12",-0.179,0.133,0.376
"Nat3",-0.165,0.133,0.376
"Gsta3",0.195,0.133,0.376
"Gm9234///Ppia",0.0873,0.133,0.376
"Pfn3",0.113,0.133,0.376
"Sct",0.246,0.133,0.376
"Sema6c",0.141,0.133,0.376
"Shank3",0.14,0.133,0.376
"Abcb10",0.177,0.133,0.376
"Kif5a",0.0888,0.133,0.376
"Env",0.149,0.133,0.376
"Vamp3",0.216,0.133,0.376
"Ikbkap",-0.12,0.133,0.376
"Fyb",-0.13,0.133,0.376
"Ficd",0.16,0.133,0.376
"Cyp4a31",0.391,0.134,0.376
"Opn1mw",0.113,0.134,0.376
"Flt1",0.112,0.134,0.377
"Nras",0.132,0.134,0.377
"D7Ertd143e///Mir295",0.113,0.134,0.377
"Wfdc15b",0.132,0.134,0.377
"Klk1b1",0.116,0.134,0.377
"Akr1e1",-0.126,0.134,0.377
"Zfx///Zfa-ps",-0.159,0.134,0.377
"Prl2b1",-0.108,0.134,0.377
"Mitd1",0.089,0.134,0.377
"Nsg2",0.138,0.134,0.378
"Zkscan5",-0.125,0.134,0.378
"Rfx1",0.122,0.134,0.378
"Arhgap9",-0.131,0.135,0.378
"Ptk7",0.097,0.135,0.378
"Tex19.1",0.144,0.135,0.378
"Srfbp1",0.114,0.135,0.378
"Ighg",0.119,0.135,0.378
"Hlf",0.133,0.135,0.378
"Myl6",0.155,0.135,0.378
"Cdk5r2",0.115,0.135,0.378
"Trpc5",0.163,0.135,0.378
"Ehbp1l1",0.123,0.135,0.378
"Ngp",-0.141,0.135,0.378
"Lmnb2",0.179,0.135,0.378
"Tcta",-0.118,0.135,0.378
"Sil1",0.135,0.135,0.379
"Rasl10a",0.117,0.135,0.379
"Morn3",-0.122,0.135,0.379
"Inpp5b",-0.143,0.135,0.379
"Zyg11b",-0.168,0.135,0.379
"Lnx2",0.116,0.135,0.379
"Igfals",0.25,0.135,0.379
"Cdca7",0.116,0.135,0.379
"Mettl7a2///Mettl7a1",-0.236,0.135,0.379
"Gm16136",0.149,0.135,0.379
"Kcnj8",0.128,0.135,0.379
"Tmem192",-0.13,0.136,0.379
"Wars",-0.213,0.136,0.379
"Gzmk",0.167,0.136,0.379
"Top3a",0.0952,0.136,0.379
"Plxnc1",0.225,0.136,0.379
"Rnf44",-0.112,0.136,0.379
"Pitpnc1",0.128,0.136,0.379
"Dennd2d",-0.249,0.136,0.38
"Sostdc1",0.189,0.136,0.38
"Pomk",0.0885,0.136,0.38
"Etl4",-0.15,0.136,0.38
"Mxd4",0.1,0.136,0.38
"Abcf1",0.135,0.136,0.38
"Kmt2e",0.185,0.136,0.381
"Agt",0.184,0.137,0.381
"Gli1",-0.109,0.137,0.381
"Cntn6",-0.1,0.137,0.381
"Duoxa2",-0.113,0.137,0.381
"Cdc42ep1",-0.156,0.137,0.381
"Aloxe3",-0.102,0.137,0.381
"Ccl17",0.124,0.137,0.381
"Krtap19-2",0.118,0.137,0.381
"Tcf3",-0.174,0.137,0.381
"Tmc2",0.173,0.137,0.381
"Cuedc2",0.118,0.137,0.381
"A030005L19Rik",-0.112,0.137,0.381
"Nono",0.118,0.137,0.381
"Ccdc25",0.107,0.137,0.381
"Snrpn",0.122,0.137,0.382
"D6Ertd160e",0.128,0.137,0.382
"Dcpp1",-0.137,0.137,0.382
"Nat8f5",-0.173,0.137,0.382
"Phf20l1",-0.135,0.137,0.382
"Serp1",0.147,0.138,0.382
"Zbtb17",-0.113,0.138,0.382
"Slc25a48",0.113,0.138,0.382
"Dysf",0.0923,0.138,0.382
"Myo1c",0.137,0.138,0.382
"Nkx2-3",0.101,0.138,0.382
"Golph3",0.123,0.138,0.383
"Vps39",0.107,0.138,0.383
"Spg7",-0.107,0.138,0.383
"H2-Q5",0.104,0.138,0.383
"Fignl1",-0.13,0.138,0.383
"Ppme1",0.101,0.138,0.383
"Nampt",0.252,0.138,0.383
"Lrrc51",-0.0963,0.138,0.384
"Clstn2",0.166,0.138,0.384
"Gbp2",-0.143,0.138,0.384
"Prss35",0.135,0.139,0.384
"Nespas",0.109,0.139,0.384
"Madcam1",0.126,0.139,0.384
"Mybbp1a",-0.177,0.139,0.384
"Arhgef28",0.137,0.139,0.384
"Pdx1",0.132,0.139,0.384
"Lcn5",-0.139,0.139,0.384
"Bcl7b",0.125,0.139,0.384
"Ninj1",0.0917,0.139,0.384
"Arl1",-0.206,0.139,0.384
"Nr1d2",0.231,0.139,0.384
"Mtmr9",0.111,0.139,0.384
"Reep1",0.13,0.139,0.384
"Smyd5",0.0907,0.139,0.384
"Wwc2",-0.175,0.139,0.384
"Ppp1r21",-0.138,0.139,0.384
"F11r",0.128,0.139,0.384
"Rasal2",0.172,0.139,0.384
"Gde1",-0.188,0.139,0.384
"Gm4354///Gm5589///Bzw2",0.116,0.139,0.385
"Tnrc6a",-0.137,0.139,0.385
"Cabp5",-0.12,0.139,0.385
"Papolg",-0.146,0.139,0.385
"Gbp3",-0.128,0.139,0.385
"Grip1",0.12,0.14,0.385
"Mgp",0.149,0.14,0.385
"Prr13",-0.122,0.14,0.385
"Gys1",-0.104,0.14,0.386
"Rtp3",0.177,0.14,0.386
"Gas5",0.19,0.14,0.386
"Zfp991",-0.0892,0.14,0.386
"Tert",-0.111,0.14,0.387
"Spag5",0.121,0.14,0.387
"Pnpla8",-0.144,0.14,0.387
"Acadl",-0.123,0.14,0.387
"Mgat4c",0.169,0.141,0.387
"E130112N10Rik///Vamp1",-0.126,0.141,0.387
"Rnf115",-0.226,0.141,0.387
"Sclt1",0.0978,0.141,0.387
"Mboat7",0.105,0.141,0.387
"Commd4",-0.102,0.141,0.387
"Mybph",0.158,0.141,0.387
"1810021B22Rik",0.095,0.141,0.387
"D2Wsu81e",0.0983,0.141,0.388
"Rnmt",0.131,0.141,0.388
"Mov10l1",0.164,0.141,0.388
"Prkra",-0.114,0.141,0.388
"Dnajc11",-0.118,0.141,0.388
"Ppp1r42",-0.104,0.141,0.388
"Gm20274",0.126,0.141,0.388
"Rad54l2",-0.105,0.141,0.388
"Parp8",0.108,0.141,0.388
"Gmcl1",0.104,0.142,0.388
"Abhd12",-0.142,0.142,0.388
"Smap2",0.117,0.142,0.389
"Cacng8",0.129,0.142,0.389
"Gdf10",-0.15,0.142,0.389
"Pdgfb",0.151,0.142,0.389
"Crocc",0.13,0.142,0.389
"Fhl5",0.122,0.142,0.389
"Cdc42ep3",0.13,0.142,0.389
"Cd209b",0.102,0.142,0.389
"Macf1",-0.13,0.142,0.389
"Lrrtm2",0.092,0.142,0.389
"Zfp119a",0.121,0.142,0.389
"B3galt2",0.089,0.142,0.389
"Pkp1",0.114,0.142,0.389
"Myom1",0.15,0.142,0.39
"Hspb1",-0.371,0.142,0.39
"Carkd",0.0997,0.142,0.39
"Smad9",0.171,0.142,0.39
"Eftud2",-0.14,0.143,0.39
"2700060E02Rik",-0.104,0.143,0.39
"LOC102632005///Ccdc34",-0.111,0.143,0.39
"Dnajc5b",0.102,0.143,0.39
"Cnih3",0.0952,0.143,0.39
"Rnf8",0.128,0.143,0.39
"Copz1",-0.105,0.143,0.39
"Tac4",-0.122,0.143,0.39
"Clcn2",0.116,0.143,0.39
"Elk1",0.0952,0.143,0.39
"Gm9706",-0.141,0.143,0.39
"Tmem106b",-0.113,0.143,0.39
"Rrp1",-0.143,0.143,0.39
"Slc4a8",0.0998,0.143,0.39
"Adora1",0.175,0.143,0.39
"Sema7a",0.125,0.143,0.39
"Copb2",-0.158,0.143,0.39
"Chrnb1",0.13,0.143,0.39
"Rmnd5b",-0.127,0.143,0.39
"Avpr2",0.165,0.143,0.39
"Lypd8",0.249,0.143,0.39
"Apobec2",0.146,0.143,0.391
"Usp13",0.108,0.143,0.391
"C87436",0.123,0.143,0.391
"Cacng4",0.105,0.144,0.391
"Nudcd1",-0.11,0.144,0.391
"Pdxp",0.104,0.144,0.391
"Rit2",-0.0768,0.144,0.391
"Stag3",0.113,0.144,0.391
"Col5a3",0.156,0.144,0.391
"Sry",0.141,0.144,0.391
"Lce1a1",-0.1,0.144,0.392
"Ino80b",0.128,0.144,0.392
"Psenen",0.105,0.144,0.392
"Matn3",-0.117,0.144,0.392
"Mbtd1",0.112,0.144,0.392
"Osr1",0.0905,0.144,0.392
"Zfp260",0.114,0.144,0.392
"Atg2b",0.151,0.144,0.392
"Cox5b",0.0945,0.144,0.392
"Ints9",0.111,0.144,0.392
"Sim2",-0.121,0.144,0.392
"Mesp2",0.0883,0.144,0.392
"Tenm1",0.12,0.144,0.392
"Rbpjl",0.103,0.144,0.392
"Agtpbp1",0.102,0.144,0.392
"Zfp1",0.127,0.144,0.392
"Msantd3",0.126,0.144,0.392
"Ifngr2",-0.125,0.144,0.392
"Arpc5l",0.111,0.144,0.392
"Abhd10",-0.109,0.144,0.392
"Tcp10b///Tcp10a",0.165,0.145,0.392
"Nqo1",-0.128,0.145,0.392
"Prkce",-0.157,0.145,0.392
"Nol6",0.0892,0.145,0.392
"Fancl",0.117,0.145,0.392
"Tmem8c",0.12,0.145,0.392
"Scamp2",-0.0897,0.145,0.392
"Ttyh1",0.0983,0.145,0.392
"Nhsl1",-0.18,0.145,0.392
"Mrpl18",-0.174,0.145,0.392
"Ifnb1",0.127,0.145,0.392
"Lce1d",0.0822,0.145,0.392
"Vps9d1",0.113,0.145,0.392
"Scn4a",-0.131,0.145,0.392
"Mfap3",0.126,0.145,0.392
"Calml3",0.136,0.145,0.392
"Mtmr14",0.112,0.145,0.392
"Mrm1",0.149,0.145,0.392
"Tsen15",-0.126,0.145,0.393
"Slc10a3",-0.132,0.145,0.393
"Dolk",-0.0988,0.145,0.393
"Jund",0.133,0.145,0.393
"Tyw5",0.227,0.146,0.393
"Zfp35",0.107,0.146,0.393
"Ctbp2",0.149,0.146,0.393
"Tff3",-0.175,0.146,0.393
"Slc39a4",0.136,0.146,0.393
"Zfp64",0.124,0.146,0.393
"Ace",0.149,0.146,0.393
"Serpini2",0.128,0.146,0.393
"Lims1",0.128,0.146,0.393
"Cacng5",0.151,0.146,0.393
"1700018B24Rik",0.107,0.146,0.393
"Pomc",-0.119,0.146,0.393
"Snd1",0.097,0.146,0.394
"Mthfd2",-0.19,0.146,0.394
"Serf2///Hypk",-0.139,0.146,0.394
"Car4",0.156,0.146,0.394
"Bola1",0.0983,0.146,0.394
"Il2rb",0.119,0.146,0.394
"Wnt3",-0.195,0.146,0.394
"Htra1",0.134,0.147,0.394
"Rnasek",0.0962,0.147,0.394
"Tox",-0.108,0.147,0.395
"Slc1a1",-0.325,0.147,0.395
"Uhrf1bp1l",0.117,0.147,0.395
"Pcbp3",0.103,0.147,0.395
"Mlxip",0.133,0.147,0.395
"Sdccag3",0.0895,0.147,0.396
"Taf1c",-0.144,0.147,0.396
"Gm6415///Ndufs6",0.109,0.147,0.396
"Pias1",0.118,0.147,0.396
"Hebp2",0.0897,0.147,0.396
"Iglv1",0.0805,0.147,0.396
"Dok3",0.108,0.147,0.396
"Ndufaf5",0.111,0.147,0.396
"Pcdhb10",0.0815,0.147,0.396
"Gm6988///Gm4963///Rps25",-0.107,0.148,0.396
"Pfdn5",-0.109,0.148,0.396
"Col20a1",0.161,0.148,0.396
"Lat",0.113,0.148,0.396
"Dach2",0.108,0.148,0.396
"Lrp2",0.131,0.148,0.396
"Krt6b",0.13,0.148,0.396
"Apon",-0.129,0.148,0.396
"6820431F20Rik",0.141,0.148,0.396
"Mrc1",-0.187,0.148,0.396
"Cyp11b2",-0.102,0.148,0.396
"Stk17b",0.192,0.148,0.396
"Mlec",-0.165,0.148,0.396
"Rhd",0.125,0.148,0.396
"Tex10",0.118,0.148,0.396
"Gfra1",-0.22,0.148,0.396
"Mdm4",0.0877,0.148,0.396
"Ccdc77",0.115,0.148,0.397
"Igkv1-135",0.104,0.148,0.397
"Top2b",0.0902,0.148,0.397
"Tsta3",0.114,0.148,0.397
"Etv4",0.091,0.148,0.397
"Pja2",0.137,0.149,0.397
"Synpr",0.0995,0.149,0.397
"Btrc",0.142,0.149,0.397
"Igkv6-23///Igkv4-53///Igkv8-30///Igkj1///Igk-V28///Igkc",0.164,0.149,0.397
"1810011O10Rik",0.16,0.149,0.397
"Lonp1",-0.133,0.149,0.398
"Aass",-0.206,0.149,0.398
"Slc37a3",-0.0968,0.149,0.398
"Gbf1",-0.119,0.149,0.398
"Trip11",-0.147,0.149,0.398
"Uqcrq",0.141,0.149,0.398
"Aanat",0.14,0.149,0.398
"Bcl7c",-0.131,0.149,0.398
"Ttc30a1",-0.109,0.149,0.398
"Elf3",0.173,0.149,0.398
"Gpr182",-0.17,0.15,0.399
"Wt1",-0.126,0.15,0.399
"Foxf2",0.144,0.15,0.399
"Pinlyp",0.105,0.15,0.399
"Ccdc106",0.168,0.15,0.399
"Deptor",-0.131,0.15,0.399
"Rps6ka3",0.118,0.15,0.399
"Eea1",0.191,0.15,0.399
"Wnt3a",0.145,0.15,0.399
"Sfxn3",0.112,0.15,0.399
"Myo5a",-0.104,0.15,0.399
"Tm4sf4",0.157,0.15,0.399
"Otc",-0.14,0.15,0.399
"Naa38",-0.0877,0.15,0.399
"Isg15///Gm9706",-0.189,0.15,0.399
"Akap10",0.098,0.15,0.4
"Ap1b1",-0.11,0.15,0.4
"Adgrb1",0.107,0.15,0.4
"Zbtb3",0.102,0.151,0.4
"9130004C02Rik",0.0963,0.151,0.4
"Pcsk1n",0.156,0.151,0.4
"Ms4a4c",-0.0975,0.151,0.4
"Chuk",-0.139,0.151,0.4
"Kdm5c",-0.14,0.151,0.4
"Prpsap2",-0.13,0.151,0.4
"Ccl8",0.111,0.151,0.4
"Rp2",-0.211,0.151,0.4
"Cited4",0.161,0.151,0.4
"Lmo7",-0.26,0.151,0.4
"Tars2",-0.116,0.151,0.4
"Pdzd3",0.209,0.151,0.4
"Gcat///Galr3",0.127,0.151,0.401
"Slc25a46",-0.13,0.151,0.401
"Ibsp",0.0965,0.151,0.401
"Aoc3",0.108,0.151,0.401
"Atp9b",-0.0997,0.151,0.401
"Krt20",0.142,0.151,0.401
"Zfp942",-0.151,0.151,0.401
"Atp2a2",-0.103,0.151,0.401
"Slc25a2",0.13,0.151,0.401
"Slit1",0.132,0.152,0.401
"Ighv14-2///Ighg3///Igh-VJ558///Ighm",0.0928,0.152,0.402
"Ripply3",0.092,0.152,0.402
"Cbwd1",0.102,0.152,0.402
"Rin2",-0.136,0.152,0.402
"Aftph",0.094,0.152,0.402
"Bloc1s4",0.138,0.152,0.403
"Msantd2",0.102,0.152,0.403
"BC021614",0.137,0.152,0.403
"Iapp",0.112,0.152,0.403
"Ccpg1",-0.22,0.152,0.403
"Commd2",-0.161,0.152,0.403
"Ryr1",0.138,0.153,0.403
"Pdcl3",-0.152,0.153,0.403
"Smox",0.192,0.153,0.403
"Psmd3",0.0897,0.153,0.403
"Pomt2",0.125,0.153,0.403
"Gripap1",0.0983,0.153,0.403
"Nfatc4",0.146,0.153,0.403
"Zic4",-0.108,0.153,0.403
"Txnrd2",0.143,0.153,0.404
"Pabpc1",-0.107,0.153,0.404
"Tbx6",0.114,0.153,0.404
"Hbegf",0.184,0.153,0.404
"Vps50",-0.135,0.153,0.404
"Nptx1",0.162,0.153,0.404
"Synj2bp",0.127,0.153,0.404
"Oosp1",0.142,0.154,0.404
"Lag3",0.103,0.154,0.404
"Lsm2",-0.125,0.154,0.404
"Mrpl12",-0.139,0.154,0.404
"Col5a1",-0.108,0.154,0.404
"Chia1",0.124,0.154,0.404
"Cpne3",-0.124,0.154,0.405
"Aipl1",-0.0937,0.154,0.405
"Dpp7",-0.098,0.154,0.405
"Gm8618///Rps23",-0.0842,0.154,0.405
"Egfl8",0.136,0.154,0.405
"Anxa1",-0.104,0.154,0.405
"Flii",0.104,0.154,0.406
"Mtmr4",0.131,0.154,0.406
"Gzme",0.122,0.155,0.406
"AU040320",0.156,0.155,0.406
"Mms19",0.126,0.155,0.406
"Ctla2a",0.117,0.155,0.406
"Acot10///Acot9",-0.171,0.155,0.406
"Myf6",0.0918,0.155,0.406
"Serpina3a",0.104,0.155,0.406
"Trim62",0.115,0.155,0.406
"9030624J02Rik",0.136,0.155,0.407
"Serpinb7",0.129,0.155,0.407
"Ebf2",-0.0952,0.155,0.407
"Matr3",-0.16,0.155,0.407
"Mfi2",0.129,0.155,0.407
"Tipin",-0.137,0.155,0.407
"Kctd11",0.106,0.156,0.407
"Adam23",-0.156,0.156,0.407
"Gdf2",0.109,0.156,0.407
"Cdc25a",0.182,0.156,0.408
"Sept3",0.101,0.156,0.408
"Smn1",-0.127,0.156,0.408
"Gm21399///Prdx1",-0.147,0.156,0.408
"Pttg1",0.139,0.156,0.408
"Vmn2r47///Vmn2r45///Gm10302///Vmn2r34///Vmn2r42///Vmn2r37",0.12,0.156,0.408
"Kif21a",0.111,0.156,0.408
"Hdlbp",-0.103,0.156,0.408
"Vrk3",-0.111,0.156,0.408
"Ube2j1",0.142,0.156,0.408
"Ifna9",0.0832,0.156,0.408
"Polr2f",0.123,0.156,0.408
"LOC100862245///LOC100041712///Gm16513///Gm3183///Gm3139///LOC100038995///Gm16367",0.0952,0.156,0.408
"Eci3",0.112,0.156,0.408
"Ypel5",-0.12,0.157,0.409
"Fancm",0.136,0.157,0.409
"Acvr1b",0.135,0.157,0.409
"Mif4gd",0.114,0.157,0.41
"Gabpb1",0.132,0.157,0.41
"Rnf128",0.0935,0.157,0.41
"Gm11575///Gm10177///Sec61g",-0.124,0.157,0.41
"Eif2b2",0.122,0.157,0.41
"Aida",-0.116,0.157,0.41
"Zfp467",0.0898,0.157,0.41
"Myoz2",0.127,0.157,0.41
"Iqsec1",-0.0952,0.157,0.41
"Ccdc43",0.15,0.157,0.41
"Phxr1",0.147,0.157,0.41
"Ccni",-0.26,0.158,0.41
"Cyb5d1",-0.0975,0.158,0.41
"Klk1b3",0.106,0.158,0.41
"Vmn1r29",-0.114,0.158,0.41
"Cox6a1",0.0945,0.158,0.41
"Krt12",0.146,0.158,0.41
"Cphx3///Cphx2///Cphx1",0.0952,0.158,0.41
"Hira",0.0918,0.158,0.41
"Bcl2l10",-0.144,0.158,0.41
"Cbx2",-0.183,0.158,0.41
"Cd7",0.126,0.158,0.41
"Wdr55",0.104,0.158,0.41
"Ndufb10",-0.116,0.158,0.41
"Mmp20",0.113,0.158,0.41
"Tmem175",-0.099,0.158,0.41
"Crybb3",0.119,0.158,0.41
"Grb7",0.109,0.158,0.411
"Bsdc1",-0.0998,0.158,0.411
"Adrb2",-0.106,0.158,0.411
"Pdcd6ip",0.114,0.158,0.411
"Srgn",-0.2,0.158,0.411
"Ippk",0.117,0.158,0.411
"Trappc6a",-0.12,0.158,0.412
"Zbtb21",0.117,0.158,0.412
"Cst3",-0.113,0.159,0.412
"Snw1",-0.117,0.159,0.412
"Cradd",-0.133,0.159,0.412
"Men1",0.138,0.159,0.412
"Stxbp4",0.0978,0.159,0.412
"Dgat2",0.0905,0.159,0.412
"Foxn2",-0.154,0.159,0.412
"Casp2",0.18,0.159,0.412
"Snx12",-0.161,0.159,0.412
"Keap1",0.102,0.159,0.412
"Ranbp9",-0.144,0.159,0.412
"Skil",0.145,0.159,0.412
"Osbpl6",0.164,0.159,0.412
"Krt75",-0.118,0.159,0.412
"Kcnj1",0.0933,0.159,0.412
"Mxi1",0.128,0.159,0.412
"Zan",0.124,0.159,0.412
"4930544G11Rik",0.099,0.159,0.412
"Aoc1",0.141,0.159,0.412
"Clec3b",0.0903,0.159,0.412
"Slc45a2",0.133,0.159,0.412
"Syne4",0.125,0.159,0.412
"Dnph1",-0.109,0.159,0.412
"Ly9",0.143,0.159,0.412
"Cdh22",0.179,0.159,0.412
"C2cd3",0.112,0.16,0.412
"Ten1",-0.156,0.16,0.412
"Pacs1",0.115,0.16,0.412
"Taf10",0.0922,0.16,0.412
"Zfp354a",0.119,0.16,0.412
"Sgca",0.131,0.16,0.413
"3110043O21Rik",-0.142,0.16,0.413
"Onecut1",0.221,0.16,0.413
"Ccdc82",-0.0945,0.16,0.413
"Chil3",-0.114,0.16,0.413
"Myocd",0.1,0.16,0.413
"F8a",0.137,0.16,0.413
"Strap",-0.133,0.16,0.413
"Pi4k2b",-0.0895,0.16,0.413
"Slk",0.163,0.16,0.413
"Tysnd1",0.111,0.16,0.413
"Prl7d1",0.0972,0.16,0.413
"Cdsn",-0.0877,0.16,0.413
"Tsc1",0.131,0.16,0.413
"Zmynd10",0.1,0.16,0.414
"Acads",-0.095,0.16,0.414
"Nmbr",0.103,0.161,0.414
"Flt4",-0.118,0.161,0.414
"Cbx8",0.109,0.161,0.414
"1600014C10Rik",-0.0943,0.161,0.414
"Timm22",0.13,0.161,0.414
"Fis1",0.116,0.161,0.414
"Tpp2",0.108,0.161,0.414
"Napb",0.111,0.161,0.414
"Mtss1",0.142,0.161,0.414
"Hoxc6",0.0917,0.161,0.415
"Lgi4",0.104,0.161,0.415
"Trav9d-3",0.167,0.161,0.415
"Paf1",0.144,0.161,0.415
"Actl11",0.0978,0.161,0.415
"LOC101056284///Ighv14-2///Ighg3///Igh-VJ558///Ighm",-0.105,0.161,0.415
"Ceacam10",-0.146,0.161,0.415
"Itsn2",-0.145,0.161,0.415
"Guca1b",0.116,0.161,0.415
"Ap4b1",-0.109,0.161,0.415
"Ifit2",-0.103,0.161,0.415
"Serpinb6c",0.204,0.161,0.415
"Lnx1",-0.094,0.162,0.415
"Uri1",0.102,0.162,0.415
"Ube2a",-0.143,0.162,0.415
"Ppp2r2d",0.101,0.162,0.415
"Uts2",0.115,0.162,0.415
"Rasa2",0.146,0.162,0.415
"Eif3g",0.105,0.162,0.416
"Eif4g3",-0.0992,0.162,0.416
"Zwilch",0.0937,0.162,0.416
"Peg12",0.0967,0.162,0.416
"Nrde2",0.0897,0.162,0.416
"Zfp644",-0.14,0.162,0.417
"Dnmbp",-0.136,0.163,0.417
"Glyctk",0.18,0.163,0.417
"Rorc",-0.134,0.163,0.417
"Plau",0.0805,0.163,0.417
"Trpv2",0.135,0.163,0.417
"D17892",0.115,0.163,0.417
"Plxnb2",-0.0978,0.163,0.417
"Evl",-0.13,0.163,0.417
"Trpc4",0.132,0.163,0.417
"Creb3l2",-0.128,0.163,0.417
"Spock2",-0.138,0.163,0.417
"Inca1",-0.264,0.163,0.417
"Stc1",0.11,0.163,0.417
"Cbln1",0.121,0.163,0.417
"Cdh8",0.106,0.163,0.417
"Pcnx3",0.0973,0.163,0.417
"Lhx9",-0.13,0.163,0.417
"Pim1",-0.115,0.163,0.417
"Rad51d",-0.18,0.163,0.418
"Fabp3",0.187,0.163,0.418
"Pln",0.103,0.163,0.418
"2310034C09Rik",0.103,0.163,0.418
"Bche",-0.113,0.164,0.418
"Rhpn2",-0.188,0.164,0.418
"Spata5",0.09,0.164,0.418
"l7Rn6",-0.152,0.164,0.418
"Clps",-0.551,0.164,0.418
"Dscam",0.11,0.164,0.418
"Tbc1d20",0.137,0.164,0.418
"Lce1f",0.161,0.164,0.418
"Vill",0.127,0.164,0.418
"Gbp8",-0.106,0.164,0.418
"Slc44a1",0.113,0.164,0.418
"Tmem143",0.11,0.164,0.418
"Chrnb2",0.119,0.164,0.418
"Crym",-0.144,0.164,0.418
"Lta",0.132,0.164,0.418
"Trip12",-0.114,0.164,0.418
"Arrb1",0.146,0.164,0.418
"Agpat1",0.161,0.164,0.418
"Fam76a",0.107,0.164,0.419
"Otub2",0.174,0.165,0.419
"Sox6",-0.136,0.165,0.419
"Tnnc1",-0.128,0.165,0.419
"Brat1",-0.0947,0.165,0.419
"Rapgef6",0.104,0.165,0.419
"Papln",0.153,0.165,0.419
"Sra1",0.0945,0.165,0.419
"Mgat3",-0.141,0.165,0.419
"Cysltr1",0.133,0.165,0.419
"Il3",0.093,0.165,0.419
"Rtfdc1",-0.175,0.165,0.419
"Eda",-0.118,0.165,0.419
"Plet1",-0.107,0.165,0.419
"Grid2",0.127,0.165,0.419
"Bex1",0.0893,0.165,0.42
"Napsa",0.157,0.165,0.42
"Gpatch2",0.123,0.165,0.42
"Llgl2",0.159,0.165,0.42
"Rab4a",0.117,0.166,0.42
"Gm13286///Gm13288///Gm13287///Gm13285///Gm13279///Gm13275///Gm13278///Gm13277///Gm13276///Gm13272///Gm13289///Gm13290///Gm13283///Gm13271///Ifnz",0.0843,0.166,0.42
"Smad6",0.201,0.166,0.42
"Banp",0.134,0.166,0.42
"Krtap28-13",0.124,0.166,0.42
"Wbp4",-0.0998,0.166,0.42
"Gle1",0.102,0.166,0.42
"Cr2",0.103,0.166,0.42
"LOC102638110///LOC100861615///Gm3164///Gm3173///Gm3739///Gm3696///Gm3667///Gm3194///Gm3558///Gm3488///Gm3500///Gm10409///Gm3383///Gm3264///Gm3252///Gm3239///Gm3636///Gm3115///Gm3095///Gm3002///Gm10340///Gm2897///Gm16525///Gm3373///Gm3317///Gm5796",0.0955,0.166,0.42
"Wnt8b",0.138,0.166,0.421
"Rdh12",0.124,0.166,0.421
"Arid1a",-0.0885,0.166,0.421
"Tmem68",0.131,0.166,0.421
"Slc35a5",-0.134,0.166,0.421
"Dnase1l2",0.114,0.166,0.421
"Atp6v0b",0.176,0.166,0.421
"Mapk9",0.142,0.166,0.421
"Taf1b",-0.14,0.166,0.421
"Fam91a1",-0.126,0.167,0.422
"Gne",-0.135,0.167,0.422
"Gpr19",0.0832,0.167,0.422
"Dock5",0.118,0.167,0.422
"Hyou1",0.16,0.167,0.422
"Cxx1c",-0.105,0.167,0.422
"Trp53rka///Trp53rkb",-0.123,0.167,0.422
"Ugt2b38",0.653,0.167,0.422
"Cygb",-0.13,0.167,0.422
"Elp5",0.0862,0.167,0.422
"Lifr",-0.176,0.167,0.422
"Fhl4",0.133,0.167,0.422
"Aptx",-0.148,0.167,0.422
"Clasrp",0.116,0.167,0.422
"Cryab",0.138,0.167,0.422
"Ppp2r5a",-0.107,0.167,0.423
"C78344",0.0897,0.167,0.423
"Ccl7",0.199,0.167,0.423
"Batf3",-0.129,0.167,0.423
"Fam105a",0.106,0.168,0.423
"March7",0.119,0.168,0.423
"Nt5c3b",0.0832,0.168,0.423
"Oxt",0.112,0.168,0.423
"Elac2",0.114,0.168,0.423
"D9Ertd26e",0.104,0.168,0.423
"Myo1b",0.123,0.168,0.423
"Abca8a",0.279,0.168,0.423
"Krtap19-9b",-0.127,0.168,0.424
"Vamp2",0.114,0.168,0.424
"Gnpda2",0.128,0.168,0.424
"Ttll3",0.103,0.168,0.424
"U2af1l4///Igflr1",0.169,0.169,0.424
"Map7d1",0.122,0.169,0.424
"Mep1a",0.124,0.169,0.424
"Akr1c14",-0.214,0.169,0.424
"Dnajb8",0.138,0.169,0.424
"Krt81",0.0997,0.169,0.424
"Hic2",0.0872,0.169,0.424
"2310010J17Rik",-0.105,0.169,0.424
"Cd86",-0.15,0.169,0.425
"Fam76b",0.151,0.169,0.425
"9530002B09Rik",0.156,0.169,0.425
"Ehd2",-0.0973,0.169,0.425
"Nup85",0.083,0.169,0.425
"Bst1",0.144,0.169,0.425
"Mtnr1a",-0.117,0.169,0.425
"Krtap4-2",0.095,0.169,0.425
"Hectd3",-0.187,0.169,0.425
"Tpsb2",0.111,0.169,0.425
"Gm5576///Eif4a3",0.137,0.169,0.425
"Dnaaf2///Rpl36al///Rpl36a",-0.0898,0.17,0.425
"Htr1d",-0.139,0.17,0.425
"Lama3",0.179,0.17,0.425
"E2f3",0.0893,0.17,0.425
"Vhl",0.119,0.17,0.425
"Gm15453///Rbm3",-0.153,0.17,0.425
"Dnm3os///Mir214",0.0878,0.17,0.426
"Eif3i",0.0793,0.17,0.426
"AA511261",0.117,0.17,0.426
"Naip5",0.141,0.17,0.426
"Zfp738///Zfp65",-0.0933,0.17,0.426
"Gpr12",0.0978,0.17,0.426
"Pkn1///Ptger1",0.116,0.17,0.426
"Slc26a7",0.101,0.17,0.426
"Rnf26",-0.136,0.17,0.426
"Pptc7",-0.164,0.17,0.426
"Coro2a",0.217,0.17,0.426
"Ar",0.104,0.17,0.426
"Fgl2",0.119,0.17,0.426
"Mlycd",-0.113,0.17,0.426
"Ndufv3",0.074,0.17,0.426
"Tprkb",0.121,0.17,0.426
"Krtap6-5",-0.0797,0.17,0.426
"Cdc73",-0.0825,0.17,0.426
"Pgam5",-0.103,0.171,0.426
"Odf1",-0.133,0.171,0.426
"Eogt",0.116,0.171,0.426
"Lyl1",0.127,0.171,0.426
"Acvr2b",0.0975,0.171,0.427
"Fam101b",-0.145,0.171,0.427
"D17H6S56E-5",0.146,0.171,0.427
"Spata19",0.0813,0.171,0.427
"Psmg4",-0.109,0.171,0.427
"Fpr-rs4",0.117,0.171,0.427
"Oas1h",0.137,0.171,0.428
"Tax1bp1",0.125,0.171,0.428
"Leap2",-0.267,0.172,0.428
"Ciita",0.113,0.172,0.428
"Klhl13",-0.104,0.172,0.428
"Nudt19",0.108,0.172,0.428
"Rfwd2",0.0923,0.172,0.428
"2310050C09Rik",0.16,0.172,0.429
"Grpel1",-0.096,0.172,0.429
"Ninj2",-0.105,0.172,0.429
"Lonp2",0.125,0.172,0.429
"Gpr33",0.102,0.172,0.429
"Bdh1",0.191,0.172,0.429
"Rps7",-0.101,0.172,0.429
"Eif2b4",0.109,0.172,0.429
"Spi1",0.123,0.172,0.429
"Gm15270",0.129,0.172,0.429
"Myc",-0.291,0.172,0.429
"Serac1",0.107,0.172,0.429
"Gfpt2",0.131,0.172,0.429
"Psg16",-0.103,0.172,0.429
"Fam122a",-0.1,0.172,0.429
"Mrps34",-0.0915,0.172,0.429
"Hmbox1",0.117,0.173,0.429
"Maats1",-0.098,0.173,0.429
"Cuedc1",0.123,0.173,0.429
"Fbxw8",-0.115,0.173,0.429
"Wdr31",0.137,0.173,0.429
"Elmo1",0.113,0.173,0.43
"Tmigd1",0.217,0.173,0.43
"Gm4027///BB287469///Eif1a",0.091,0.173,0.43
"Toporsos",0.084,0.173,0.43
"Tcf7l2",0.0895,0.173,0.43
"Cxcl16",-0.127,0.173,0.43
"Bzw2",0.138,0.173,0.43
"Mybl2",0.0842,0.173,0.43
"Fyn",0.107,0.173,0.43
"Btg2",-0.137,0.173,0.43
"Atp8b2",0.109,0.173,0.43
"Chic2",0.152,0.173,0.43
"Ncf2",0.116,0.173,0.43
"Obox2///Obox1",0.115,0.173,0.43
"Ptpro",-0.131,0.174,0.43
"Trim44",-0.14,0.174,0.43
"Parm1",0.154,0.174,0.431
"Tprn",0.159,0.174,0.431
"Topors",0.149,0.174,0.431
"DXErtd223e",0.0918,0.174,0.431
"Id4",0.169,0.174,0.431
"Fgf9",0.092,0.174,0.431
"Ccnd3",-0.101,0.174,0.431
"Cd207",0.125,0.174,0.431
"Shprh",-0.135,0.174,0.432
"Prkca",0.148,0.174,0.432
"Siglecf",-0.107,0.174,0.432
"Kel",0.11,0.174,0.432
"Vipr2",0.104,0.175,0.432
"Stxbp1",0.105,0.175,0.432
"Pih1d1",-0.101,0.175,0.432
"Slc7a9",-0.239,0.175,0.432
"Eepd1",0.134,0.175,0.432
"Mri1",0.131,0.175,0.432
"B3gnt5",-0.0897,0.175,0.432
"Atoh1",-0.242,0.175,0.432
"Acot7",0.159,0.175,0.432
"P3h4",0.131,0.175,0.432
"Tcte2",0.183,0.175,0.432
"Rpp40",0.104,0.175,0.432
"Myl10",0.117,0.175,0.432
"Cse1l",0.123,0.175,0.433
"Nlrp4c",0.1,0.175,0.433
"Zfp622",0.107,0.175,0.433
"Shfm1",-0.0747,0.175,0.433
"Htr1a",0.0915,0.175,0.433
"Man1a2",0.132,0.175,0.433
"Recql",-0.104,0.175,0.433
"Ptpn6",-0.229,0.175,0.433
"Cdk5rap2",0.145,0.175,0.433
"Rwdd4a",-0.144,0.175,0.433
"Efna4",0.147,0.176,0.433
"Mrps12",-0.103,0.176,0.433
"Cep104",0.114,0.176,0.433
"Rps4x",0.144,0.176,0.433
"Gtf3c6",0.0842,0.176,0.433
"Fmo1",-0.125,0.176,0.433
"Ubr5",0.105,0.176,0.433
"Pde4dip",0.149,0.176,0.433
"Ubxn6",0.0775,0.176,0.433
"Slc6a20a",0.133,0.176,0.433
"Clcn4",0.126,0.176,0.433
"Lrrc46",0.0887,0.176,0.433
"Psmd14",0.0995,0.176,0.433
"Rabgap1l",0.101,0.176,0.433
"Iscu",-0.0935,0.176,0.433
"Krtap8-1",-0.112,0.176,0.433
"Mutyh",0.15,0.176,0.433
"Gnas",0.128,0.176,0.433
"Sstr5",0.13,0.176,0.433
"Glb1l///Ankzf1",0.114,0.176,0.433
"Shoc2",0.0842,0.176,0.433
"Anapc16",-0.11,0.176,0.433
"Cacna1e",0.0953,0.176,0.433
"Rad23b",-0.164,0.176,0.433
"Npm1",0.101,0.176,0.433
"Tdrd7",-0.122,0.176,0.433
"Gdf11",0.101,0.176,0.433
"Paxbp1",0.119,0.176,0.434
"Pag1",0.088,0.177,0.434
"Rims2",0.0903,0.177,0.434
"Dact1",0.148,0.177,0.434
"Dhrs3",-0.149,0.177,0.434
"Abcg1",-0.143,0.177,0.434
"Vps54",-0.116,0.177,0.435
"Gpatch8",-0.126,0.177,0.435
"Lif",0.101,0.177,0.435
"Rnf157",0.106,0.177,0.435
"Vmn1r14",0.0907,0.177,0.435
"Bard1",0.157,0.177,0.435
"Gm21685///Entpd4",-0.114,0.177,0.435
"Oscar",0.139,0.177,0.435
"Ccr4",0.143,0.178,0.435
"Atf7",0.108,0.178,0.435
"Sorcs1",0.0857,0.178,0.435
"Vcl",0.105,0.178,0.435
"Angptl3",-0.125,0.178,0.435
"Gpm6b",0.115,0.178,0.435
"Kcnj2",-0.0792,0.178,0.435
"Rab7b",0.0893,0.178,0.435
"Ttll1",0.126,0.178,0.435
"Tceal3///Tceal5///Tceal6",0.117,0.178,0.435
"Map3k14",0.111,0.178,0.436
"Ms4a6d",0.081,0.178,0.436
"Myh8",0.0837,0.178,0.436
"Eif3h",-0.101,0.178,0.436
"Hand1",0.0787,0.178,0.436
"Sytl4",-0.117,0.178,0.436
"Aff4",0.192,0.178,0.436
"Preb",-0.118,0.178,0.436
"Tlx2",0.0918,0.178,0.436
"Habp2",0.111,0.178,0.436
"Mgarp",0.137,0.178,0.436
"Mir5136///5730408K05Rik",0.113,0.178,0.436
"Dnajc24",-0.129,0.179,0.436
"Gna13",-0.195,0.179,0.436
"Plpp2",-0.112,0.179,0.436
"Ndufb2",-0.0907,0.179,0.437
"Psmb8",0.157,0.179,0.437
"B3galt5",0.13,0.179,0.437
"Ppcdc",0.124,0.179,0.437
"Lect2",-0.272,0.179,0.437
"Tpst1",-0.114,0.179,0.438
"Dhx38",0.102,0.179,0.438
"Cst8",-0.109,0.18,0.438
"Lss",-0.149,0.18,0.438
"Slc6a9",0.118,0.18,0.438
"Slc25a3",-0.0928,0.18,0.438
"Klhl11",0.107,0.18,0.438
"Sgsm3",0.0887,0.18,0.438
"Chek2",-0.107,0.18,0.439
"Crk",0.15,0.18,0.439
"Pin1",-0.112,0.18,0.439
"Tor3a",-0.103,0.18,0.439
"Ndufa4",-0.0985,0.181,0.439
"Polr2c",0.0945,0.181,0.439
"Slc2a1",-0.141,0.181,0.439
"Atp1a1",-0.103,0.181,0.439
"Taf1d",0.0935,0.181,0.439
"Tenm2",0.133,0.181,0.44
"Cbx6",-0.139,0.181,0.44
"Epha7",-0.0762,0.181,0.44
"Cylc1",0.0998,0.181,0.44
"Dll1",-0.0858,0.181,0.44
"Emc10",0.0993,0.181,0.44
"Tril",0.0978,0.181,0.44
"Uqcrb",-0.122,0.182,0.441
"Rfc5",0.119,0.182,0.441
"Arrdc4",0.128,0.182,0.441
"Als2cl",0.138,0.182,0.441
"Amot",0.125,0.182,0.441
"Nek7",0.125,0.182,0.441
"F8",-0.121,0.182,0.441
"Sftpd",0.101,0.182,0.441
"Ncbp2",-0.106,0.182,0.441
"Bhlhe40",-0.219,0.182,0.441
"Tmem116",0.11,0.182,0.441
"Clic3",0.0822,0.182,0.442
"Mmp11",-0.108,0.182,0.442
"Gm5620///Tuba1b",0.156,0.182,0.442
"Actl7a",0.122,0.182,0.442
"2310061I04Rik",-0.0952,0.182,0.442
"Smo",-0.111,0.183,0.442
"Arpc4",-0.104,0.183,0.442
"Cnbp",-0.135,0.183,0.442
"Mup4",-0.13,0.183,0.442
"Tmem40",0.154,0.183,0.442
"Puf60",0.107,0.183,0.442
"Aurkc",0.109,0.183,0.443
"Oprd1",0.103,0.183,0.443
"Pip5k1c",0.114,0.183,0.443
"Pign",-0.0997,0.183,0.443
"Calb1",0.113,0.183,0.443
"Sh2b2",0.0915,0.183,0.443
"Hhip",-0.141,0.183,0.443
"Pkp4",0.105,0.183,0.443
"Rreb1",-0.122,0.184,0.443
"Acta1",0.443,0.184,0.443
"Ndufa2",0.0955,0.184,0.443
"Maged1",-0.195,0.184,0.443
"Ntng1",0.0975,0.184,0.443
"Epn3",0.127,0.184,0.443
"Prdm9",0.117,0.184,0.444
"Trit1",-0.165,0.184,0.444
"Spg20",0.122,0.184,0.444
"Fam117b",0.115,0.184,0.444
"Fam81a",0.118,0.184,0.444
"Tmc1",0.105,0.184,0.444
"Krt33b",0.102,0.184,0.444
"Igdcc3",0.146,0.184,0.444
"Rpl39l",0.0853,0.184,0.444
"Rhbdl3",0.111,0.184,0.444
"Gdap1l1",0.112,0.184,0.444
"Med24",0.108,0.184,0.444
"Ankrd22",0.073,0.184,0.444
"Per2",0.158,0.184,0.444
"Kif5c",-0.0895,0.184,0.444
"Phgr1",0.125,0.185,0.444
"Rab3a",0.0987,0.185,0.445
"Rfx5",-0.16,0.185,0.445
"Slc5a6",-0.0887,0.185,0.445
"Serpind1",0.2,0.185,0.445
"Plk1",0.11,0.185,0.445
"Adgrv1",0.0782,0.185,0.445
"Appl1",-0.126,0.185,0.445
"Bcl2",0.0888,0.185,0.445
"Kcnma1",0.0832,0.185,0.445
"Nelfcd",0.137,0.185,0.445
"Nme6",0.135,0.185,0.445
"Gm28042///Jmjd7",0.129,0.185,0.445
"Sftpc",0.13,0.185,0.445
"Dolpp1",-0.102,0.185,0.445
"Grap2",0.0863,0.185,0.445
"Grwd1",-0.079,0.185,0.445
"D17Wsu92e",0.103,0.185,0.445
"Dkkl1",0.169,0.185,0.445
"Tac2",0.125,0.185,0.445
"Rsad2",-0.142,0.185,0.445
"AF067063",0.12,0.186,0.446
"Cd3d",0.147,0.186,0.446
"Pf4",-0.089,0.186,0.446
"Spidr",0.118,0.186,0.446
"Ddt",0.0698,0.186,0.446
"Cd48",-0.19,0.186,0.446
"A230046K03Rik",0.0928,0.186,0.446
"Fbxo22",0.107,0.186,0.446
"Ascl2",0.0835,0.186,0.446
"Syt12",0.146,0.186,0.446
"Dock2",0.0857,0.186,0.446
"Rala",0.135,0.186,0.447
"Emc4",0.164,0.186,0.447
"Mum1",-0.101,0.186,0.447
"Mcts2",0.118,0.186,0.447
"Necap2",0.126,0.186,0.447
"Exoc1",-0.137,0.187,0.447
"Lrrc42",0.132,0.187,0.447
"Rnf123",0.0767,0.187,0.447
"Sugp2",0.0868,0.187,0.447
"Rgs14",0.0925,0.187,0.447
"Emc7",0.139,0.187,0.447
"Gm38402",0.105,0.187,0.447
"Cplx4",0.103,0.187,0.447
"Vsnl1",-0.128,0.187,0.447
"Psmd4",0.0905,0.187,0.447
"Tdrd1",0.142,0.187,0.447
"Cel",-0.577,0.187,0.448
"Apoa2",-0.08,0.187,0.448
"Mkrn3",-0.0895,0.187,0.448
"3110040N11Rik",-0.148,0.187,0.448
"Ilkap",0.121,0.187,0.448
"Wdr5",0.0972,0.187,0.448
"Lpin3",0.137,0.188,0.448
"Rbm18",0.0982,0.188,0.448
"Fzr1",0.124,0.188,0.448
"Zfp59",0.134,0.188,0.448
"Cyp4f14",0.193,0.188,0.448
"Cul1",0.124,0.188,0.448
"Slain2",-0.132,0.188,0.448
"Zfp37",0.0985,0.188,0.448
"Cav1",-0.102,0.188,0.448
"Pter",-0.16,0.188,0.448
"Nr6a1",-0.109,0.188,0.448
"Fv1",0.105,0.188,0.449
"Crtc3",0.106,0.188,0.449
"Ahcyl2",0.0885,0.188,0.449
"Pip4k2a",0.13,0.188,0.449
"Ksr1",0.124,0.189,0.449
"Sept1",-0.0898,0.189,0.449
"Zfp638",0.104,0.189,0.449
"Smim19",-0.155,0.189,0.449
"Morf4l1b///Morf4l1",-0.1,0.189,0.449
"Ptprs",0.121,0.189,0.449
"Stk24",0.113,0.189,0.45
"Hbb-bt///Hbb-bs///Hbb-b2///Hbb-b1",-0.102,0.189,0.45
"Btbd17",0.0995,0.189,0.45
"Zfp202",0.111,0.189,0.45
"2010107G23Rik",-0.142,0.189,0.45
"Ofa",-0.117,0.189,0.45
"Pth2r",-0.0777,0.189,0.45
"Slc38a2",0.267,0.189,0.45
"Cdk6",0.115,0.19,0.45
"Ifnz",0.0977,0.19,0.45
"Pard6g",0.144,0.19,0.45
"Plekhf2",0.115,0.19,0.45
"Ucn2",0.13,0.19,0.45
"Sptbn4",0.112,0.19,0.451
"Cttnbp2nl",0.0788,0.19,0.451
"Fads2",-0.203,0.19,0.451
"Il18r1",0.112,0.19,0.451
"Rnd3",0.148,0.19,0.451
"Krt27",0.106,0.19,0.451
"Trim7",-0.118,0.191,0.452
"Zc3h18",0.11,0.191,0.452
"Aplf",0.111,0.191,0.452
"Cer1",-0.134,0.191,0.452
"Hsd11b2",0.117,0.191,0.452
"Gabrb3",0.118,0.191,0.452
"Alb",0.0965,0.191,0.452
"Ccr5",-0.0698,0.191,0.452
"Mylk2",0.111,0.191,0.452
"Ndfip1",0.0857,0.191,0.452
"Crtac1",0.141,0.191,0.452
"Nrp1",0.25,0.191,0.452
"Ccl6",-0.131,0.191,0.452
"Slc7a7",-0.15,0.191,0.452
"Arhgap31",0.0977,0.191,0.452
"Adh1",0.12,0.191,0.452
"Tbx3",0.14,0.191,0.452
"Dcun1d5",-0.136,0.191,0.452
"Rrm2",0.102,0.191,0.452
"Gm2444///Dazap2",-0.136,0.192,0.452
"Bdkrb2",0.16,0.192,0.452
"Slit3",0.1,0.192,0.453
"Nrip3",0.118,0.192,0.453
"Svbp",-0.118,0.192,0.453
"D15Ertd55e",0.0912,0.192,0.453
"Cdkn2aipnl",-0.122,0.192,0.453
"Xrn2",0.116,0.192,0.453
"Plin4",-0.174,0.192,0.453
"Nxnl2",0.114,0.192,0.453
"Pbsn",0.102,0.192,0.454
"Msra",-0.103,0.192,0.454
"Sh2d1a",0.0892,0.193,0.454
"Ccdc6",-0.103,0.193,0.454
"Brap",-0.141,0.193,0.454
"Muc20",0.101,0.193,0.454
"Aqp3",0.149,0.193,0.454
"Shox2",0.109,0.193,0.454
"Cphx3",0.093,0.193,0.454
"Ipo4///Tm9sf1",0.145,0.193,0.454
"Tmem14c",-0.0928,0.193,0.454
"Ckap5",-0.126,0.193,0.454
"Ndufb7",-0.0922,0.193,0.455
"Acsl5",-0.104,0.193,0.455
"Ttc27",-0.157,0.193,0.455
"Igkv5-39",-0.091,0.193,0.455
"Lum",-0.206,0.193,0.455
"Polr2j",-0.0847,0.193,0.455
"Iglc1///Iglv1",-0.158,0.193,0.455
"Bgn",-0.195,0.194,0.455
"Pcna",0.107,0.194,0.455
"Scly",-0.117,0.194,0.455
"Tff1",0.0827,0.194,0.455
"Gpr3",0.113,0.194,0.455
"Rps15a-ps5///Rps15a",-0.142,0.194,0.455
"Irf9",-0.146,0.194,0.455
"Crygd",0.113,0.194,0.455
"Spert",-0.108,0.194,0.455
"Sdhb",-0.0882,0.194,0.455
"Lpin2",-0.152,0.194,0.455
"1700129C05Rik",-0.0883,0.194,0.455
"Mdk",0.15,0.194,0.455
"Spry4",0.119,0.194,0.455
"Rpl13a///Flt3l",0.0842,0.194,0.455
"AU021895///Gpr137b",0.0723,0.194,0.455
"Tpbpa",0.0788,0.194,0.455
"Plod3",0.0842,0.194,0.455
"Fndc4",0.138,0.194,0.455
"Ddx46",0.138,0.194,0.455
"Oas1e",0.113,0.194,0.455
"Map1lc3a",0.119,0.194,0.455
"Krt33a",0.105,0.194,0.455
"Plaur",0.131,0.194,0.455
"Nt5e",-0.0928,0.194,0.455
"Slc25a25",0.242,0.195,0.456
"Tspan7",0.116,0.195,0.456
"Tinag",-0.192,0.195,0.456
"Mef2d",0.0888,0.195,0.456
"Map3k8",0.128,0.195,0.456
"Smdt1",-0.101,0.195,0.456
"Ildr1",-0.135,0.195,0.456
"Bop1",0.0802,0.195,0.456
"Nbeal2",0.138,0.195,0.456
"Snhg8",0.125,0.195,0.456
"Scel",-0.105,0.195,0.456
"Ehhadh",-0.192,0.195,0.456
"Cox7c",0.0755,0.195,0.456
"Pard6a",0.099,0.195,0.456
"Col25a1",0.101,0.195,0.456
"Ap3s1",0.129,0.195,0.456
"Nr4a2",0.0968,0.195,0.456
"Olfr1509",-0.101,0.195,0.456
"Fktn",-0.0957,0.195,0.457
"Zscan2",0.109,0.196,0.457
"Vmn1r11",0.0735,0.196,0.457
"B4galt5",0.135,0.196,0.457
"Sumo3",0.16,0.196,0.457
"Csf1r",-0.144,0.196,0.457
"Rgs6",0.0877,0.196,0.457
"Zcchc9",0.158,0.196,0.457
"R74862",0.0928,0.196,0.457
"Ccrl2",0.0978,0.196,0.457
"Tle6",0.0985,0.196,0.457
"Zgpat",0.1,0.196,0.457
"Fcgr3",-0.136,0.196,0.457
"Cops7b",0.091,0.196,0.457
"Stim1",0.0812,0.196,0.457
"Pcf11",0.105,0.196,0.457
"Dcaf8",-0.186,0.196,0.457
"Dpysl5",0.0988,0.196,0.457
"Vangl2",0.145,0.196,0.457
"Nrarp",-0.123,0.196,0.457
"Tfpi2",-0.138,0.196,0.457
"Efcab14",-0.0938,0.196,0.457
"Hbb-b2",0.092,0.196,0.457
"Slc25a19",0.109,0.196,0.457
"Zfp524",0.0928,0.196,0.457
"Qsox1",0.0913,0.196,0.457
"Fli1",0.126,0.196,0.457
"Scmh1",-0.0863,0.196,0.457
"Esrp1",0.147,0.197,0.457
"Plekha6",0.0942,0.197,0.457
"1810044D09Rik",-0.0998,0.197,0.457
"Abcg3",0.151,0.197,0.457
"Cort",0.123,0.197,0.458
"Nup54",0.0913,0.197,0.458
"Rab32",0.103,0.197,0.458
"Arid5a",0.084,0.197,0.458
"Gm12338",0.102,0.197,0.458
"Mapk8ip2",0.0802,0.197,0.458
"Zeb1",0.0935,0.198,0.459
"Prkcg",0.0915,0.198,0.459
"Rangrf",-0.106,0.198,0.459
"Crhr2",0.0868,0.198,0.459
"Dnase1l3",0.122,0.198,0.459
"Wdr6",0.172,0.198,0.459
"Gpr65",-0.102,0.198,0.459
"Slc27a5",0.115,0.198,0.459
"Pcdhb22",-0.0835,0.198,0.459
"Nckap5l",-0.111,0.198,0.459
"1700017B05Rik",0.114,0.198,0.459
"5330417C22Rik",0.159,0.198,0.459
"Clp1",0.105,0.198,0.459
"Slfn2",0.103,0.198,0.459
"Aldh9a1",-0.0888,0.198,0.459
"1700082M22Rik",0.0997,0.198,0.459
"Cinp",0.0837,0.198,0.459
"Cdh13",0.136,0.198,0.459
"Olfr1507",0.11,0.198,0.459
"Nans",-0.144,0.198,0.459
"Grin2d",0.115,0.199,0.46
"Pga5",0.105,0.199,0.46
"Qtrt1",-0.103,0.199,0.46
"Slc38a3",0.133,0.199,0.46
"Pitx1",0.121,0.199,0.46
"Rpl13///Tax1bp3",0.117,0.199,0.46
"Zfp108",0.105,0.199,0.46
"Hgh1",0.159,0.199,0.46
"Nsmf",0.0992,0.199,0.46
"Htr7",-0.108,0.199,0.46
"Il17b",0.139,0.199,0.46
"Bsg",-0.104,0.199,0.46
"Ffar2",-0.103,0.199,0.461
"Pisd///Pisd-ps1///Pisd-ps3",0.134,0.199,0.461
"Pgls",-0.0938,0.199,0.461
"Tspyl4",0.111,0.2,0.461
"Lats1",0.085,0.2,0.461
"Gm13669///Plp2",-0.088,0.2,0.461
"Nab2",-0.109,0.2,0.461
"Aspn",0.0822,0.2,0.462
"Fzd4",-0.178,0.2,0.462
"Prr12",0.131,0.2,0.462
"Arl4c",0.101,0.2,0.462
"Trpc2",-0.0983,0.2,0.462
"Chrdl1",-0.119,0.2,0.462
"Stmn4",0.0873,0.2,0.462
"Pla2r1",0.0998,0.201,0.462
"Cmpk2",0.109,0.201,0.462
"Abcd3",-0.0948,0.201,0.462
"Dkk3",0.111,0.201,0.462
"Srcap",0.0885,0.201,0.462
"Telo2",0.089,0.201,0.462
"Crybb2",0.0885,0.201,0.463
"Tnfsfm13///Tnfsf13///Tnfsf12",-0.148,0.201,0.463
"Sppl2b",-0.0802,0.201,0.463
"Cdh2",-0.174,0.201,0.463
"Tmbim4",-0.0763,0.201,0.464
"D1Ertd622e",-0.0937,0.202,0.464
"Dock6",0.128,0.202,0.464
"Sumf1",0.134,0.202,0.464
"Ces1e",-0.14,0.202,0.464
"Mcm4",0.0908,0.202,0.464
"Cyp3a16",0.071,0.202,0.464
"Oprl1",-0.0953,0.202,0.464
"Ntm",-0.101,0.202,0.464
"Tsc2",0.0825,0.202,0.464
"Neu2",-0.0825,0.202,0.464
"3110079O15Rik",0.112,0.202,0.464
"Foxc1",0.0965,0.202,0.464
"Cyp2c70",0.313,0.202,0.464
"Bmpr1b",0.12,0.202,0.465
"Unc13b",-0.159,0.202,0.465
"Rfx2",0.144,0.202,0.465
"Atg2a",0.0917,0.202,0.465
"Pcp2",0.0963,0.202,0.465
"LOC102643033",0.1,0.203,0.465
"Smr3a",0.0938,0.203,0.465
"Krtdap",0.107,0.203,0.465
"Rpl11",-0.071,0.203,0.465
"Tsg101",0.0817,0.203,0.465
"Prkaca",0.0855,0.203,0.465
"Zp2",0.135,0.203,0.465
"Hes1",0.1,0.203,0.465
"Cntn2",0.0848,0.203,0.466
"Slc6a20b",0.11,0.203,0.466
"C79452",0.0843,0.203,0.466
"Fgf23",0.108,0.203,0.466
"Ola1",0.132,0.203,0.466
"Selt",0.0808,0.203,0.466
"Fndc7",0.0995,0.203,0.466
"Tbc1d8b",0.0818,0.203,0.466
"Gzmb",0.17,0.203,0.466
"Dph6",-0.108,0.204,0.466
"Lamb2",-0.0928,0.204,0.466
"Sox1",0.0887,0.204,0.466
"Lgals12",0.112,0.204,0.466
"Clip4",0.081,0.204,0.466
"Akirin1",0.096,0.204,0.466
"Cspp1",0.103,0.204,0.466
"Vsir",-0.0697,0.204,0.467
"Emd",0.108,0.204,0.467
"Uxt",-0.149,0.204,0.467
"Pde6b",0.0822,0.204,0.467
"Lsp1",0.13,0.205,0.468
"Fbxw7",0.0982,0.205,0.468
"C81600",0.103,0.205,0.468
"Cacna1h",0.118,0.205,0.468
"Ctgf",0.196,0.205,0.468
"Dnajc27",0.0937,0.205,0.468
"Sidt1",0.0785,0.205,0.468
"LOC624295",0.102,0.205,0.468
"Gpt",-0.109,0.205,0.468
"Ptger1",0.113,0.205,0.469
"Ccl5",0.164,0.206,0.469
"Nectin4",0.0833,0.206,0.469
"Ncf4",0.111,0.206,0.469
"Pkd2",-0.12,0.206,0.469
"Try5///Try4",-0.922,0.206,0.469
"Slc12a1",0.115,0.206,0.469
"Nepro",0.105,0.206,0.469
"Coq10a",0.141,0.206,0.47
"Cmtr2",-0.103,0.206,0.47
"Orc1",0.108,0.207,0.471
"Drg2",-0.113,0.207,0.471
"Tango2",-0.149,0.207,0.471
"Nov",0.0813,0.207,0.471
"Chd7",0.0913,0.207,0.471
"Cldn9",0.105,0.207,0.471
"Tom1",0.0833,0.207,0.471
"Galnt10",0.0792,0.207,0.471
"Mcee",-0.103,0.207,0.471
"Gypc",-0.104,0.207,0.471
"C80360",0.118,0.207,0.471
"Krt6a",0.124,0.207,0.471
"Efna5",0.109,0.207,0.471
"Snx22",0.0857,0.207,0.471
"Ubfd1",0.149,0.207,0.471
"Ppard",0.123,0.207,0.471
"Tpcn2",0.111,0.207,0.471
"Hist1h3h///Hist1h3b",-0.114,0.207,0.471
"Thoc2",0.085,0.207,0.471
"Svs3b///Svs3a",0.0828,0.207,0.471
"Ncaph2",-0.0893,0.207,0.471
"Mrpl23",-0.117,0.207,0.471
"Crb1",0.13,0.207,0.471
"Sectm1a",-0.117,0.208,0.471
"Susd6",-0.0928,0.208,0.471
"Bet1",0.108,0.208,0.471
"Dnajb4",0.275,0.208,0.472
"St8sia3",0.0708,0.208,0.472
"Tpst2",-0.121,0.208,0.472
"Ubac2",0.0792,0.208,0.472
"Tnfrsf11b",0.097,0.208,0.472
"Clcf1",-0.0785,0.208,0.472
"Nr1d1",0.145,0.208,0.472
"Erg",0.0882,0.208,0.472
"Atp5g3",0.0717,0.208,0.472
"Gpaa1",-0.13,0.209,0.473
"Dnase1l1",-0.145,0.209,0.473
"Rprm",0.0857,0.209,0.473
"Tff2",0.227,0.209,0.473
"Lamc1",0.119,0.209,0.473
"Ripk2",0.145,0.209,0.473
"Il18",0.146,0.209,0.473
"Arl6",0.0913,0.209,0.473
"Cers4",0.0988,0.209,0.473
"Mfsd6",0.103,0.209,0.474
"Ghdc",0.112,0.21,0.474
"Grk4",-0.148,0.21,0.474
"Zmym4",-0.108,0.21,0.474
"Fbxo4",0.111,0.21,0.474
"Cdh5",-0.0942,0.21,0.474
"Esr2",0.116,0.21,0.475
"Vapb",-0.113,0.21,0.475
"Cybrd1",0.0967,0.21,0.475
"She",-0.114,0.21,0.475
"Sema3a",0.081,0.21,0.475
"Pmel",0.129,0.21,0.475
"Mad2l1bp",0.111,0.21,0.475
"Tgfb3",-0.114,0.21,0.475
"Vrk2",0.0777,0.211,0.475
"Pdia6",0.113,0.211,0.475
"Car6",-0.0735,0.211,0.475
"Nsun6",0.0825,0.211,0.475
"Rab28",-0.152,0.211,0.475
"Txndc16",-0.0835,0.211,0.475
"Mynn",-0.0915,0.211,0.475
"St6gal1",-0.0992,0.211,0.475
"Tra2a",-0.141,0.211,0.475
"Lmod2",-0.0947,0.211,0.475
"D0Kist5",-0.0878,0.211,0.476
"Stx4a",-0.167,0.211,0.476
"Sprr2a2///Sprr2a3///Sprr2a1",0.127,0.211,0.476
"Gm8465///Ppcs",-0.0917,0.211,0.476
"Nckipsd",-0.0948,0.211,0.476
"Igfbpl1",0.117,0.211,0.476
"Pex14",-0.0918,0.212,0.476
"Rab27a",0.0763,0.212,0.476
"Adam22",-0.12,0.212,0.476
"Igbp1",0.115,0.212,0.476
"Gna15",0.125,0.212,0.476
"Zfp326",-0.111,0.212,0.476
"Rab5c",-0.102,0.212,0.477
"Agk",0.111,0.212,0.477
"Strn3",-0.167,0.212,0.478
"Zdhhc2",0.088,0.213,0.478
"Aff1",-0.1,0.213,0.478
"Txnrd1",0.13,0.213,0.478
"Atox1",0.0843,0.213,0.478
"Naa40",0.092,0.213,0.478
"Gm15934",-0.129,0.213,0.478
"Ptgfr",-0.125,0.213,0.478
"Irx6",0.0948,0.213,0.478
"Rsl1d1",-0.146,0.213,0.478
"4932438H23Rik",-0.113,0.213,0.478
"Shf",0.0962,0.213,0.478
"Acd",0.0922,0.213,0.479
"Med31",0.117,0.213,0.479
"Hes3",0.105,0.213,0.479
"Zkscan14",0.077,0.213,0.479
"Nobox",0.123,0.213,0.479
"Trim17",0.0992,0.214,0.479
"Pkib",0.097,0.214,0.479
"Col16a1",0.117,0.214,0.479
"Vav3",0.0897,0.214,0.479
"LOC101055909///Sec61b",0.134,0.214,0.479
"Ribc2",0.141,0.214,0.479
"Chodl",0.0808,0.214,0.48
"Heatr6",0.0873,0.214,0.48
"Hap1",0.0783,0.214,0.48
"Zfy2",0.0803,0.214,0.48
"Lcn4",0.0905,0.214,0.48
"Lrp8",-0.0862,0.214,0.48
"Nxph3",0.0965,0.215,0.48
"Ranbp17",0.114,0.215,0.48
"Bfar",0.086,0.215,0.48
"Cnnm2",-0.134,0.215,0.48
"Mrps18b",-0.12,0.215,0.48
"Cd177",-0.113,0.215,0.481
"Ufd1l",-0.112,0.215,0.481
"Leprotl1",-0.128,0.215,0.481
"Atp5d",0.075,0.215,0.481
"Gpn2",0.0948,0.215,0.481
"Col9a2",0.0972,0.215,0.481
"Tnfsf10",-0.113,0.215,0.481
"Tpd52l2",-0.103,0.215,0.481
"Syt4",-0.133,0.215,0.481
"Med14",-0.0903,0.215,0.481
"BC094435///Sgip1///Cog6///Noct",0.105,0.216,0.482
"Cd52",-0.0963,0.216,0.482
"2210409E12Rik///Coil",0.0882,0.216,0.482
"Cenpe",-0.0822,0.216,0.482
"Slamf8",0.14,0.216,0.482
"Pelp1",-0.0972,0.216,0.482
"Cemip",0.113,0.216,0.482
"Tyms",0.0883,0.216,0.482
"Epha8",0.0835,0.216,0.482
"Scgb2b7///Scgb2b20",0.088,0.216,0.482
"Aim2",0.0802,0.216,0.482
"Bco1",0.122,0.216,0.482
"Fezf2",0.0805,0.216,0.482
"AI837181",0.0853,0.216,0.482
"Bcl2l11",0.127,0.216,0.482
"Mcpt8",0.085,0.217,0.483
"Mtf1",0.149,0.217,0.483
"Eomes",0.0925,0.217,0.483
"Lrriq4",0.0915,0.217,0.483
"Hmga2",-0.0993,0.217,0.483
"Fbxo15",0.0925,0.217,0.483
"Gpatch4",-0.12,0.217,0.483
"Brd3",0.116,0.217,0.483
"Tnfsf11",0.0783,0.217,0.483
"Elk4",0.102,0.217,0.483
"Hspa1l",0.108,0.217,0.484
"Kcna2",0.103,0.217,0.484
"Gtpbp8",-0.0732,0.218,0.484
"Eif3c",-0.09,0.218,0.484
"Bag5",-0.0828,0.218,0.484
"Vmn2r1",0.115,0.218,0.484
"Jag1",0.092,0.218,0.484
"1700001C19Rik",-0.0945,0.218,0.484
"Ifi30",-0.124,0.218,0.484
"Siglece",0.0997,0.218,0.484
"E2f1",0.0802,0.218,0.484
"Mr1",-0.0897,0.218,0.485
"Gpr37l1",0.105,0.218,0.485
"Cdh9",0.0867,0.218,0.485
"Capns1",-0.0852,0.218,0.485
"Fabp6",-0.176,0.218,0.485
"R3hdm1",0.0847,0.218,0.485
"B3galnt1",-0.101,0.219,0.485
"Klk1b24",0.127,0.219,0.485
"Svs6",0.0948,0.219,0.485
"Itgav",0.0945,0.219,0.485
"Mnat1",-0.111,0.219,0.485
"Tomm34",0.088,0.219,0.485
"Gjc2",0.094,0.219,0.486
"Fndc3a",0.0862,0.219,0.486
"Lrmp",0.115,0.219,0.486
"Yipf5",-0.115,0.219,0.486
"2310031A07Rik",-0.0967,0.219,0.486
"Sox3",0.0993,0.219,0.486
"Lap3",-0.0848,0.219,0.486
"Capn8",0.075,0.219,0.486
"Gabra1",0.0827,0.219,0.486
"Gabarapl1",0.0833,0.219,0.486
"Med7",0.097,0.22,0.486
"Cers5",0.0928,0.22,0.486
"Ssrp1",0.0852,0.22,0.487
"Gm7846///Lsm5",-0.108,0.22,0.487
"Met",0.106,0.22,0.487
"H2-Ea-ps",0.0892,0.22,0.487
"Peli1",0.104,0.22,0.487
"Zbtb22",-0.157,0.22,0.487
"Upb1",-0.099,0.22,0.487
"Particl",0.088,0.22,0.487
"Chad",-0.113,0.22,0.487
"Rab9",0.115,0.22,0.487
"Oprk1",-0.121,0.22,0.487
"Egfr",-0.171,0.221,0.487
"Zfp975",0.0835,0.221,0.487
"Cfap61",0.0982,0.221,0.487
"C1rb///C1ra",0.213,0.221,0.487
"Pex13",0.0865,0.221,0.487
"Irx2",0.097,0.221,0.488
"Ntan1",-0.152,0.221,0.488
"Ctnnd2",-0.0815,0.221,0.488
"Lpar1",0.167,0.221,0.488
"C78441",0.0883,0.221,0.488
"Tagln2",-0.113,0.221,0.488
"Prss40",0.115,0.221,0.488
"Ckap4",-0.12,0.221,0.488
"Tmeff2",0.0967,0.221,0.488
"Irx5",-0.0818,0.221,0.489
"Txndc12",0.1,0.222,0.489
"Chrdl2",0.102,0.222,0.489
"Glycam1",0.0805,0.222,0.489
"Asgr1",0.0878,0.222,0.489
"Klf4",0.163,0.222,0.489
"Plin5",-0.221,0.222,0.49
"Morc1",0.0822,0.222,0.49
"Cd72",0.0883,0.222,0.49
"Slc1a6",-0.0962,0.222,0.49
"Gba",0.102,0.222,0.49
"Wbscr25",0.152,0.222,0.49
"Vstm2a",0.0748,0.222,0.49
"Cd248",0.139,0.222,0.49
"Syt9",0.0965,0.222,0.49
"2310030G06Rik",-0.105,0.222,0.49
"Dnajc18",-0.133,0.223,0.49
"Ramp1",0.0755,0.223,0.49
"Anxa13",-0.23,0.223,0.49
"Fpr-rs3",0.121,0.223,0.49
"Cetn1",0.104,0.223,0.49
"Sfpq",0.12,0.223,0.49
"Fam20b",0.103,0.223,0.49
"Svil",0.13,0.223,0.49
"Prkdc",0.102,0.223,0.49
"Supt4b///Supt4a",0.0943,0.223,0.49
"2510009E07Rik",-0.0885,0.223,0.49
"Rasa3",-0.102,0.223,0.49
"Mtfmt",0.107,0.223,0.49
"Gm7040///Prl2c5///Prl2c4///Prl2c3///Prl2c2",-0.0895,0.223,0.49
"Gmnn",-0.0925,0.224,0.491
"Crisp3",0.0702,0.224,0.491
"Mc5r",-0.1,0.224,0.491
"Gm2769",-0.094,0.224,0.491
"Prkd2",-0.088,0.224,0.491
"Bag4",0.126,0.224,0.491
"Nt5dc2",0.114,0.224,0.491
"Igf2bp1",0.0843,0.224,0.491
"Mafk",0.107,0.224,0.491
"Rpl39",0.092,0.224,0.491
"Hat1",0.0677,0.224,0.491
"Fam114a2",-0.117,0.224,0.491
"Otud5",0.11,0.224,0.491
"Sstr2",0.13,0.224,0.491
"Myef2",0.127,0.225,0.491
"Rps19",-0.0892,0.225,0.491
"Kif3c",0.0998,0.225,0.491
"Sval1",0.125,0.225,0.491
"Hgf",0.0848,0.225,0.491
"Kcnc1",0.0875,0.225,0.491
"Tmem106c",-0.096,0.225,0.491
"Fsip1",0.0742,0.225,0.492
"Tmem38a",-0.103,0.225,0.492
"C76554",0.0942,0.225,0.492
"Aff2",0.132,0.225,0.492
"Snap23",-0.116,0.225,0.492
"Otoa",0.0895,0.225,0.492
"Pou2f2",0.092,0.225,0.492
"Rbm8a",0.0835,0.225,0.492
"Cngb1",0.106,0.225,0.492
"Bpifb1",-0.14,0.225,0.492
"Cst11",0.0907,0.226,0.492
"Cpsf3l",0.101,0.226,0.492
"Gm44504///Ubl4a",-0.0988,0.226,0.492
"Usp9y",0.0887,0.226,0.493
"Sft2d2",-0.0952,0.226,0.493
"Glb1l",0.0978,0.226,0.493
"Scg2",0.127,0.226,0.493
"1110012L19Rik",0.118,0.226,0.493
"Zfp81",0.0908,0.226,0.493
"Fam102a",-0.192,0.226,0.493
"Pdlim4",0.105,0.226,0.493
"Omg",0.131,0.226,0.493
"Cntd1",0.128,0.226,0.493
"Pkia",0.101,0.226,0.493
"F5",0.145,0.227,0.493
"Prkag1",0.0703,0.227,0.493
"Hs3st3a1",0.0847,0.227,0.493
"Lhx5",0.103,0.227,0.493
"AA672641",-0.0772,0.227,0.493
"Cpxm1",0.127,0.227,0.493
"Htr6",0.0992,0.227,0.493
"Smad3",0.117,0.227,0.493
"Slfn1",0.0737,0.227,0.493
"Nfya",-0.1,0.227,0.494
"Fcgbp",0.131,0.227,0.494
"Ube2e3",0.0873,0.227,0.494
"Pdia3",0.131,0.227,0.494
"Ptprd",0.123,0.227,0.494
"Tmem205",-0.0707,0.227,0.494
"Zfp330",-0.0975,0.227,0.494
"Crispld1",-0.0908,0.227,0.494
"1700080E11Rik",0.103,0.227,0.494
"Mapk13",0.346,0.228,0.494
"Tcerg1",-0.113,0.228,0.494
"Amhr2",0.105,0.228,0.494
"Stau1",0.113,0.228,0.494
"Dep1",0.109,0.228,0.494
"Elavl1",0.131,0.228,0.494
"Ikzf4",0.0992,0.228,0.494
"Kcnq5",0.0808,0.228,0.495
"Psme3",-0.114,0.228,0.495
"Htr5b",0.119,0.228,0.495
"Ntpcr",-0.101,0.228,0.495
"Uba7",-0.103,0.228,0.495
"Wasf1",0.124,0.228,0.495
"Ttk",0.108,0.228,0.495
"Ezh1",-0.0955,0.229,0.495
"Katna1",0.135,0.229,0.495
"Trav12n-1",0.0913,0.229,0.495
"P3h1",0.0858,0.229,0.495
"Mrpl10",-0.0793,0.229,0.496
"Hoga1",0.128,0.229,0.496
"Erc1",0.109,0.229,0.496
"Chmp2a",-0.102,0.229,0.496
"Spsb4",0.116,0.229,0.496
"Dpm1",-0.106,0.229,0.496
"Gimap1",-0.0865,0.229,0.496
"Nes",0.095,0.229,0.497
"Slc16a4",0.1,0.229,0.497
"Rpl12",0.0897,0.23,0.497
"Kera",0.113,0.23,0.497
"Cox6b2",0.15,0.23,0.497
"Aldob",-0.0845,0.23,0.497
"Cyp2j5",0.114,0.23,0.497
"Ptgr1",-0.172,0.23,0.497
"Grpel2",-0.107,0.23,0.497
"Snx14",0.105,0.23,0.497
"Cbr3",-0.133,0.23,0.497
"Lsm8",-0.197,0.23,0.497
"Celsr3",0.116,0.23,0.497
"LOC102634389",-0.108,0.23,0.497
"Hp",-0.129,0.23,0.497
"Tmem43",-0.108,0.23,0.497
"Plagl1",-0.128,0.23,0.498
"Hspa14",0.0733,0.231,0.498
"Gata2",0.0788,0.231,0.498
"Scml4",0.0667,0.231,0.498
"Atp6ap2",-0.102,0.231,0.499
"Elof1",0.0965,0.232,0.499
"Ppp2r5b",-0.097,0.232,0.499
"Ets2",-0.094,0.232,0.499
"Fbxo43",0.0998,0.232,0.499
"St7",0.0927,0.232,0.5
"Nup155",0.0895,0.232,0.5
"Cenpt",0.116,0.232,0.5
"Ppfia4",-0.091,0.232,0.5
"Slc35b3",-0.143,0.232,0.5
"Tgfb2",-0.1,0.232,0.5
"Cabp4",0.0897,0.232,0.5
"Pknox2",0.0938,0.232,0.5
"Sprr2i",0.097,0.232,0.5
"Syt7",0.105,0.232,0.5
"Ube3a",0.101,0.233,0.501
"Mark4",0.0757,0.233,0.501
"Nap1l3",-0.0813,0.233,0.501
"Rnf141",0.0788,0.233,0.501
"Smim10l1",-0.211,0.233,0.501
"Odf4",0.0908,0.233,0.501
"Defb10",0.103,0.233,0.501
"Adam21",0.115,0.233,0.501
"Cacul1",-0.0918,0.233,0.501
"Gps2",0.106,0.233,0.501
"Tsku",0.179,0.233,0.501
"1700001K19Rik",0.0805,0.233,0.501
"Cdk5",0.117,0.233,0.501
"Cd96",0.127,0.234,0.502
"Kcnk1",0.0922,0.234,0.502
"Ncoa6",0.078,0.234,0.502
"Atn1",0.107,0.234,0.502
"Ube2e2",0.125,0.234,0.502
"Cyp2b13",0.126,0.234,0.502
"Kdm2b",-0.256,0.234,0.502
"Slc38a1",0.126,0.234,0.502
"Gpank1",0.106,0.234,0.502
"Gtf3a",-0.0967,0.234,0.502
"Blcap",-0.133,0.234,0.502
"Fah",-0.101,0.234,0.502
"Cdhr1",0.142,0.234,0.502
"Hsf4",0.103,0.234,0.502
"Pxk",-0.0845,0.234,0.502
"Ppig",-0.156,0.235,0.503
"Cnbd2",0.106,0.235,0.503
"Chil1",-0.087,0.235,0.503
"Ice1",0.0912,0.235,0.503
"Grin2b",0.112,0.235,0.503
"Gsto1",-0.175,0.235,0.503
"Nol7",-0.0888,0.235,0.503
"Tpx2",0.105,0.235,0.503
"Ncan",-0.111,0.235,0.503
"Dym",-0.141,0.235,0.503
"Fabp9",0.0817,0.236,0.504
"Mcm3",-0.128,0.236,0.504
"Pole",0.134,0.236,0.504
"Gla",-0.104,0.236,0.504
"Coa7",-0.0828,0.236,0.505
"Gcsh",-0.082,0.236,0.505
"Igll1",0.117,0.236,0.505
"Gatc",-0.113,0.236,0.505
"Pax1",0.087,0.236,0.505
"1700120B22Rik",0.115,0.237,0.505
"Timm17b",0.102,0.237,0.505
"Agap1",0.12,0.237,0.505
"Gm44502///Cpt1b///Chkb",0.0793,0.237,0.505
"Emb",0.0738,0.237,0.505
"Gm13583",0.103,0.237,0.505
"Gabra6",0.105,0.237,0.505
"Sbds",0.072,0.237,0.506
"Atpaf2",0.0752,0.237,0.506
"Rfc4",-0.074,0.238,0.506
"Phox2a",0.0933,0.238,0.506
"Igkv8-30",0.0947,0.238,0.506
"Akap1",0.101,0.238,0.507
"Zfp385a",0.129,0.238,0.507
"Mobp",0.0893,0.238,0.507
"Mela",0.0965,0.238,0.507
"Neurod4",0.0732,0.238,0.507
"Tspan32",0.0803,0.238,0.507
"Serpina1b",0.096,0.238,0.507
"Chd8",0.0987,0.238,0.507
"Rorb",0.102,0.238,0.507
"Nrl",0.108,0.238,0.507
"Fosb",0.102,0.238,0.507
"Abhd3",-0.134,0.239,0.507
"Ilf2",-0.104,0.239,0.508
"Srpk3",-0.0823,0.239,0.508
"Dicer1",0.109,0.239,0.508
"Mepe",0.104,0.239,0.508
"Sirt7",0.0908,0.239,0.508
"Foxd1",-0.0768,0.239,0.508
"Pde6g",0.116,0.239,0.508
"Armc12",0.0767,0.239,0.508
"Igsf9",-0.246,0.239,0.508
"Plxnd1",0.117,0.239,0.508
"Rbbp8",0.136,0.239,0.508
"Dnaja4",-0.0938,0.24,0.509
"Foxh1",0.0842,0.24,0.509
"Pcdh20",0.108,0.24,0.509
"Arntl2",0.093,0.24,0.509
"Gm31445///A230006K03Rik",0.0812,0.24,0.509
"Eya2",0.107,0.24,0.509
"Bcl11a",0.08,0.24,0.509
"Tnrc6b",0.0883,0.24,0.509
"Ndufa1",0.0692,0.24,0.509
"Defa-rs12",0.102,0.24,0.509
"Pbx4",0.0933,0.24,0.509
"Gfod2",0.0813,0.24,0.51
"Ctsr",0.0847,0.24,0.51
"Cyc1",-0.075,0.241,0.51
"Ppp1r18",-0.0772,0.241,0.51
"Tmem258",0.0763,0.241,0.51
"Pikfyve",0.0985,0.241,0.51
"Gm15210///Impdh2",0.072,0.241,0.51
"Rsbn1",0.109,0.241,0.51
"Tshr",0.0685,0.241,0.51
"Basp1",-0.131,0.241,0.51
"Prg4",-0.319,0.241,0.51
"Parp1",-0.0963,0.241,0.51
"Crygn",0.0993,0.241,0.51
"Phlda3",0.0907,0.241,0.51
"Tlm",0.0947,0.241,0.51
"Mrgprh",0.115,0.241,0.51
"Samt4",0.0995,0.241,0.51
"Kcnd2",0.117,0.241,0.51
"Fam43a",0.0853,0.241,0.51
"Zfp747///Zfp764///E430018J23Rik///9130019O22Rik",0.0862,0.241,0.51
"Herc1",-0.0985,0.241,0.51
"Rasal1",0.0868,0.242,0.51
"Abhd15",-0.204,0.242,0.511
"Kmt5a",0.127,0.242,0.511
"Zc3h12a",0.121,0.242,0.511
"Dach1",0.0785,0.242,0.511
"Kras",-0.0855,0.242,0.511
"Mapk14",0.114,0.242,0.511
"Dhx15",0.0737,0.242,0.511
"Il15ra",-0.11,0.242,0.511
"Ramp2",-0.111,0.242,0.511
"Asb8",0.0802,0.242,0.511
"Cd300lf",0.128,0.242,0.511
"Socs4",-0.118,0.242,0.511
"Tmsb4x",-0.207,0.243,0.511
"Psen2",0.0962,0.243,0.511
"Pi15",0.0883,0.243,0.511
"Casd1",0.106,0.243,0.511
"Adnp2",0.108,0.243,0.512
"Htr1b",0.082,0.243,0.512
"Iqgap1",-0.104,0.243,0.512
"Xpa",-0.128,0.243,0.512
"Slc25a36",0.132,0.243,0.512
"Ddx19b",0.109,0.243,0.512
"Cnot2",0.109,0.243,0.512
"Mis18a",-0.0732,0.243,0.512
"Bnc1",0.0732,0.243,0.512
"Prpf40a",-0.0963,0.243,0.512
"Znhit1",-0.119,0.243,0.512
"BC021891",0.0732,0.244,0.512
"Il33",-0.0915,0.244,0.512
"Zfp930",-0.0977,0.244,0.512
"Stard10",0.0713,0.244,0.512
"Idi1",-0.504,0.244,0.512
"Rlf",0.115,0.244,0.512
"Angptl4",0.0728,0.244,0.512
"Slc16a3",0.12,0.244,0.512
"Upf3b",0.145,0.244,0.512
"Ccm2l",-0.115,0.244,0.512
"Hsp90b1",-0.174,0.244,0.512
"Brca1",0.0928,0.244,0.512
"Slc22a6",0.0828,0.244,0.512
"Vmn2r88",-0.0878,0.244,0.513
"Ppa1",-0.091,0.244,0.513
"Haus5",0.0822,0.244,0.513
"Cyp2c65",0.15,0.244,0.513
"Uimc1",0.0867,0.244,0.513
"Ocln",0.132,0.244,0.513
"Fbxl20",0.0908,0.244,0.513
"Ttc39d",0.0758,0.244,0.513
"Avpr1b",0.0872,0.244,0.513
"Vwf",-0.105,0.244,0.513
"Clmn",-0.121,0.245,0.513
"Defb4",0.0745,0.245,0.513
"Tram1l1",-0.0788,0.245,0.513
"Phactr1",0.104,0.245,0.513
"Il17rc",0.0873,0.245,0.513
"Gsx1",0.0727,0.245,0.513
"Limk1",-0.0858,0.245,0.513
"Srr",-0.0742,0.245,0.513
"4921524J17Rik",0.148,0.245,0.513
"Prss3",-0.217,0.245,0.513
"Rab11fip5",0.0943,0.245,0.513
"Nup35",0.0953,0.245,0.513
"Pds5a",0.0977,0.245,0.513
"C76628",0.0815,0.245,0.514
"Pyy",0.105,0.245,0.514
"Zfp950",0.0798,0.245,0.514
"Tgm1",0.114,0.245,0.514
"Rerg",0.108,0.246,0.514
"LOC101056140///Rpl17-ps9///Rpl17-ps10///Gm10362///Gm6133///Rpl17///Hk1",-0.112,0.246,0.514
"Agpat3",-0.111,0.246,0.514
"Rc3h2",0.118,0.246,0.514
"Mis18bp1",0.123,0.246,0.514
"Folh1",-0.111,0.246,0.514
"Tnnt3",0.184,0.246,0.514
"Ubqln1",0.0967,0.246,0.515
"Alyref2///Alyref",-0.145,0.246,0.515
"Cd19",-0.175,0.246,0.515
"Nme5",-0.118,0.247,0.515
"Zfp84",0.0725,0.247,0.515
"Gna14",-0.0918,0.247,0.515
"Man1a",0.136,0.247,0.515
"Foxd3",0.072,0.247,0.515
"Kif23",0.0672,0.247,0.515
"Sbf2",-0.0895,0.247,0.515
"Rasgrp2",-0.135,0.247,0.515
"Dsc2",0.121,0.247,0.515
"Hivep2",-0.137,0.247,0.515
"Tuba-rs1",0.115,0.247,0.515
"Axl",-0.123,0.247,0.515
"Auts2",0.12,0.247,0.515
"Plekha2",-0.107,0.247,0.515
"Sf3a3",0.144,0.247,0.515
"Zmat3",0.0823,0.247,0.515
"Pstk",0.0617,0.247,0.515
"Bpifa1",0.0917,0.247,0.515
"Krit1",0.0825,0.247,0.515
"Sgip1",-0.0915,0.247,0.516
"Ghrl",0.102,0.248,0.516
"Maged2",0.0708,0.248,0.516
"Mettl7b",-0.0965,0.248,0.516
"Gm38431///Raver1",0.0958,0.248,0.516
"Bre",-0.0887,0.248,0.516
"Mettl22",0.0888,0.248,0.516
"Mybl1",0.0732,0.248,0.516
"Hnrnpa1",0.111,0.248,0.516
"Sucla2",0.077,0.248,0.517
"Plekha3",-0.109,0.248,0.517
"Sprr2f",-0.0768,0.248,0.517
"Rpgrip1",-0.384,0.248,0.517
"Mid1ip1",-0.174,0.248,0.517
"Gaa",-0.101,0.249,0.517
"Kdelr2",-0.081,0.249,0.517
"Get4",-0.081,0.249,0.517
"Mab21l2",0.0908,0.249,0.517
"Reep6",0.0698,0.249,0.517
"Atg4d",-0.102,0.249,0.518
"Kctd14",0.0963,0.249,0.518
"Sept4",-0.101,0.249,0.518
"Prep",0.0758,0.25,0.518
"Ndufaf3",-0.0903,0.25,0.518
"Psors1c2",0.0967,0.25,0.518
"Prim2",-0.108,0.25,0.518
"Slc7a11",0.0873,0.25,0.518
"Fam160a2",0.112,0.25,0.518
"Dll4",0.0662,0.25,0.519
"Zfp386",-0.0955,0.25,0.519
"Il1rapl2",0.125,0.25,0.519
"Txndc5",0.0905,0.25,0.519
"Ung",0.153,0.25,0.519
"Fam84a",0.134,0.25,0.519
"Spryd7",-0.149,0.251,0.519
"Pnlip",-0.528,0.251,0.519
"Slc39a9",0.1,0.251,0.519
"Myoz3",-0.0963,0.251,0.52
"Npy2r",0.0702,0.251,0.52
"Oxa1l",0.104,0.251,0.52
"Cmc2",0.094,0.251,0.52
"Tpgs2",0.075,0.251,0.52
"Olfr16",0.109,0.251,0.52
"Mycbpap",-0.0788,0.252,0.521
"1700037H04Rik",0.116,0.252,0.521
"Mier2",0.0817,0.252,0.521
"Slc35e1",-0.0848,0.252,0.521
"Uchl4",0.0797,0.252,0.521
"Itgb5",0.0758,0.252,0.521
"Gtf2f1",0.131,0.252,0.521
"Arhgef5",-0.0998,0.252,0.521
"BC024137///Nudt7",0.128,0.252,0.521
"Ebi3",-0.0898,0.252,0.521
"Gnat2",-0.103,0.252,0.521
"Rsph3b///Rsph3a",0.089,0.252,0.521
"Snx19",-0.0958,0.252,0.521
"Lsm1",0.078,0.252,0.521
"Tsga13",0.0897,0.252,0.521
"Mdfi",0.0747,0.252,0.521
"Fkbpl",0.101,0.253,0.521
"Slc44a4",-0.16,0.253,0.521
"Hjurp///A730008H23Rik///6430706D22Rik",-0.097,0.253,0.521
"Tram2",0.0973,0.253,0.521
"Gm44505///Zfp91",0.124,0.253,0.521
"Cela3b",-0.629,0.253,0.521
"Afmid",0.143,0.253,0.521
"Smpd5",-0.102,0.253,0.521
"Serpina5",0.0825,0.253,0.522
"Slc39a3",0.0827,0.253,0.522
"BC005624",0.0672,0.253,0.522
"Pdk3",0.188,0.254,0.522
"Mrpl33",-0.0835,0.254,0.522
"Proz",-0.153,0.254,0.522
"Vsx1",0.111,0.254,0.523
"Senp1",0.0883,0.254,0.523
"Dnajc10",0.0942,0.254,0.523
"Lrp1b",0.0818,0.254,0.523
"Toe1",0.1,0.254,0.523
"Rab3b",0.0992,0.255,0.524
"Ckap2",-0.0768,0.255,0.524
"Cd70",0.11,0.255,0.524
"Pla2g16",-0.115,0.255,0.524
"Asap1",-0.108,0.255,0.524
"Trim2",-0.168,0.255,0.524
"Crlf1",-0.08,0.255,0.524
"Asb18",0.101,0.255,0.524
"Trap1",-0.0853,0.255,0.524
"Atp6v0d1",-0.0743,0.255,0.524
"Klf1",-0.111,0.255,0.524
"Irf2",0.132,0.255,0.524
"Arnt2",0.08,0.255,0.524
"Ifi204",0.0645,0.255,0.524
"Cxcl14",-0.0803,0.255,0.524
"Tank",0.0743,0.255,0.524
"Msr1",0.0828,0.256,0.525
"Casr",-0.0882,0.256,0.525
"Myct1",-0.0732,0.256,0.525
"Reg3d",-0.104,0.256,0.525
"Mrpl52",-0.094,0.256,0.525
"Cmtm6",-0.149,0.256,0.525
"Myt1l",0.0865,0.256,0.525
"Nipal2",-0.14,0.256,0.525
"Cd79b",0.134,0.256,0.525
"Lmo1",0.11,0.256,0.525
"Frmd8",-0.106,0.256,0.525
"Cdk5rap1",-0.228,0.256,0.525
"Cenpf",0.113,0.256,0.525
"Mrpl34",0.0988,0.256,0.525
"Pkhd1l1",0.107,0.257,0.525
"Lrrc57",-0.0883,0.257,0.525
"Fxyd3",0.0932,0.257,0.526
"Ccdc175",0.0722,0.257,0.526
"Apoa1",0.0648,0.257,0.526
"Kcna4",0.0775,0.257,0.526
"Barhl1",0.0885,0.257,0.526
"Txlng",-0.146,0.257,0.526
"Trip13",-0.0803,0.257,0.526
"Prpsap1",0.0833,0.257,0.526
"Etohd2",0.0778,0.257,0.526
"Cdh23",0.0867,0.257,0.526
"Bambi",0.0887,0.257,0.526
"Mrps6",-0.0865,0.257,0.526
"Eny2",0.109,0.257,0.526
"Gm2808///Tulp4",0.0915,0.257,0.526
"Rd3",-0.0802,0.257,0.526
"Cebpd",0.0768,0.257,0.526
"Magi1",0.1,0.258,0.526
"Yipf4",-0.115,0.258,0.526
"Ccnd1",0.103,0.258,0.526
"Glra3",0.118,0.258,0.526
"Gm11787///Lyn",-0.101,0.258,0.527
"Slc22a18",0.0782,0.258,0.527
"Zbtb33",0.0873,0.258,0.527
"Sfmbt2",-0.0675,0.258,0.527
"AA408954",0.0828,0.258,0.527
"Pde3a",-0.0978,0.258,0.527
"Vps53",0.0952,0.258,0.527
"Clip1",0.0638,0.258,0.527
"Klk1b11",0.109,0.258,0.527
"Svs4",0.102,0.258,0.527
"Pabpc4",-0.0847,0.259,0.527
"Nrm",-0.126,0.259,0.527
"Krtap3-1",0.0728,0.259,0.527
"Aox4",0.0827,0.259,0.527
"Olfr155",0.0863,0.259,0.527
"Mtmr2",0.08,0.259,0.528
"U2af1",0.0915,0.259,0.528
"Magee1",0.0907,0.259,0.528
"Slc28a3",0.0928,0.259,0.528
"Lrrfip1",0.134,0.26,0.528
"Ccne1",0.0917,0.26,0.528
"Abcc1",0.106,0.26,0.528
"Frk",-0.14,0.26,0.528
"Magea5",0.084,0.26,0.528
"Eml5",0.0835,0.26,0.528
"Nae1",0.121,0.26,0.528
"Impad1",0.066,0.26,0.528
"Tjap1",0.0997,0.26,0.528
"Adgre5",0.108,0.26,0.528
"Vmn2r-ps54",0.0782,0.26,0.528
"Plat",0.0685,0.26,0.529
"Hs6st1",0.0705,0.26,0.529
"Crtc2",0.134,0.26,0.529
"Tmod4",0.0868,0.26,0.529
"C4a///C4b",0.108,0.26,0.529
"Fam181b",0.0815,0.26,0.529
"Dok1",0.0973,0.26,0.529
"BC053393",0.064,0.261,0.529
"Tspan15",0.104,0.261,0.529
"Pecam1",-0.098,0.261,0.529
"Zfp62",-0.09,0.261,0.529
"Taf1a",0.13,0.261,0.529
"Cnih4",0.11,0.261,0.529
"Ncl",0.092,0.261,0.529
"Nts",0.123,0.261,0.529
"Oit1",-0.174,0.261,0.529
"Hist1h2br///Hist1h2bq///Hist1h2bp///Hist1h2bn///Hist1h2bm///Hist1h2bl///Hist1h2bj///Hist1h2bg///Hist1h2bf///Hist1h2be///Hist1h2bc",-0.0877,0.261,0.529
"Muc5b",0.0993,0.261,0.529
"Baiap2l1",-0.123,0.261,0.529
"Tmcc3",-0.171,0.261,0.529
"Six5",-0.0918,0.261,0.529
"Pthlh",-0.0853,0.261,0.529
"Tex264",-0.123,0.261,0.529
"Robo3",0.0882,0.261,0.53
"Arxes2///Arxes1",0.0588,0.262,0.53
"Sfmbt1",0.0842,0.262,0.53
"Cdk9",0.0818,0.262,0.53
"Stx8",0.0748,0.262,0.53
"Kif16b",-0.123,0.262,0.53
"Gm6277",0.0993,0.262,0.53
"Acsbg1",0.107,0.262,0.53
"Hoxc4",0.099,0.262,0.53
"Ano10",0.0898,0.262,0.531
"Acot1",-0.203,0.262,0.531
"Eri3",0.094,0.262,0.531
"Pemt",-0.0702,0.262,0.531
"Usp21",0.0968,0.263,0.531
"Nars",-0.0752,0.263,0.531
"Ces2e",0.118,0.263,0.531
"Gprc6a",0.117,0.263,0.531
"Gucy1b3",0.0853,0.263,0.531
"Limd1",0.112,0.263,0.531
"Srgap2",-0.0987,0.263,0.531
"Rap1b",-0.114,0.263,0.531
"Heph",0.191,0.263,0.531
"Trmt112",0.071,0.263,0.531
"Adpgk",-0.078,0.263,0.531
"Per3",0.0987,0.263,0.532
"Dhx16",0.109,0.263,0.532
"Rmdn1",0.0775,0.264,0.532
"Polr2a",0.078,0.264,0.532
"Tssc1",-0.131,0.264,0.532
"Grin2c",-0.076,0.264,0.532
"Kcna5",-0.0848,0.264,0.532
"Arid2",0.0807,0.264,0.532
"Gfm2",-0.105,0.264,0.532
"Mbd4",0.104,0.264,0.533
"C530030P08Rik",0.0805,0.264,0.533
"Ces4a",0.122,0.265,0.533
"Serpine1",0.116,0.265,0.533
"Cd109",0.102,0.265,0.533
"Pde7b",0.083,0.265,0.533
"Akr1c21",-0.0882,0.265,0.533
"Fgd2",0.1,0.265,0.533
"Fblim1",0.15,0.265,0.533
"Hcn1",0.0895,0.265,0.533
"Rnf126",0.067,0.265,0.533
"Naf1",-0.124,0.265,0.533
"Pofut1",0.0975,0.265,0.534
"Aldh3b1",-0.0945,0.265,0.534
"Alox8",0.115,0.265,0.534
"D8Ertd67e",0.103,0.265,0.534
"Tcea2",0.0905,0.265,0.534
"Crb3",0.0653,0.266,0.534
"Pdyn",0.069,0.266,0.534
"Ldlrap1",0.089,0.266,0.534
"Cryba1",0.12,0.266,0.534
"Wnt10b",0.0735,0.266,0.534
"Yars",0.0767,0.266,0.534
"Casp9",0.085,0.266,0.534
"Gzme///Gzmd",0.0662,0.266,0.534
"Oxld1",-0.073,0.266,0.534
"Plekhj1",-0.0937,0.266,0.534
"Peg10",-0.0875,0.266,0.534
"Dock7",0.104,0.266,0.534
"Egfl6",-0.0817,0.266,0.535
"Klk4",0.119,0.266,0.535
"Klc2",0.0632,0.267,0.535
"Ap3b1",-0.0805,0.267,0.535
"Slc31a2",0.0912,0.267,0.535
"Sirt2",-0.062,0.267,0.535
"Klra7",0.0712,0.267,0.535
"E2f5",0.0825,0.267,0.536
"T",0.0872,0.267,0.536
"Rnf112",0.0898,0.268,0.536
"Fbxo11",-0.084,0.268,0.536
"Kdelr3",-0.184,0.268,0.536
"Farp2",0.0792,0.268,0.536
"Gtf2h4",0.0823,0.268,0.536
"Baalc",0.0663,0.268,0.536
"Sec24b",-0.142,0.268,0.536
"Repin1",-0.118,0.268,0.536
"Sstr1",-0.081,0.268,0.537
"Fos",0.205,0.268,0.537
"Ptch1",0.0895,0.268,0.537
"Wbp1",-0.0872,0.268,0.537
"Ndufs7",-0.072,0.268,0.537
"Riok1",0.0778,0.269,0.537
"Gm6607",0.0892,0.269,0.537
"Bmp2k",-0.104,0.269,0.537
"Acot6",-0.0843,0.269,0.537
"Hoxd1",0.0875,0.269,0.537
"Ranbp10",-0.0987,0.269,0.538
"Zp1",-0.113,0.269,0.538
"P2ry4",-0.0955,0.269,0.538
"Plcb4",0.096,0.269,0.538
"Chst15",-0.102,0.269,0.538
"Krr1",-0.0953,0.269,0.538
"Rfc3",-0.0827,0.27,0.538
"Pyroxd1",-0.106,0.27,0.538
"Ska2",-0.0835,0.27,0.538
"Xpnpep1",-0.0735,0.27,0.538
"Rwdd2b",0.102,0.27,0.538
"Gt(ROSA)26Sor",0.16,0.27,0.539
"Tctex1d1",0.0785,0.27,0.539
"St6galnac3",0.102,0.27,0.539
"P2rx1",0.0945,0.27,0.539
"Vamp7",-0.116,0.27,0.539
"Mycs",-0.114,0.27,0.539
"Amy2a2///Amy2a3///Amy2a4///Amy2a1///Amy2a5",-0.987,0.27,0.539
"Xbp1",0.124,0.27,0.539
"Isoc2b",-0.107,0.271,0.539
"Srcin1",0.0852,0.271,0.539
"Trim30d",-0.195,0.271,0.539
"Myof",0.0905,0.271,0.54
"Chst11",0.147,0.271,0.54
"Wnt2b",-0.123,0.271,0.54
"Trib1",0.113,0.271,0.54
"Il10rb",-0.136,0.271,0.54
"Col11a1",0.0943,0.271,0.54
"Sdhd",-0.0998,0.271,0.54
"Asb9",0.0828,0.271,0.54
"D4Ertd335e",-0.0837,0.271,0.54
"Oaz1",0.0957,0.271,0.54
"Apbb3",0.0725,0.272,0.54
"Vamp5",-0.0698,0.272,0.541
"Sdf4",-0.0722,0.272,0.541
"Myzap",-0.104,0.272,0.541
"Uhmk1",0.0998,0.272,0.541
"Dpep3",-0.0753,0.272,0.541
"Bach2",0.116,0.273,0.542
"Atp6v1h",-0.0845,0.273,0.542
"Rab3gap2",-0.0803,0.273,0.542
"Rbbp9",-0.128,0.273,0.542
"Rcvrn",-0.0835,0.273,0.542
"Zfp354b",-0.127,0.273,0.542
"Rbbp6",0.0983,0.273,0.542
"Il13ra2",0.0922,0.273,0.542
"Dtnb",0.128,0.273,0.542
"Tas2r108",-0.0785,0.273,0.542
"Alg14",-0.0822,0.273,0.542
"Ctsw",0.0852,0.273,0.542
"Slc26a8",0.0977,0.273,0.543
"Pcolce",-0.132,0.274,0.543
"Sox13",0.139,0.274,0.543
"Ctrl",-0.516,0.274,0.543
"Rab26os",0.0805,0.274,0.543
"Calml4",-0.103,0.274,0.544
"Mmp19",-0.113,0.274,0.544
"Ctrb1",-0.522,0.275,0.544
"Rgs17",-0.0858,0.275,0.544
"Slc37a1",-0.152,0.275,0.544
"Lbx2",0.0853,0.275,0.544
"Nek2",0.0787,0.275,0.544
"Fut10",0.077,0.275,0.544
"Cnot6l",0.0917,0.275,0.544
"Sult1c1",0.103,0.275,0.544
"LOC102641458///Vps52",-0.0868,0.275,0.544
"Sgpp1",0.14,0.275,0.544
"Sav1",-0.085,0.275,0.545
"Vmn1r186///Vmn1r62",-0.0765,0.275,0.545
"Slc25a14",0.0815,0.276,0.545
"Ube2r2",0.079,0.276,0.545
"Pax9",-0.0647,0.276,0.545
"Zfp2",0.0678,0.276,0.545
"Ltv1",-0.127,0.276,0.546
"Slc25a53",0.11,0.276,0.546
"Csf1",0.0767,0.276,0.546
"D16Ertd472e",0.0715,0.277,0.546
"Igfbp3",-0.188,0.277,0.546
"Ttc17",0.105,0.277,0.546
"Mrvi1",0.0795,0.277,0.546
"Knstrn",0.0768,0.277,0.546
"Tpbpb",-0.07,0.277,0.546
"Gata3",-0.0777,0.277,0.546
"Serpinb9c",0.101,0.277,0.546
"Barx2",-0.0893,0.277,0.546
"Hoxd11",0.114,0.277,0.547
"Asprv1",0.0987,0.277,0.547
"Gykl1",0.08,0.277,0.547
"Snapc3",0.0867,0.277,0.547
"Prdx5",-0.078,0.277,0.547
"Naga",-0.0943,0.278,0.547
"Hoxb4",-0.0933,0.278,0.547
"Ppfibp2",-0.0762,0.278,0.547
"Tnc",0.0808,0.278,0.547
"Gbp2b",0.0738,0.278,0.547
"Appbp2",-0.0893,0.278,0.547
"Kap",0.091,0.278,0.547
"Ndst4",0.111,0.278,0.547
"Ifi35",-0.122,0.278,0.547
"Anxa4",-0.16,0.278,0.548
"LOC102641618///Cog1",0.106,0.278,0.548
"Agbl3",0.0727,0.278,0.548
"5830411J07Rik",0.0643,0.279,0.548
"Gm9855///Tdg-ps///Tdg",0.132,0.279,0.548
"H2-Q2",0.1,0.279,0.548
"Nf1",0.102,0.279,0.548
"Ppp3ca",-0.0872,0.279,0.548
"LOC102641402///Cela3b",-0.91,0.279,0.548
"C3ar1",-0.106,0.279,0.548
"Cbl",0.0877,0.279,0.548
"Kazn",0.08,0.279,0.549
"Zfp768",0.0913,0.279,0.549
"Ift46",0.0992,0.279,0.549
"Mal",0.0872,0.279,0.549
"Tbc1d15",-0.12,0.279,0.549
"Rif1",0.0735,0.279,0.549
"Esf1",-0.0895,0.28,0.549
"Akap4",0.103,0.28,0.549
"Atrip///Trex1",-0.119,0.28,0.549
"Anp32e",-0.11,0.28,0.549
"Igf2bp2",-0.153,0.28,0.549
"Moxd2",0.0657,0.28,0.549
"Gar1",-0.093,0.28,0.549
"Rb1cc1",-0.0663,0.28,0.549
"Sh3glb2",0.0943,0.28,0.549
"Arc",0.107,0.28,0.549
"Ccdc22",0.0927,0.281,0.55
"Cdk14",0.103,0.281,0.55
"Oard1",0.0748,0.281,0.55
"Lfng",0.0948,0.281,0.55
"Twist2",0.0697,0.281,0.55
"Nlrx1",-0.0955,0.281,0.551
"2810474O19Rik",0.0882,0.281,0.551
"Ift80",0.0832,0.281,0.551
"4930591A17Rik",0.0933,0.281,0.551
"Coro2b",-0.104,0.281,0.551
"Zfp936",0.0952,0.282,0.551
"Klf6",-0.0953,0.282,0.551
"Atf6b",0.0745,0.282,0.551
"B4galnt2",0.183,0.282,0.551
"Trib2",0.0665,0.282,0.551
"Isg20",0.0913,0.282,0.551
"Gm9769///Ptges3",0.075,0.282,0.551
"A930012N16Rik",0.1,0.282,0.551
"Cd9",-0.128,0.282,0.552
"Gdap2",0.0617,0.282,0.552
"Gadd45g",0.325,0.282,0.552
"Klra2",-0.0593,0.282,0.552
"Stmn2",-0.105,0.283,0.552
"Clec14a",-0.104,0.283,0.552
"Clcn7",-0.118,0.283,0.552
"Igdcc4",-0.179,0.283,0.552
"Ccdc166",-0.0992,0.283,0.552
"Mpo",0.0907,0.283,0.552
"Sp1",0.108,0.283,0.552
"AW549877",-0.103,0.283,0.552
"Pink1",0.0627,0.283,0.552
"Sim1",-0.0678,0.283,0.553
"Bcl11b",-0.113,0.283,0.553
"Adam18",0.074,0.284,0.553
"Plekhh2",0.089,0.284,0.553
"Uggt1",0.104,0.284,0.553
"Cbx3",-0.0958,0.284,0.553
"Mllt3",0.0875,0.284,0.553
"Cad",0.0892,0.284,0.553
"Mitf",0.091,0.284,0.554
"Cmtr1",-0.0885,0.284,0.554
"Lypd1",-0.0757,0.284,0.554
"Tfap2c",0.0642,0.284,0.554
"Hk2",0.0848,0.285,0.554
"Gcc2",0.0753,0.285,0.554
"Jrk",-0.0932,0.285,0.554
"Kcna3",0.0735,0.285,0.554
"Commd6",-0.11,0.285,0.554
"Camkk1",0.093,0.285,0.554
"Klf17",-0.0903,0.285,0.554
"Trbv13-2",0.0902,0.285,0.554
"Galnt6",-0.128,0.285,0.554
"Arfgap2",-0.0825,0.285,0.555
"Ceacam11",0.0843,0.285,0.555
"Psmb7",0.0732,0.285,0.555
"Fez1",-0.0807,0.285,0.555
"Nedd4l",-0.0875,0.286,0.555
"Setd7",-0.0827,0.286,0.555
"Galnt7",0.0832,0.286,0.555
"Ifitm10",0.113,0.286,0.555
"Pole3",-0.0997,0.286,0.555
"Gng2",-0.0817,0.286,0.555
"Gpr143",-0.0822,0.286,0.556
"Trappc5",-0.078,0.286,0.556
"Vmn1r44",-0.0712,0.286,0.556
"Aagab",-0.104,0.286,0.556
"Sprr1a",0.126,0.286,0.556
"Zfp125",0.0987,0.286,0.556
"Itm2a",0.0677,0.287,0.556
"Zfp503",-0.0872,0.287,0.556
"Adamts1",-0.101,0.287,0.556
"Fahd1",-0.0963,0.287,0.557
"Ccl28",0.0898,0.287,0.557
"Creb3",0.0688,0.287,0.557
"C77609",0.0905,0.287,0.557
"Peg3",0.117,0.287,0.557
"Psmb2",0.0688,0.287,0.557
"Tnip1",-0.0768,0.287,0.557
"Zic1",-0.0665,0.287,0.557
"Clic4",0.0758,0.288,0.557
"Ecel1",0.0862,0.288,0.557
"Gm20362",0.0743,0.288,0.557
"Kansl1l",0.0728,0.288,0.557
"Arpp21",-0.0878,0.288,0.557
"Usp8",-0.0835,0.288,0.557
"Grhl2",0.0887,0.288,0.557
"Cyb5r3",0.0835,0.288,0.557
"Snrk",0.0872,0.288,0.557
"Trmt1l",-0.105,0.288,0.557
"Map1b",0.139,0.288,0.558
"Pcid2",0.0955,0.288,0.558
"Tmem160",-0.0602,0.288,0.558
"Drd3",-0.13,0.288,0.558
"Pkmyt1",0.0793,0.289,0.558
"Card14",0.0862,0.289,0.558
"Nfam1",-0.0963,0.289,0.558
"Dclk1",-0.0787,0.289,0.558
"Agap2",0.0793,0.289,0.558
"Snx29",0.0838,0.289,0.558
"Bag2",0.101,0.289,0.558
"Zfp185",-0.0877,0.289,0.558
"Wnt10a",0.088,0.289,0.558
"Ankrd12",0.078,0.289,0.558
"Ppp3r1",0.0605,0.289,0.558
"Cherp",-0.0757,0.289,0.558
"Ankrd10",0.0975,0.289,0.558
"Capn9",-0.0835,0.289,0.558
"Akt3",0.0925,0.289,0.559
"Gm21975///Evi2b///Evi2a",-0.0848,0.289,0.559
"Duoxa1",-0.0918,0.29,0.559
"Tnfrsf21",0.101,0.29,0.559
"Nebl",-0.0682,0.29,0.559
"Ndufs5///BC002163",-0.0793,0.29,0.559
"Cdc6",-0.0587,0.29,0.559
"Tex2",-0.0778,0.29,0.559
"Mas1",0.0593,0.29,0.559
"Snrpe",-0.0762,0.29,0.559
"Hoxa1",-0.11,0.29,0.559
"Atp7a",-0.127,0.29,0.559
"Zfp316",-0.0968,0.29,0.559
"Donson",0.0658,0.29,0.559
"Mycn",0.115,0.29,0.559
"Trp73",-0.0923,0.29,0.559
"Tor4a",-0.088,0.29,0.559
"Knop1",-0.113,0.291,0.559
"Trpv4",0.096,0.291,0.559
"Pitpnm2",0.0888,0.291,0.559
"Zfp651",0.0907,0.291,0.56
"Psma3",0.0627,0.291,0.56
"Prss58",0.077,0.291,0.56
"Ccdc163",0.0913,0.291,0.56
"Krt16",0.0677,0.291,0.56
"Fgf17",0.0865,0.291,0.56
"Sos1",0.113,0.291,0.56
"Ins1",-0.0855,0.291,0.56
"Vwa9",-0.107,0.291,0.56
"Hmmr",0.106,0.292,0.561
"Trim34b///Trim34a",0.0685,0.292,0.561
"Neo1",-0.0775,0.292,0.561
"Otud7a",-0.0877,0.292,0.561
"Nfe2l2",-0.0865,0.292,0.561
"Gm11944",0.0983,0.292,0.561
"B4galt3",0.0898,0.292,0.561
"Rps27l",-0.0857,0.292,0.561
"Zfp825",0.092,0.292,0.561
"Tada2a",0.083,0.292,0.561
"Cbfa2t2",0.0747,0.293,0.561
"Coch",-0.101,0.293,0.561
"Gnmt",-0.074,0.293,0.561
"Tpra1",-0.0927,0.293,0.562
"Zik1",0.0592,0.293,0.562
"Polr3f",0.0833,0.293,0.562
"Slc18a3",-0.106,0.293,0.562
"Cat",0.0848,0.293,0.562
"Rock1",-0.155,0.293,0.562
"Rgs16",-0.369,0.293,0.562
"Uqcc2",0.0605,0.293,0.562
"Bak1",-0.0857,0.294,0.562
"Lcn8",0.113,0.294,0.563
"Arap3",0.0897,0.294,0.563
"Ddrgk1",0.0727,0.294,0.563
"Stip1",0.175,0.294,0.563
"LOC100503923///Gm15433///LOC100041903///Gm2666///Gm7609///Csprs",0.0762,0.294,0.563
"Lamtor4",0.0855,0.294,0.563
"Amacr",0.234,0.294,0.563
"Rsrc1",-0.0822,0.294,0.564
"Git1",0.0895,0.295,0.564
"Dnaaf5",-0.104,0.295,0.564
"Psmb6",0.0647,0.295,0.564
"Ntrk2",0.0718,0.295,0.564
"Gm36527///Rnf2",0.0713,0.295,0.564
"Fer",-0.0618,0.295,0.564
"Npr3",-0.0932,0.295,0.565
"Timm8b",-0.0628,0.295,0.565
"Xab2",-0.143,0.296,0.565
"Ncoa3",0.113,0.296,0.565
"D730048I06Rik",0.0903,0.296,0.565
"AA517023",-0.0737,0.296,0.565
"Plcz1",0.0698,0.296,0.565
"Dennd1a",0.102,0.296,0.565
"Pax4",0.0998,0.296,0.565
"Slc30a4",0.105,0.296,0.565
"Fmo5",0.119,0.296,0.565
"Gtf2a1l",0.0905,0.296,0.565
"Bloc1s3",0.0867,0.296,0.565
"Edem1",-0.063,0.296,0.565
"Atp2a3",-0.112,0.296,0.566
"Prol1",0.0665,0.296,0.566
"Cdca3",0.0843,0.297,0.566
"Birc3",-0.0933,0.297,0.566
"Chst7",0.0978,0.297,0.566
"Atp8b3",-0.0628,0.297,0.566
"C79741",0.101,0.297,0.566
"2610524H06Rik",0.0795,0.297,0.566
"Reg3b",0.115,0.297,0.566
"Zak",0.0815,0.297,0.566
"Slc4a5",-0.0795,0.297,0.566
"Celf4",0.0613,0.297,0.567
"Cltc",-0.0748,0.297,0.567
"Clptm1",-0.0578,0.298,0.567
"Map2k4",-0.0703,0.298,0.567
"Crnkl1",-0.0888,0.298,0.568
"Lrrc1",0.141,0.298,0.568
"4930535I16Rik",0.0773,0.299,0.569
"Wbscr27",-0.0623,0.299,0.569
"Elavl3",0.0703,0.299,0.569
"Mcoln2",-0.0883,0.299,0.569
"LOC102642621///Igh-VJ558",0.0893,0.299,0.569
"Rexo1",0.0688,0.299,0.569
"A130040M12Rik///1200015M12Rik///1200003I10Rik",-0.161,0.299,0.569
"Bcam",0.0755,0.299,0.569
"Eno3",0.111,0.299,0.569
"Psmb4",-0.124,0.299,0.569
"Serpinb9b",0.0977,0.3,0.57
"Slc15a1",-0.159,0.3,0.57
"Ifngr1",-0.0973,0.3,0.57
"Itgae",0.0887,0.3,0.57
"Mef2b",0.0863,0.3,0.57
"Chordc1",0.17,0.3,0.57
"1700034I23Rik",0.0668,0.3,0.57
"Bves",-0.0883,0.3,0.57
"Gcnt1",0.0575,0.3,0.57
"Gprc5c",0.115,0.3,0.57
"BC016548",0.0627,0.3,0.57
"Fes",0.0698,0.3,0.57
"Ing4",0.0737,0.301,0.57
"Capza3",-0.0902,0.301,0.571
"Atg14",0.0992,0.301,0.571
"Ltf",0.0893,0.301,0.571
"Dpcd",0.0698,0.301,0.571
"Hist3h2bb-ps///Hist3h2ba",0.0818,0.301,0.571
"Nbl1",0.0953,0.301,0.571
"Fam195b",-0.0742,0.301,0.571
"Kiss1r",0.0755,0.301,0.571
"Ehbp1",0.0933,0.301,0.571
"Fam50a",0.065,0.301,0.571
"Itga7",0.0965,0.302,0.572
"Eef2k",0.113,0.302,0.572
"Rpia",-0.147,0.302,0.572
"Timmdc1",0.0682,0.302,0.572
"Zfp397",-0.0877,0.302,0.572
"Cts3",0.0792,0.302,0.572
"D12Ertd216e",0.0688,0.302,0.572
"Zfp82",0.0875,0.302,0.572
"Abhd5",-0.0902,0.302,0.572
"Tollip",-0.103,0.302,0.572
"Eif5b",0.0835,0.303,0.572
"Ptn",0.0743,0.303,0.572
"Tfcp2",-0.091,0.303,0.572
"Ccl27a",0.121,0.303,0.572
"4833420G17Rik",0.088,0.303,0.572
"Ramp3",0.088,0.303,0.572
"Gm9748",0.0978,0.303,0.572
"Nudt14",-0.0922,0.303,0.572
"Rnf186",0.13,0.303,0.572
"Ipo8",0.0935,0.303,0.572
"Cwh43",0.0805,0.303,0.572
"Catsperg1",-0.13,0.303,0.572
"Dapk2",-0.0913,0.303,0.572
"Igk-V28",0.109,0.303,0.572
"Stx1b",0.108,0.303,0.572
"Sf3a2",-0.0773,0.303,0.573
"Pip5kl1",0.0753,0.303,0.573
"Zfp213",-0.0762,0.304,0.573
"Atp7b",0.0932,0.304,0.573
"Foxl1",0.0883,0.304,0.573
"Hemk1",-0.071,0.304,0.573
"Atp6v1f",-0.0742,0.304,0.573
"Zfp189",0.0562,0.304,0.573
"C78228",-0.117,0.304,0.573
"Appl2",-0.0992,0.304,0.573
"Snip1",-0.067,0.304,0.573
"Neurl4",0.0662,0.304,0.573
"Crip1",-0.151,0.304,0.573
"Samsn1",0.109,0.304,0.573
"Cntln",0.0987,0.304,0.573
"Col26a1",-0.083,0.304,0.573
"Sdf2",0.097,0.304,0.573
"Tppp3",0.112,0.305,0.573
"Mrpl50",-0.0947,0.305,0.573
"Trem1",0.11,0.305,0.574
"Tlr3",0.0832,0.305,0.574
"Nhsl2",0.101,0.305,0.574
"Slc46a2",0.0795,0.305,0.574
"Sall4",0.112,0.305,0.574
"A730028G07Rik",0.0875,0.305,0.574
"Lysmd1",0.0875,0.305,0.574
"Mrpl22",-0.0687,0.305,0.574
"Gm16793",0.08,0.305,0.574
"Fam213b",0.132,0.305,0.574
"Cblc",0.057,0.306,0.574
"Rasl12",0.0892,0.306,0.574
"Vmn1r56",0.0688,0.306,0.575
"Txk",0.073,0.306,0.575
"Zfp296",0.0973,0.306,0.575
"Psme2b///Psme2",-0.0943,0.306,0.575
"Tnfrsf1b",-0.0875,0.306,0.575
"Gatad2a",-0.0983,0.306,0.575
"Pcdhb8",0.116,0.306,0.575
"Trpm7",-0.126,0.306,0.575
"Furin",-0.13,0.306,0.575
"Sec14l2",-0.0642,0.306,0.575
"Kif21b",0.0917,0.306,0.575
"Pcdhb17",-0.0687,0.306,0.575
"Irak1bp1",0.0727,0.306,0.575
"Hif3a",0.068,0.307,0.575
"Mta3",0.0805,0.307,0.575
"Fthl17d///Fthl17-ps1///Fthl17c///Fthl17b///Fthl17e",-0.0777,0.307,0.575
"Arhgap4",-0.0738,0.307,0.575
"Doc2a",-0.142,0.307,0.575
"Jmy",0.0852,0.307,0.576
"U90926",0.0677,0.307,0.576
"Atg16l1",0.0798,0.307,0.576
"Golga5",-0.0855,0.307,0.576
"Aimp2",-0.0792,0.307,0.576
"Bmp6",0.136,0.307,0.576
"Cnr1",0.09,0.307,0.576
"Tubb4b",0.0803,0.308,0.576
"Nbr1",-0.0988,0.308,0.576
"Gypa",0.087,0.308,0.576
"Scgb1b27",0.063,0.308,0.576
"Erap1",0.0742,0.308,0.576
"Fiz1",0.064,0.308,0.576
"Drg1",0.0688,0.308,0.577
"Traf5",0.089,0.308,0.577
"Ccna1",-0.0703,0.308,0.577
"Rcor2",0.0917,0.308,0.577
"Ina",0.072,0.308,0.577
"Dera",-0.0888,0.309,0.577
"Smad7",0.103,0.309,0.577
"Clec4g",0.0682,0.309,0.577
"F11",0.192,0.309,0.577
"Zfp354c",0.0787,0.309,0.577
"Tdrd3",0.0767,0.309,0.577
"Sntg1",0.105,0.309,0.577
"Icosl",0.0933,0.309,0.577
"Tg",0.0888,0.309,0.577
"Esyt3",-0.0698,0.309,0.577
"Znrd1",0.0888,0.309,0.578
"Rnf10",-0.0872,0.309,0.578
"Nkx3-1",0.0775,0.309,0.578
"C80425",-0.0733,0.309,0.578
"Lrrk2",0.0708,0.31,0.578
"Glcci1",0.0835,0.31,0.578
"Snx21",0.0922,0.31,0.578
"Smim12",-0.076,0.31,0.578
"Fabp7",-0.128,0.31,0.578
"Rnase1",-0.44,0.31,0.578
"Vmn1r41",0.0837,0.31,0.578
"Slc6a5",-0.119,0.31,0.578
"St3gal3",0.108,0.31,0.579
"Mcm6",-0.0698,0.31,0.579
"Mef2a",-0.0678,0.31,0.579
"Akna",0.112,0.31,0.579
"Lrrc20",-0.0893,0.311,0.579
"Tmem223",-0.0798,0.311,0.579
"Zfp36l2",0.0747,0.311,0.579
"Zfp94",0.105,0.311,0.579
"Kcnb1",-0.119,0.311,0.579
"Tdp2",0.113,0.311,0.579
"Il1f10",-0.0855,0.311,0.579
"Gm8430///Rps27a",-0.0803,0.311,0.579
"Ube2v1",-0.0732,0.311,0.579
"Myl4",0.0698,0.311,0.579
"Cd276",0.0858,0.311,0.579
"Osbpl5",0.0902,0.311,0.579
"Prickle1",0.0845,0.311,0.579
"Gsdma",0.0903,0.311,0.579
"Snord116",-0.0808,0.311,0.58
"AA517858",-0.057,0.311,0.58
"Ntng2",0.102,0.311,0.58
"Gm11959",0.0682,0.311,0.58
"Wdr12",-0.0697,0.312,0.58
"Defb5",0.077,0.312,0.58
"Bglap2///Bglap///Bglap3",0.096,0.312,0.58
"Jchain",0.16,0.312,0.58
"Fam222b",0.084,0.312,0.58
"Pdf",-0.0772,0.312,0.581
"BC025446",0.083,0.312,0.581
"Prl3d1",0.0577,0.312,0.581
"2610201A13Rik",-0.0933,0.312,0.581
"Cartpt",-0.0705,0.313,0.581
"Dek",0.086,0.313,0.581
"Vgll4",0.076,0.313,0.581
"Cpb1",-0.649,0.313,0.581
"Atp2b2",0.0907,0.313,0.582
"Plxna3",0.0705,0.313,0.582
"Thsd1",0.079,0.313,0.582
"Ralbp1",0.113,0.314,0.582
"Ssbp2",0.0745,0.314,0.582
"Ift140",0.0887,0.314,0.583
"Ptbp3",0.0858,0.314,0.583
"Ddo",-0.0845,0.314,0.583
"Angpt4",-0.084,0.314,0.583
"Gzmf",0.0832,0.314,0.583
"Pea15a",-0.0838,0.314,0.583
"Coq8a",-0.177,0.314,0.583
"Nif3l1",-0.0852,0.315,0.583
"Ccnh",0.0992,0.315,0.583
"Vnn3",0.0807,0.315,0.583
"Gramd4",-0.0947,0.315,0.583
"Csn1s2b",0.0703,0.315,0.584
"Cd3g",0.107,0.315,0.584
"Dkk2",0.0617,0.315,0.584
"Smarcb1",-0.067,0.315,0.584
"Hps1",-0.0763,0.315,0.584
"Tiaf2",0.113,0.316,0.584
"Brms1",-0.0787,0.316,0.584
"Rnf183",0.0808,0.316,0.584
"Gm561",-0.088,0.316,0.584
"Ccnb2",-0.0918,0.316,0.584
"Rfpl4",0.0633,0.316,0.584
"Trio",0.0923,0.316,0.584
"Pip",-0.0825,0.316,0.584
"Syn1",-0.085,0.317,0.585
"Smu1",0.0645,0.317,0.585
"Fmnl3",0.0692,0.317,0.585
"Scn1a",0.0845,0.317,0.585
"Trim39",0.0828,0.317,0.585
"Pnpt1",-0.0677,0.317,0.585
"Pla2g1b",0.0678,0.317,0.586
"Dennd5a",0.067,0.317,0.586
"Gem",0.0653,0.317,0.586
"Foxo3",0.131,0.317,0.586
"Aplp1",-0.0922,0.317,0.586
"Upp1",0.176,0.317,0.586
"Sult4a1",-0.078,0.318,0.586
"C78444",0.0945,0.318,0.586
"Tmem131",-0.0785,0.318,0.586
"Eif2ak2",0.0955,0.318,0.586
"Cndp2",-0.0738,0.318,0.586
"Prrx1",-0.0615,0.318,0.586
"Fgf21",-0.144,0.318,0.587
"Mrps21",-0.0682,0.318,0.587
"Sf3a1",0.0783,0.318,0.587
"Usp48",0.078,0.318,0.587
"Eqtn",0.0642,0.318,0.587
"Cdc42se1",0.0992,0.319,0.587
"Nfe2l1",-0.0715,0.319,0.587
"Psd",0.0717,0.319,0.587
"Rpe65",-0.109,0.319,0.587
"Phospho2",0.0715,0.319,0.587
"Zfp759",-0.0853,0.319,0.588
"Tia1",0.124,0.319,0.588
"Cdc23",0.0823,0.319,0.588
"Exoc8",-0.097,0.32,0.588
"Upk1a",0.0878,0.32,0.588
"1810030O07Rik",-0.101,0.32,0.588
"Psg28",0.104,0.32,0.588
"Bcl2a1d///Bcl2a1b///Bcl2a1a",0.0842,0.32,0.588
"Pdzph1",0.0687,0.32,0.588
"Sidt2",-0.0592,0.32,0.588
"Bmp15",-0.0888,0.32,0.588
"Psmb1",-0.07,0.32,0.588
"Slc45a3",-0.185,0.32,0.588
"Socs5",0.0737,0.32,0.588
"Entpd6",-0.076,0.32,0.588
"Atp5h",0.0662,0.32,0.588
"Polm",0.0853,0.321,0.589
"Nrsn1",0.0782,0.321,0.589
"Gcdh",-0.0862,0.321,0.589
"Lamp1",0.0657,0.321,0.589
"Gps1",0.0787,0.321,0.589
"B4galt6",0.115,0.321,0.589
"4930542C12Rik",0.12,0.321,0.589
"Dlg1",-0.0743,0.321,0.589
"Dhodh",-0.058,0.321,0.589
"C330006A16Rik",0.0862,0.322,0.589
"Cpsf2",-0.0828,0.322,0.589
"Srgap1",-0.0618,0.322,0.589
"Cnot7",-0.0832,0.322,0.59
"Dusp26",0.102,0.322,0.59
"C78859",-0.0937,0.322,0.59
"Cdh1",0.266,0.322,0.59
"Gja4",0.0923,0.322,0.59
"Tpm4",-0.0872,0.322,0.59
"Arg1",-0.114,0.322,0.59
"Gstz1",-0.0973,0.322,0.59
"Clca1",0.169,0.323,0.59
"Cd99l2",0.0792,0.323,0.591
"Pold1",0.068,0.323,0.591
"Tec",0.0572,0.323,0.591
"Bpifb5",0.0962,0.323,0.591
"Mcm2",0.0648,0.323,0.591
"Otof",0.0707,0.323,0.591
"Tssc4",0.0777,0.323,0.591
"Mns1",0.0812,0.323,0.591
"Morc3",-0.121,0.323,0.591
"Sars2",0.078,0.323,0.591
"C76614",0.0582,0.323,0.591
"Cdk12",0.0887,0.323,0.591
"Hacd2",0.0693,0.323,0.591
"Rpf1",0.123,0.324,0.591
"Lpar2",0.0727,0.324,0.591
"Acot5",-0.0875,0.324,0.591
"Fkbp6",0.0663,0.324,0.591
"Grik5",-0.0975,0.324,0.591
"Snx11",0.0883,0.324,0.592
"Fyttd1",0.11,0.324,0.592
"Zg16",-0.569,0.324,0.592
"Gm14085///Slc28a2",0.101,0.324,0.592
"Ddx10",0.0788,0.324,0.592
"Ppp2r3d",0.0713,0.324,0.592
"Tmem179b",-0.1,0.324,0.592
"Brs3",-0.0712,0.324,0.592
"4932438A13Rik",-0.0613,0.324,0.592
"Serpinb8",-0.093,0.325,0.592
"Klc3",0.077,0.325,0.592
"Gm3716",0.119,0.325,0.593
"Asb5",-0.067,0.325,0.593
"Gcm2",0.0875,0.325,0.593
"Rabep2",0.0987,0.325,0.593
"Tlr2",-0.0932,0.325,0.593
"4930470P17Rik",0.0848,0.325,0.593
"Cacna1s",0.101,0.325,0.593
"Cdc42ep5",0.141,0.326,0.593
"Hdgfl1",0.0847,0.326,0.593
"Akp3",0.102,0.326,0.593
"Tuba1a",0.0878,0.326,0.594
"Igfbp6",0.0738,0.326,0.594
"Prmt5",-0.0707,0.326,0.594
"Ggt5",0.0777,0.326,0.594
"Il12rb1",0.0767,0.327,0.594
"Tmem45b",-0.0575,0.327,0.594
"Wisp2",-0.067,0.327,0.595
"2310036O22Rik",0.0563,0.327,0.595
"Socs6",0.0753,0.327,0.595
"Grid2ip",0.0742,0.327,0.595
"Il5",-0.0638,0.327,0.595
"1110032A03Rik",0.142,0.327,0.595
"Peli2",0.0892,0.327,0.595
"LOC102641402///Cela3a///Cela3b",-0.814,0.327,0.595
"Poli",0.0777,0.327,0.595
"Fcamr",0.065,0.327,0.595
"Neurog3",-0.0815,0.327,0.595
"Mia",-0.081,0.327,0.595
"AI596198",0.0895,0.328,0.595
"Cux2",0.067,0.328,0.595
"1700094D03Rik",0.0603,0.328,0.595
"Fdxr",-0.127,0.328,0.596
"Rcsd1",0.07,0.328,0.596
"Gm13999",0.0917,0.328,0.596
"Mcm5",0.06,0.328,0.596
"Tmem79",0.1,0.329,0.596
"H2-D4",0.0887,0.329,0.596
"Fxyd5",0.085,0.329,0.596
"Stab2",-0.101,0.329,0.596
"Bace2",0.0765,0.329,0.596
"Tradd",-0.0843,0.329,0.596
"Eif2s3x",-0.135,0.329,0.596
"Sp6",0.0715,0.329,0.596
"Ndc1",-0.083,0.329,0.596
"Miip",0.078,0.329,0.597
"Psmd12",0.0625,0.329,0.597
"Adamts4",0.0758,0.329,0.597
"Tinagl1",-0.0688,0.33,0.597
"Armc1",0.0735,0.33,0.597
"Bap1",0.0565,0.33,0.597
"Mbd3l2",0.106,0.33,0.597
"Casp8ap2",-0.104,0.33,0.598
"1110038F14Rik",0.0722,0.33,0.598
"Pgrmc1",-0.067,0.33,0.598
"Mrpl43",-0.067,0.33,0.598
"Fam134c",0.067,0.33,0.598
"Mis12",0.0805,0.331,0.598
"Myoz1",-0.0903,0.331,0.598
"Orc5",-0.0868,0.331,0.598
"Cstf3",0.0733,0.331,0.598
"Hsd17b10",-0.128,0.331,0.598
"Prpf8",-0.0558,0.331,0.598
"Rab4b",-0.128,0.331,0.598
"Eps8l3",-0.147,0.331,0.599
"Npas3",-0.0695,0.331,0.599
"Enox2",-0.0733,0.331,0.599
"Plxdc2",-0.0678,0.331,0.599
"Kdm5d",-0.096,0.331,0.599
"Nr1i2",-0.065,0.332,0.599
"Dnttip2",0.0785,0.332,0.599
"Kcna1",0.0662,0.332,0.599
"Klra16",-0.0557,0.332,0.599
"Hsd3b1",0.119,0.332,0.599
"Il2",0.1,0.332,0.599
"Sec1",0.07,0.332,0.599
"Cpeb2",-0.123,0.332,0.6
"Tal2",0.0728,0.332,0.6
"Aqp4",-0.139,0.333,0.6
"Cd5",0.122,0.333,0.6
"2410016O06Rik",-0.0755,0.333,0.6
"Tpm1",0.0832,0.333,0.601
"Tnfrsf9",-0.0838,0.333,0.601
"Cdca7l",0.0728,0.334,0.601
"Psma5",-0.0968,0.334,0.601
"Gnb5",0.101,0.334,0.601
"Ampd3",0.111,0.334,0.602
"Rbm43",-0.0955,0.335,0.602
"Bhlha15",0.0838,0.335,0.602
"2610528A11Rik",0.0962,0.335,0.602
"Cyb561",-0.155,0.335,0.602
"Ndufa3",0.0537,0.335,0.602
"H2-M9",0.057,0.335,0.602
"Emc2",-0.0795,0.335,0.602
"Nprl2",0.0872,0.335,0.602
"Hyal2",0.0592,0.335,0.602
"Capn7",0.0537,0.335,0.602
"Sgcd",0.0663,0.335,0.602
"Icam5",0.109,0.335,0.602
"Pmaip1",-0.109,0.335,0.602
"LOC102641289///Tbc1d14",0.079,0.335,0.603
"Rgs4",0.065,0.335,0.603
"Tbx4",0.121,0.335,0.603
"Cfd",-0.165,0.336,0.603
"Thumpd1",-0.101,0.336,0.603
"Prl3b1",-0.0808,0.336,0.603
"Arf5",-0.0875,0.336,0.603
"Dlx5",-0.0717,0.336,0.603
"Fbxo18",-0.0773,0.336,0.603
"Clcn1",-0.0717,0.336,0.603
"Dcaf15",0.129,0.336,0.603
"Mea1",-0.0757,0.337,0.604
"Adad1",-0.0592,0.337,0.604
"Capn3",-0.0895,0.337,0.604
"Fndc1",0.068,0.337,0.604
"Sox11",-0.0633,0.337,0.605
"Frrs1",0.0833,0.338,0.605
"Rai2",0.0575,0.338,0.605
"Atp4b",0.0753,0.338,0.605
"Hspa9",-0.0658,0.338,0.605
"Emc9",-0.0907,0.338,0.605
"Idnk",0.0678,0.338,0.606
"Slfn3",0.0615,0.338,0.606
"Rhcg",0.0793,0.339,0.606
"Gabrd",0.0817,0.339,0.606
"Gpn1",-0.0775,0.339,0.606
"B3gnt2",0.0683,0.339,0.606
"Nubp1",-0.0743,0.339,0.606
"Gm38604",0.0677,0.339,0.606
"Cts6",0.0637,0.339,0.606
"Serpinh1",0.068,0.339,0.606
"Mknk1",0.0793,0.339,0.606
"Slc2a10",0.0892,0.339,0.606
"Mfap2",0.0782,0.339,0.607
"Cul7",0.0757,0.339,0.607
"Rp1",0.0622,0.339,0.607
"Tc2n",0.053,0.339,0.607
"Fgg",0.126,0.339,0.607
"Fgfr1op2",0.0858,0.339,0.607
"Necab3",-0.0563,0.34,0.607
"Ang2",0.0697,0.34,0.607
"Xrcc2",-0.0687,0.34,0.607
"Srpr",-0.0592,0.34,0.607
"Krtap6-3",-0.0827,0.34,0.607
"Chgb",0.112,0.34,0.607
"Gpx2",0.132,0.34,0.607
"Uchl5",-0.0678,0.34,0.607
"Gcsam",-0.0618,0.34,0.607
"Rheb",-0.0687,0.34,0.607
"Prss8",-0.133,0.34,0.607
"Ubxn2a",0.0945,0.34,0.607
"Oser1",-0.0642,0.341,0.608
"Col13a1",0.0747,0.341,0.608
"Shc1",0.0763,0.341,0.608
"Plscr1",0.0732,0.341,0.608
"Hgfac",-0.0983,0.341,0.608
"C8a",0.148,0.341,0.608
"Rdh10",-0.0772,0.341,0.608
"Tro",0.104,0.341,0.608
"Prkch",-0.0777,0.341,0.608
"Slc15a3",-0.0983,0.341,0.608
"Slc3a1",0.256,0.342,0.609
"Alad",-0.0832,0.342,0.609
"Tbx15",0.0707,0.342,0.609
"Rbm6",0.073,0.342,0.609
"Slc27a2",-0.0595,0.342,0.609
"Cyp19a1",0.0642,0.342,0.609
"Galnt16",0.0787,0.342,0.609
"Scml2",0.0715,0.342,0.609
"Krt17///Krt14",0.079,0.342,0.609
"Kat7",-0.0813,0.343,0.61
"Polr3c",0.0982,0.343,0.61
"Fam69b",0.0718,0.343,0.61
"Rai1",-0.0807,0.343,0.61
"Ift172",-0.0917,0.343,0.61
"Mrpl24",-0.0553,0.343,0.611
"Mterf3",0.117,0.343,0.611
"Cstf2",0.0817,0.343,0.611
"Mapkap1",-0.0967,0.344,0.611
"Sun2",0.0863,0.344,0.611
"Ptprr",-0.126,0.344,0.611
"Ifi27l2a",-0.167,0.344,0.611
"Arrb2",-0.101,0.344,0.611
"Emc6",0.0727,0.344,0.611
"Slc12a8",-0.144,0.344,0.611
"Olig2",0.0578,0.344,0.611
"Tmem163",0.0635,0.344,0.611
"Srsf1",-0.104,0.344,0.611
"Tm6sf1",-0.0693,0.344,0.611
"Tpd52l1",0.101,0.344,0.611
"Sprr2k",0.0638,0.344,0.611
"Gucy1a3",-0.0753,0.344,0.611
"D430019H16Rik",-0.0727,0.344,0.611
"Lin28a",0.0615,0.344,0.612
"Defa34///Defa35///Defa5",0.15,0.345,0.612
"Man2a1",-0.0755,0.345,0.612
"Eya1",0.0765,0.345,0.613
"Caln1",0.0822,0.345,0.613
"Catsper2",-0.0997,0.346,0.613
"P2ry2",0.0985,0.346,0.613
"Psg19",-0.0618,0.346,0.613
"Atp1a3",0.0753,0.346,0.613
"Tgtp2///Tgtp1",-0.138,0.346,0.613
"Lxn",-0.0882,0.346,0.613
"Emg1",0.0732,0.346,0.613
"Kcnab2",0.064,0.346,0.613
"LOC102643023///Mfap1b///Mfap1a",0.0662,0.346,0.613
"Frmd5",-0.0855,0.346,0.614
"LOC100861749///Sfi1",-0.079,0.347,0.615
"Ube3c",-0.06,0.347,0.615
"Chrna4",0.0872,0.347,0.615
"Ptger2",0.0777,0.347,0.615
"B3gnt9",-0.0708,0.347,0.615
"Cab39",0.0762,0.347,0.615
"Rsu1",-0.0697,0.348,0.615
"Clec11a",0.09,0.348,0.615
"Mpz",0.107,0.348,0.615
"Rhoj",0.0637,0.348,0.615
"Yeats4",-0.068,0.348,0.615
"Mmel1",0.0838,0.348,0.615
"C79130",0.082,0.348,0.615
"Alox12",-0.0933,0.348,0.616
"Artn",0.0763,0.348,0.616
"Adam25",0.0515,0.349,0.616
"F2rl3",-0.0715,0.349,0.616
"Zfp53",0.0728,0.349,0.616
"Cdc25c",-0.0642,0.349,0.616
"Defb9",-0.0955,0.349,0.616
"Hdhd2",-0.104,0.349,0.616
"Cldn8",0.0767,0.349,0.616
"Rad9a",0.072,0.349,0.616
"C1galt1",0.0902,0.349,0.616
"Dcpp2///Dcpp3///Dcpp1",0.0712,0.349,0.617
"Car13",0.0835,0.35,0.617
"Map3k1",-0.118,0.35,0.617
"Ppara",0.17,0.35,0.618
"Zfx",-0.0638,0.35,0.618
"Mocs2",-0.0648,0.35,0.618
"Slc29a2",0.0787,0.35,0.618
"Tex21",0.0552,0.35,0.618
"Trim43a",0.0968,0.35,0.618
"Aire",0.0653,0.351,0.618
"Tnfsf13b",-0.0853,0.351,0.618
"Il9r",0.0835,0.351,0.618
"2210010C04Rik",0.111,0.351,0.618
"Dgat1",0.101,0.351,0.618
"Apip",-0.0705,0.351,0.618
"Trim35",0.0915,0.351,0.618
"Ifrd1",0.125,0.351,0.618
"Gstt2",-0.112,0.351,0.618
"Rbpj",0.0748,0.351,0.618
"Pi16",0.0778,0.351,0.618
"Mrps30",-0.075,0.352,0.619
"Skap2",0.0523,0.352,0.619
"Rundc3a",0.0778,0.352,0.619
"Dmkn",-0.113,0.352,0.619
"Anxa3",-0.103,0.352,0.619
"Itih5",0.074,0.352,0.619
"Nxf7",0.059,0.352,0.62
"Mrpl11",-0.0642,0.352,0.62
"Kcnk13",0.0773,0.352,0.62
"Osr2",-0.0948,0.353,0.62
"Tsr1",0.0613,0.353,0.62
"Pigu",-0.082,0.353,0.62
"Ddx52",-0.101,0.353,0.62
"Steap1",0.0703,0.353,0.62
"LOC101055915///Gm15501///Rps8",-0.0715,0.353,0.62
"Penk",0.0888,0.353,0.62
"Nepn",-0.0643,0.353,0.62
"Lpin1",0.258,0.353,0.621
"Sost",0.0815,0.353,0.621
"Tcf7",0.0722,0.353,0.621
"BC026585",-0.071,0.353,0.621
"Atg4b",0.062,0.354,0.621
"Txnip",-0.0967,0.354,0.621
"Csf2rb2///Csf2rb",0.0678,0.354,0.621
"Blzf1",0.0543,0.354,0.621
"Gabrb1",0.143,0.354,0.621
"Rbbp7",0.0613,0.354,0.621
"Ddx41",-0.0662,0.354,0.621
"Dennd1b",0.0787,0.354,0.621
"Elk3",0.0813,0.354,0.621
"Runx1t1",-0.0623,0.354,0.622
"Gm20559",0.126,0.354,0.622
"Chpf2",0.0985,0.355,0.622
"Zbtb7a",0.105,0.355,0.622
"Ptprn2",-0.0888,0.355,0.622
"Apoc1",-0.0595,0.355,0.622
"1500004A13Rik",0.075,0.355,0.622
"Gng12",0.0845,0.355,0.623
"Tnfsf9",-0.0782,0.355,0.623
"Ciao1",-0.074,0.355,0.623
"Prr3",0.0655,0.356,0.623
"Nomo1",-0.0772,0.356,0.623
"Ltb4r1",0.107,0.356,0.623
"Gpr153",0.0763,0.356,0.623
"Foxa2",0.0843,0.356,0.623
"Ssr2",-0.077,0.356,0.623
"Pcdhb20",0.0777,0.356,0.623
"Nkap",-0.0813,0.356,0.623
"Ralgds",0.111,0.356,0.624
"Rrad",0.0763,0.356,0.624
"Rnf43",0.0707,0.356,0.624
"LOC102642893///Scd3",-0.0627,0.357,0.624
"Zfp36",0.126,0.357,0.624
"Actr10",0.0673,0.357,0.624
"Srebf2",0.0723,0.357,0.624
"Gpi1",0.0842,0.357,0.624
"Ilk",-0.107,0.357,0.624
"Slc22a22",0.0782,0.357,0.624
"Cep152",0.0607,0.357,0.624
"Slc15a5",-0.061,0.357,0.624
"4930550L24Rik",0.0692,0.357,0.624
"Spata6",0.104,0.357,0.624
"Tyr",0.0545,0.357,0.624
"Gmip",-0.0803,0.357,0.624
"Spink1",-0.173,0.357,0.624
"Casp4",0.0877,0.357,0.624
"5031439G07Rik",-0.104,0.358,0.625
"D13Ertd37e",0.0638,0.358,0.625
"Psmd13",0.0683,0.358,0.625
"Hist2h3b///Hist1h3e///Hist1h3b///Hist1h3d///Hist1h3c///Hist1h3f///Hist2h3c2///Hist2h3c1",-0.0977,0.358,0.625
"Cyp2d10",-0.0883,0.358,0.625
"Gstm6",-0.128,0.358,0.625
"Mrpl1",0.0662,0.358,0.625
"1700019N19Rik",0.0632,0.358,0.625
"Gid8",0.0635,0.358,0.625
"Ngly1",0.0695,0.358,0.625
"Elf5",0.069,0.358,0.625
"Ccng2",-0.141,0.358,0.625
"Taf7l",0.0725,0.358,0.625
"Idua",-0.0685,0.359,0.625
"Gm10436///Gm2042///Oog1",-0.0582,0.359,0.626
"Wdr75",-0.0793,0.359,0.626
"Slamf9",-0.133,0.359,0.626
"Olfr2",0.073,0.359,0.626
"B3gnt4",0.0668,0.359,0.626
"Kdm3b",0.0707,0.359,0.626
"Phka1",-0.077,0.359,0.626
"LOC101055758///LOC100503923///Gm15433///LOC100041903///Gm2666///Gm7609///Csprs",0.068,0.36,0.627
"Tmem260",0.0652,0.36,0.627
"Six2",-0.055,0.36,0.627
"Pcdh10",-0.061,0.36,0.627
"Sycn",-0.295,0.36,0.627
"Polg2",-0.0598,0.36,0.627
"Tbr1",-0.057,0.36,0.627
"Aarsd1",-0.074,0.36,0.627
"Zic5",0.0702,0.361,0.628
"Csgalnact2",0.062,0.361,0.628
"Pth",0.0693,0.361,0.628
"Rgs10",0.0897,0.361,0.628
"Glrb",-0.0622,0.361,0.628
"Use1",-0.0603,0.361,0.628
"Igkv19-93",0.0762,0.361,0.628
"Mertk",0.121,0.361,0.628
"Mia2",0.0703,0.361,0.629
"Shd",0.0683,0.362,0.629
"Kdelc1",-0.0927,0.362,0.629
"Kit",-0.0767,0.362,0.629
"Dppa2",-0.0622,0.362,0.629
"Gmpr",-0.0587,0.362,0.629
"Lpar3",-0.0947,0.362,0.629
"Fam8a1",-0.0578,0.362,0.629
"Vpreb2///Vpreb1",-0.0522,0.362,0.629
"Cpa1",-0.53,0.362,0.629
"Csnk1e",0.106,0.362,0.629
"Srp54b///Srp54a",0.069,0.362,0.629
"Ypel1",0.0617,0.362,0.629
"Xdh",-0.148,0.363,0.63
"Uncx",-0.065,0.363,0.63
"Gkn2",0.0755,0.363,0.63
"Gbx2",0.0658,0.363,0.63
"Vmn1r49",0.0667,0.363,0.63
"Rbm19",0.076,0.363,0.63
"Rian",-0.0875,0.363,0.63
"Fxyd2",-0.0517,0.363,0.63
"Tm2d1",-0.082,0.363,0.63
"Kif12",0.055,0.363,0.63
"Lgr5",0.0693,0.363,0.63
"C80060",-0.0698,0.364,0.63
"Wisp1",0.103,0.364,0.63
"Sec31a",0.0763,0.364,0.63
"G6pdx///G6pd2",-0.102,0.364,0.63
"Ntsr2",0.0692,0.364,0.631
"Cd209g",0.0618,0.364,0.631
"Tnni3",-0.0663,0.365,0.632
"Cldn6",0.0688,0.365,0.632
"Ppp2r2b",-0.0657,0.365,0.632
"Stk26",0.0575,0.365,0.632
"Jph3",-0.0585,0.365,0.632
"Gja8",-0.073,0.365,0.632
"LOC101056029///Gm5451///Rpl9",0.0582,0.365,0.632
"Ewsr1",0.0825,0.365,0.632
"Scnn1b",0.0683,0.365,0.632
"Zfp353-ps",0.0533,0.366,0.632
"Kank2",0.0583,0.366,0.633
"Abt1",0.0705,0.366,0.633
"Abhd14a",0.0682,0.367,0.633
"Impa1",-0.146,0.367,0.633
"Rab38",0.07,0.367,0.634
"Slc5a9",-0.12,0.367,0.634
"Dazl",-0.0933,0.367,0.634
"Sf3b6",-0.08,0.367,0.634
"Tmco5",0.0727,0.367,0.634
"Tmem203",0.0825,0.367,0.634
"Arhgef12",0.0737,0.367,0.635
"Hoxb13",-0.0698,0.368,0.635
"Proser2",0.087,0.368,0.635
"Polr2h",0.0813,0.368,0.635
"Cct8",0.0658,0.368,0.635
"Cryba4",0.0785,0.368,0.635
"Xrcc6",-0.0653,0.368,0.635
"Epn1",0.0635,0.368,0.635
"Cpeb1",-0.0708,0.368,0.635
"Dusp12",-0.0782,0.368,0.635
"Krt79",0.0908,0.368,0.635
"Nfyb",0.073,0.369,0.636
"1110051M20Rik",0.08,0.369,0.636
"Cir1",0.0662,0.369,0.636
"Ift22",0.131,0.369,0.636
"Art3",-0.0565,0.369,0.636
"Mprip",0.08,0.369,0.636
"Cd3e",-0.0557,0.369,0.636
"Slc44a3",0.0877,0.369,0.636
"Lrrc8a",-0.0658,0.37,0.637
"Hsd3b7",-0.153,0.37,0.637
"Ifitm1",0.0665,0.37,0.637
"Med8",-0.0708,0.37,0.637
"Heatr5b",0.0747,0.37,0.637
"Bub1b",0.0782,0.37,0.637
"Carhsp1",-0.0598,0.37,0.637
"Ercc4",-0.07,0.371,0.637
"Misp",-0.136,0.371,0.637
"Fbln5",0.0853,0.371,0.637
"Inppl1",0.0918,0.371,0.637
"Mapk10",-0.0742,0.371,0.637
"Spata13",-0.0822,0.371,0.637
"Krtap6-2",0.077,0.371,0.637
"Caap1",0.0738,0.371,0.638
"2310033P09Rik",0.0588,0.371,0.638
"Ms4a2",-0.082,0.371,0.638
"Tmem214",-0.0708,0.371,0.638
"Nova1",-0.0635,0.372,0.638
"Exd2",0.0628,0.372,0.638
"Ptrh1",-0.0962,0.372,0.638
"Hilpda",-0.0812,0.372,0.638
"Bcar1",0.0955,0.372,0.639
"Trmt10b",0.095,0.372,0.639
"Trp53i13",-0.073,0.372,0.639
"BC027072",0.0792,0.372,0.639
"Pappa",0.0647,0.373,0.639
"Upf1",-0.062,0.373,0.639
"Zfp329",0.0643,0.373,0.64
"Mms22l",0.095,0.373,0.64
"Gm8882///Prb1///Prpmp5///Gm4736",0.0625,0.374,0.64
"C77370",-0.0758,0.374,0.64
"Coa5",0.0588,0.374,0.64
"Abhd11os",0.127,0.374,0.64
"Tgoln2///Tgoln1",0.079,0.374,0.641
"Edem2",0.0562,0.374,0.641
"Psg23",0.112,0.374,0.641
"Foxn1",0.0793,0.374,0.641
"Atrn",0.0842,0.375,0.641
"Hcar2",0.0823,0.375,0.641
"Tcf19",0.0717,0.375,0.641
"Vwa7",0.061,0.375,0.641
"Atp5j",0.0557,0.375,0.641
"LOC102636700",0.0675,0.375,0.641
"Dctn2",0.063,0.375,0.641
"Spdl1",0.0882,0.375,0.641
"Rdh1",0.0743,0.375,0.641
"Ushbp1",0.0848,0.375,0.641
"Cog4",0.0663,0.375,0.641
"Piga",0.0712,0.376,0.641
"Imp3",0.0685,0.376,0.642
"Edar",0.0732,0.376,0.642
"Hoxa2",-0.0785,0.376,0.642
"Slc35f4",0.0638,0.376,0.642
"Tsnax",0.0672,0.376,0.642
"Trpc1",-0.0537,0.376,0.642
"Hck",-0.0835,0.376,0.642
"Zfp112",0.0625,0.377,0.642
"Tbx5",0.0723,0.377,0.642
"Gpr34",0.0568,0.377,0.643
"Mfap1b///Mfap1a",0.0645,0.377,0.643
"Tspan6",0.0682,0.377,0.643
"Wnt11",0.0637,0.377,0.643
"Brca2",0.0742,0.377,0.643
"Syn3",0.0623,0.377,0.643
"Acad11",-0.0903,0.377,0.643
"Cxcl11",0.0605,0.377,0.643
"Lcmt2",-0.0587,0.377,0.643
"Atxn1",0.0632,0.378,0.643
"Dhx36",0.103,0.378,0.643
"Chfr",0.0792,0.378,0.644
"Slc30a6",-0.082,0.378,0.644
"Gjb6",0.057,0.378,0.644
"Cacng3",0.09,0.378,0.644
"Cdipt",-0.0658,0.378,0.644
"Gabrp",-0.0752,0.378,0.644
"Tcfl5",-0.0497,0.378,0.644
"Igkv14-111",0.0635,0.378,0.644
"Syngr1",0.064,0.379,0.644
"Kifc2",-0.0802,0.379,0.644
"Efcc1",0.0628,0.379,0.644
"Epb41l3",0.11,0.379,0.644
"Plbd2",0.0817,0.379,0.644
"Nr2e3",0.117,0.379,0.644
"Parp14",-0.0895,0.379,0.644
"Fgd1",0.0967,0.379,0.644
"Edn3",0.0733,0.379,0.644
"Mfsd11",0.0635,0.379,0.644
"Arpc2",0.0473,0.379,0.644
"Abcd4",-0.111,0.379,0.644
"Cenpo",0.0692,0.379,0.644
"Med12l",0.0647,0.379,0.644
"Camkv",0.0837,0.379,0.644
"LOC102641031///LOC100862473///Gm16340///Ifi203",-0.0692,0.38,0.644
"Foxk1",0.0578,0.38,0.644
"Igfbp7",0.072,0.38,0.645
"Krt71",-0.0768,0.38,0.645
"Slc4a3",0.0777,0.38,0.645
"C2cd2",0.0748,0.38,0.645
"Krtap1-5",0.0782,0.38,0.645
"Mrpl46",-0.063,0.38,0.645
"H2-T3",0.081,0.38,0.645
"Dlx2",-0.0628,0.38,0.645
"1600015I10Rik",0.0775,0.38,0.645
"Kcnj9",0.0708,0.38,0.645
"Igf2os",0.0532,0.38,0.645
"Plk3",0.296,0.381,0.645
"Itgb4",0.0858,0.381,0.645
"Flna",0.057,0.381,0.645
"Rsc1a1///Ddi2",-0.111,0.381,0.645
"Sprr2d",0.113,0.381,0.646
"Gas7",-0.0683,0.381,0.646
"Tpbg",0.053,0.381,0.646
"Myo1d",0.162,0.382,0.646
"Hmbs",-0.145,0.382,0.646
"Sorcs2",-0.0778,0.382,0.646
"4930430F08Rik",0.074,0.382,0.646
"Rbms2",0.0605,0.382,0.646
"Nfatc2ip",0.0677,0.382,0.647
"Trim28",0.0613,0.382,0.647
"Fbln2",0.0818,0.382,0.647
"Tmc4",-0.133,0.382,0.647
"Aebp1",-0.065,0.382,0.647
"Cops4",-0.068,0.382,0.647
"Slc35b4",-0.0612,0.382,0.647
"Bcap31",-0.0622,0.382,0.647
"Rnf38",0.0578,0.383,0.647
"Ankrd27",0.0577,0.383,0.647
"B4galt4",0.091,0.383,0.647
"Rap2c",0.088,0.383,0.647
"Gm6787",-0.0615,0.383,0.648
"Cabp2",0.0627,0.383,0.648
"Plekho1",-0.0622,0.383,0.648
"Mnt",0.0953,0.383,0.648
"Cox6b1",-0.0602,0.383,0.648
"Gcap8",0.0693,0.384,0.648
"BC023105",0.106,0.384,0.648
"Nup153",-0.0615,0.384,0.648
"Mpnd",0.0567,0.384,0.648
"Glipr1",-0.0808,0.384,0.648
"Wbp11",-0.0662,0.384,0.648
"Eme1",-0.103,0.384,0.648
"Pcdhb13",0.0525,0.384,0.649
"Adm",0.0577,0.384,0.649
"Tgfb1",0.083,0.384,0.649
"Ovol2",-0.0868,0.384,0.649
"Gm7120",-0.13,0.385,0.649
"Mag",0.063,0.385,0.649
"Prss2",-0.358,0.385,0.649
"Pirb",-0.0677,0.385,0.649
"Svop",0.0703,0.385,0.65
"Tmem128",-0.0832,0.385,0.65
"Fchsd1",0.0578,0.385,0.65
"Klrb1a",-0.066,0.385,0.65
"Aspm",0.0672,0.385,0.65
"Gjb3",0.0797,0.386,0.65
"Egf",0.0605,0.386,0.65
"Diaph2",-0.0598,0.386,0.65
"Tctn3",0.0865,0.386,0.65
"Ehmt2",0.0607,0.386,0.65
"Psmc2",0.0515,0.386,0.65
"Serpine2",0.114,0.386,0.65
"Pcbp1",-0.0802,0.386,0.65
"Mylip",-0.0852,0.386,0.651
"Robo4",0.0868,0.387,0.651
"Arcn1",0.0527,0.387,0.651
"Tnks1bp1",-0.0815,0.387,0.651
"Pnliprp2",-0.149,0.387,0.651
"Nkd1",0.0623,0.387,0.651
"Ednrb",0.08,0.387,0.651
"Psmg1",-0.08,0.387,0.651
"Arhgap24",0.0702,0.387,0.651
"Mrps22",0.0753,0.387,0.651
"Grik1",0.057,0.387,0.651
"4930549C01Rik",0.0617,0.388,0.652
"Bcdin3d",-0.0903,0.388,0.652
"Ugt2a3",0.097,0.388,0.652
"Marveld3",0.0897,0.388,0.652
"Creld2",0.175,0.388,0.652
"Srst",0.0517,0.388,0.652
"Fam110c",0.0762,0.388,0.652
"Pycard",0.0798,0.389,0.652
"Gm9779",0.0728,0.389,0.653
"Rprd2",0.0617,0.389,0.653
"Htr1f",-0.0687,0.39,0.654
"Slc14a2",-0.0568,0.39,0.654
"Rapsn",0.0605,0.39,0.654
"Smc1b",-0.0495,0.39,0.654
"LOC665506///Trbv1///Tcrb-J",-0.0497,0.39,0.654
"Cxcl15",-0.0822,0.39,0.654
"Gpr132",0.0513,0.39,0.654
"Tsx",-0.0512,0.39,0.654
"Slc14a1",-0.0638,0.39,0.654
"Wrap53",-0.0785,0.39,0.654
"Noxo1",-0.0673,0.391,0.654
"Agrn",0.063,0.391,0.655
"Bbox1",-0.059,0.391,0.655
"Ttf1",0.0752,0.391,0.655
"Bcar3",-0.0813,0.391,0.655
"Epha4",0.0608,0.391,0.655
"Prkar1a",-0.0882,0.392,0.655
"Apbb1",0.0572,0.392,0.655
"Sox18",-0.0855,0.392,0.655
"Nktr",0.0647,0.392,0.655
"Inpp5d",0.0543,0.392,0.655
"Hist3h2a///Trim17",0.0573,0.392,0.655
"Zfp472",0.0722,0.392,0.655
"Pacsin3",0.114,0.392,0.655
"Ptprc",-0.128,0.392,0.655
"Nt5dc3",0.0933,0.392,0.655
"Cdkn1c",-0.0648,0.392,0.655
"Pick1",0.059,0.393,0.656
"Usmg2",-0.048,0.393,0.656
"Rpl18",0.0672,0.393,0.656
"C3",-0.066,0.393,0.656
"Dlx6os2",0.0648,0.393,0.656
"2410018L13Rik",0.0702,0.393,0.656
"Gm29727///Gm4120///Gm9292///Gm4983",0.0693,0.393,0.656
"Scn11a",0.0618,0.393,0.656
"Arfgap1",-0.0883,0.394,0.657
"Zfp944///Zfp942",-0.0553,0.394,0.657
"Otx2",0.0968,0.394,0.657
"Gabrg1",0.0627,0.394,0.657
"Havcr2",0.0832,0.394,0.657
"Cacna1c",-0.0642,0.394,0.657
"Gast",0.0708,0.394,0.657
"Mthfsl///Mthfs",-0.107,0.394,0.657
"Ccnl1",0.066,0.394,0.657
"Arhgef16",0.0768,0.394,0.657
"Hspb2",0.0687,0.394,0.657
"C1s1",0.101,0.394,0.657
"C77691",0.0615,0.395,0.657
"Irx3",0.0547,0.395,0.657
"Grina",0.0848,0.395,0.657
"Nup88",0.0537,0.395,0.657
"Stmn3",0.0583,0.395,0.657
"Pcdhb7",0.0657,0.395,0.657
"Fga",0.1,0.395,0.657
"Grb14",-0.0953,0.395,0.657
"Myo18a",0.0747,0.395,0.657
"Fkbp3",-0.0992,0.395,0.658
"Tcam1",-0.0958,0.395,0.658
"Rab3il1",-0.0633,0.395,0.658
"Zbtb11os1",-0.087,0.395,0.658
"Creb3l3",-0.052,0.396,0.658
"Aip",-0.066,0.396,0.658
"Mmadhc",-0.0613,0.396,0.658
"Grpr",0.0522,0.396,0.658
"Slc22a13",-0.0988,0.396,0.658
"Apoe",0.047,0.396,0.658
"Scara5",-0.0733,0.396,0.658
"Tpo",0.074,0.396,0.658
"Six3",0.0727,0.397,0.659
"D3Ertd246e",-0.06,0.397,0.659
"Gpr50",0.0968,0.397,0.659
"Erp29",0.0618,0.397,0.659
"Acy3",0.0732,0.397,0.659
"Ier5",0.0643,0.397,0.659
"Tinf2",0.0668,0.397,0.659
"Rab18",-0.0697,0.397,0.659
"Six4",0.0657,0.398,0.659
"Nnmt",-0.226,0.398,0.659
"Defb2",0.0742,0.398,0.66
"Zfp553",0.0567,0.398,0.66
"Tcl1b1",0.053,0.398,0.66
"Atp1b2",0.0692,0.398,0.66
"Lrrn1",-0.049,0.398,0.66
"2610020H08Rik",0.0713,0.398,0.66
"Inafm2",-0.0617,0.399,0.66
"Zfp264",-0.0617,0.399,0.66
"Olfr64",0.064,0.399,0.66
"Il10",0.0707,0.399,0.66
"Gjc1",0.0583,0.399,0.66
"Dis3",-0.073,0.399,0.66
"Fgf13",-0.0753,0.399,0.66
"Itch",-0.0668,0.399,0.66
"Ccl3",-0.0777,0.399,0.661
"Dnd1",0.055,0.399,0.661
"Anp32b",-0.0573,0.399,0.661
"Evx1",0.0683,0.399,0.661
"Hadha",0.0562,0.399,0.661
"Dlg2",-0.0648,0.4,0.661
"1700029H14Rik",0.0767,0.4,0.661
"Ak1",0.051,0.4,0.661
"LOC100502592///Gm8882///Prb1///Prpmp5",0.058,0.4,0.662
"B230308N11Rik",0.0683,0.4,0.662
"Trim32",-0.0627,0.4,0.662
"Sec23ip",-0.068,0.4,0.662
"Klra19",0.059,0.4,0.662
"Srpx",-0.0805,0.401,0.662
"Rnft1",0.079,0.401,0.662
"Snord47///Gas5",0.0628,0.401,0.662
"Rnasel",0.109,0.401,0.662
"Ncr1",0.0658,0.401,0.662
"Spag1",0.0627,0.401,0.662
"Pinx1",-0.0603,0.401,0.662
"Tm7sf2",0.076,0.401,0.662
"Cxcl9",-0.122,0.401,0.662
"Tmpo",-0.0728,0.402,0.662
"Serpina3c",0.0922,0.402,0.662
"Vmn1r9///Vmn1r10",0.0687,0.402,0.662
"Rasa4",-0.104,0.402,0.662
"Slc44a2",-0.0648,0.402,0.663
"Hspa1a",0.0685,0.402,0.663
"Uevld",0.07,0.402,0.663
"Dscr3",-0.0768,0.402,0.663
"Rnaset2a///Rnaset2b",0.0587,0.402,0.663
"Xirp1",0.0727,0.402,0.663
"Kat6b",0.0602,0.403,0.663
"Cfap97",-0.0623,0.403,0.663
"Dusp14",-0.065,0.403,0.663
"Pacrgl",-0.0637,0.403,0.663
"Araf",0.0698,0.403,0.663
"Ephb6",-0.068,0.403,0.664
"Cdip1",0.0805,0.403,0.664
"Ccdc96",-0.069,0.404,0.664
"Ifna15///Ifnab///Ifna6",-0.0708,0.404,0.664
"Ipo9",-0.0543,0.404,0.664
"Fbxo36",0.0543,0.404,0.664
"Irf4",0.0673,0.404,0.664
"Syt5",0.046,0.404,0.664
"Igkv4-55///Igkv4-68",0.0695,0.404,0.664
"Sacs",0.0542,0.404,0.664
"Slc26a4",0.0833,0.404,0.664
"Myo1h",-0.0763,0.404,0.664
"Lrrc49",0.0577,0.404,0.664
"H2-DMb2",0.062,0.404,0.664
"Hsd17b3",0.0578,0.404,0.664
"Cbll1",-0.0632,0.404,0.664
"Meox2",0.0457,0.404,0.664
"Ucp1",-0.0572,0.404,0.664
"Tdp1",-0.0627,0.404,0.664
"Stard13",0.0645,0.404,0.664
"Zcchc8",0.0607,0.405,0.664
"Armc5",0.0747,0.405,0.665
"Hlcs",-0.0703,0.405,0.665
"Fzd5",-0.0763,0.405,0.665
"Speer3",-0.057,0.405,0.665
"6330590E21Rik",0.0597,0.405,0.665
"Apaf1",0.0813,0.406,0.665
"Arhgap21",-0.0628,0.406,0.665
"Rsph6a",0.0568,0.406,0.666
"Klb",-0.0593,0.406,0.666
"Wdhd1",0.102,0.406,0.666
"Sgpl1",0.108,0.406,0.666
"Bex6",0.0628,0.406,0.666
"Hoxd9",0.0648,0.406,0.666
"Lsm14b",0.0612,0.406,0.666
"Serpinf2",-0.0912,0.406,0.666
"Cpn1",-0.0798,0.406,0.666
"Gm10334///Gm5771///Prss1///Prss3",-0.162,0.407,0.666
"Msx2",-0.0725,0.407,0.666
"Speer4a",-0.0972,0.407,0.666
"Athl1",-0.059,0.407,0.667
"Lgals7",0.0627,0.407,0.667
"Cebpb",-0.114,0.407,0.667
"Klrb1b///Klrb1c",0.0655,0.407,0.667
"Kif4",0.0643,0.407,0.667
"Inpp1",0.0923,0.407,0.667
"Tslp",-0.0657,0.407,0.667
"Rnf138rt1",-0.0707,0.407,0.667
"Smok3c///Smok3b///Smok3a",0.0613,0.408,0.667
"Ache",-0.0572,0.408,0.668
"Sval2",0.0607,0.408,0.668
"Klra17",-0.0748,0.408,0.668
"Rep15",0.0742,0.409,0.668
"Mpg",-0.0623,0.409,0.668
"Scube2",0.0625,0.409,0.668
"Rpusd4",0.0543,0.409,0.668
"Slfn8",-0.0627,0.409,0.668
"Gm17066",-0.0505,0.409,0.668
"Dusp2",-0.0612,0.409,0.668
"Med20",-0.0642,0.409,0.668
"Ppp1r3a",-0.0528,0.409,0.669
"Ptprb",0.0932,0.409,0.669
"Il1rl1",-0.0712,0.409,0.669
"Hist1h2br///Hist1h2bq///Hist1h2bn///Hist1h2bl///Hist1h2bj///Hist1h2bf",0.0493,0.409,0.669
"Dpt",-0.0945,0.409,0.669
"Sh3bgrl2",-0.107,0.409,0.669
"Deb1",-0.0917,0.41,0.669
"Serpini1",0.0602,0.41,0.669
"Ndufs2",-0.0485,0.41,0.669
"Slc22a21",0.0727,0.41,0.669
"Anapc7",-0.055,0.41,0.669
"Hsd3b3",0.087,0.41,0.669
"Vmn1r171",0.0637,0.41,0.669
"Bub3",0.0827,0.41,0.67
"Plppr4",0.0505,0.41,0.67
"Cyp4a12a",-0.0928,0.41,0.67
"Gm16867///Entpd4",0.105,0.41,0.67
"Gabrg3",0.0808,0.41,0.67
"Gjd2",0.119,0.411,0.67
"Dpep1",0.0965,0.411,0.67
"Prl3a1",0.079,0.411,0.67
"4933411G06Rik",-0.0757,0.411,0.67
"Retnla",0.0867,0.411,0.67
"Gngt1",0.0627,0.411,0.67
"Tle3",0.0623,0.411,0.67
"Ddx25",0.058,0.411,0.67
"Cep70",0.0503,0.411,0.671
"Krt36",0.0722,0.412,0.671
"Flot2",0.0718,0.412,0.671
"Crebrf",-0.0657,0.412,0.671
"S100a6",0.0648,0.412,0.671
"Smr2",0.0578,0.412,0.671
"Coq6",0.0692,0.412,0.671
"Tfdp1",-0.0743,0.413,0.672
"Zfp68",-0.0523,0.413,0.672
"Chst1",0.07,0.413,0.672
"Sgcb",0.0557,0.413,0.672
"1110059E24Rik",-0.0688,0.413,0.672
"Clcnka",0.055,0.413,0.672
"Nemf",-0.0482,0.413,0.672
"Selk",-0.0533,0.413,0.672
"H2-Q6///LOC68395///H2-Q8///H2-Q4",0.0582,0.413,0.672
"1700123O20Rik",-0.056,0.413,0.672
"Lhx6",0.0837,0.413,0.672
"Ubr7",-0.0763,0.413,0.672
"Sypl2",-0.0803,0.414,0.672
"Gspt2",0.068,0.414,0.672
"Ift81",-0.0717,0.414,0.672
"Jarid2",-0.102,0.414,0.673
"Aspscr1",0.0533,0.414,0.673
"Git2",-0.0528,0.414,0.673
"Igkv6-15",-0.079,0.414,0.673
"Mmd",-0.08,0.414,0.673
"Cnnm4",0.0802,0.414,0.673
"Slc26a2",-0.114,0.415,0.673
"Clvs1",0.0552,0.415,0.673
"Abcc6",-0.0898,0.415,0.673
"Bex2",0.0523,0.415,0.673
"Gpr137b-ps",0.0508,0.415,0.673
"Gm29770///Erh",-0.0552,0.415,0.673
"BC001981",0.0532,0.415,0.673
"Ccdc127",-0.0722,0.415,0.673
"Prpf39",-0.0533,0.415,0.673
"Pla2g4f",0.054,0.415,0.673
"Zfp322a",0.069,0.415,0.673
"Magea7-ps",0.0705,0.416,0.673
"Arpc3",-0.0625,0.416,0.673
"Stam",-0.0725,0.416,0.674
"Ythdf2",-0.083,0.416,0.674
"Ect2",-0.129,0.416,0.674
"F2rl1",0.0682,0.416,0.674
"Rpa2",0.0848,0.416,0.674
"Tmem263",0.0865,0.416,0.674
"H1fx",0.0497,0.416,0.674
"S100a16",0.0518,0.416,0.674
"Ubr1",-0.0742,0.416,0.674
"Hoxb3",0.0683,0.417,0.674
"Grk1",0.0613,0.417,0.674
"Asz1",-0.0617,0.417,0.674
"Fam131a",0.0572,0.417,0.674
"Fam49b",-0.0878,0.417,0.674
"Traf3ip2",-0.0647,0.417,0.674
"Tead4",0.0678,0.417,0.675
"Nup37",-0.0723,0.417,0.675
"Nrd1",-0.0498,0.417,0.675
"Zyg11a",0.0775,0.417,0.675
"Commd1",-0.0615,0.417,0.675
"Lpo",-0.0807,0.418,0.675
"Dusp19",-0.072,0.418,0.675
"Fgf8",-0.069,0.418,0.675
"Mical2",0.0707,0.418,0.675
"Wnt7b",-0.0512,0.418,0.675
"Pla2g2a",0.0752,0.418,0.675
"Synpo2",0.0683,0.418,0.675
"Pxn",0.0563,0.418,0.675
"Matk",0.0885,0.418,0.675
"Mrpl38",0.0547,0.419,0.676
"Prl6a1",-0.0557,0.419,0.676
"Map4k2",0.0555,0.419,0.676
"Dcaf13",-0.0755,0.419,0.676
"Ccs",-0.0522,0.419,0.676
"Luzp1",0.07,0.419,0.676
"Serping1",0.061,0.419,0.676
"D8Ertd738e",0.0663,0.419,0.676
"Klhl36",-0.0647,0.42,0.677
"Smpd1",0.0703,0.42,0.677
"Ctf1",-0.0595,0.42,0.677
"Vkorc1",0.0567,0.42,0.677
"Foxo4",0.053,0.42,0.677
"Car10",-0.0503,0.42,0.677
"LOC100862446///Ftl1-ps2///Ftl1",-0.0672,0.42,0.677
"Col22a1",0.0562,0.42,0.677
"Polr2m",-0.053,0.42,0.677
"Tyms-ps",0.0588,0.42,0.677
"BC065403",0.057,0.42,0.677
"Pet100",-0.0535,0.42,0.677
"Kbtbd2",0.0602,0.42,0.677
"Manba",-0.106,0.421,0.677
"Tspan2",0.0768,0.421,0.677
"Psmc4",-0.0507,0.421,0.677
"Gm11767",0.065,0.421,0.677
"Fshr",-0.0682,0.421,0.677
"Gpam",-0.0545,0.421,0.677
"Itga8",-0.0663,0.421,0.677
"Glis1",0.0677,0.422,0.678
"Spon2",0.0602,0.422,0.678
"Gpnmb",-0.0607,0.422,0.678
"D230025D16Rik",0.0688,0.422,0.678
"Pabpc2",0.0675,0.422,0.678
"Nudt10///Nudt11",0.0562,0.422,0.678
"Hpca",-0.0567,0.422,0.679
"Th",0.0592,0.422,0.679
"Etv6",-0.0562,0.422,0.679
"Mcpt4",0.0663,0.423,0.679
"Bcl2l2",-0.065,0.423,0.679
"Tgif2lx2///Tgif2lx1",0.0475,0.423,0.679
"AA517650",0.0425,0.423,0.679
"Ttc5",-0.108,0.423,0.679
"Polk",-0.0718,0.423,0.679
"Hsd17b2",-0.0942,0.423,0.679
"Arhgap17",-0.0772,0.423,0.679
"Vmn2r103///Vmn2r97///Vmn2r96///Vmn2r98",-0.078,0.424,0.68
"Rnpep",0.085,0.424,0.68
"Dntt",-0.0535,0.424,0.68
"Arhgap18",-0.0947,0.424,0.68
"Htra3",0.06,0.424,0.68
"Sh2d2a",0.0707,0.424,0.68
"Adam34",0.0675,0.424,0.68
"Map6",0.0683,0.424,0.68
"Osbpl2",-0.0552,0.424,0.68
"Eif2ak4",0.0665,0.425,0.68
"Asb17",0.0542,0.425,0.68
"Psmd1",0.0625,0.425,0.68
"Ifi202b",-0.0767,0.425,0.68
"Oas3",0.0917,0.425,0.681
"Gm13023",-0.0545,0.425,0.681
"Col6a1",-0.0747,0.425,0.681
"Igkv6-14///Igkv6-23///Igk-V28",0.0547,0.425,0.681
"Vpreb1",0.0623,0.425,0.681
"Zbtb16",-0.203,0.425,0.681
"Ggnbp1",0.0505,0.426,0.681
"Rpsa",0.0625,0.426,0.681
"Clec4e",0.065,0.426,0.681
"Ankrd33",0.0812,0.426,0.681
"Actg2",0.0853,0.426,0.681
"Drap1",0.0562,0.426,0.681
"Dhfr",0.0677,0.426,0.681
"Sall2",-0.0518,0.426,0.681
"Olfr1508",-0.0682,0.426,0.682
"Kbtbd4",0.0593,0.427,0.682
"Bmpr2",0.0782,0.427,0.682
"Chrna3",0.0582,0.427,0.682
"Sts",-0.0528,0.427,0.682
"Llgl1",0.0473,0.427,0.682
"Hmx2",0.0678,0.427,0.682
"Igf1r",0.0515,0.428,0.683
"Ppdpf",-0.068,0.428,0.683
"Zfp30",-0.0555,0.428,0.683
"D7Ertd183e",-0.0763,0.428,0.683
"Lncpint",0.0698,0.428,0.683
"Tlr7",0.0578,0.428,0.683
"C79122",0.0508,0.429,0.684
"Rrp12",-0.0473,0.429,0.684
"Man2b1",-0.053,0.429,0.684
"Emid1",0.0818,0.429,0.684
"Kcnj10",0.0592,0.43,0.684
"Olfr66",0.0802,0.43,0.684
"Rrp9",0.048,0.43,0.685
"Mrm2",0.067,0.43,0.685
"Acr",0.0645,0.43,0.685
"Metap1d",0.119,0.43,0.685
"Hoxa7",0.0542,0.43,0.685
"Vmn1r172",-0.0597,0.431,0.685
"Poglut1",-0.0715,0.431,0.685
"Mfsd4b1",-0.0817,0.431,0.685
"Ezh2",-0.0955,0.431,0.685
"Cct2",0.0555,0.431,0.685
"Dll3",0.0628,0.431,0.686
"Klrc1",0.0627,0.431,0.686
"AA517562",-0.0668,0.431,0.686
"Asb15",0.055,0.431,0.686
"AI661453",-0.0607,0.432,0.686
"LOC102638110///LOC102632113///LOC101055754///Gm21560///LOC100861615///Gm3164///Gm3173///Gm38418///Gm3739///Gm16434///Gm3696///Gm3685///Gm3667///Gm3194///Gm3594///Gm3591///Gm3558///Gm10413///Gm3488///Gm3476///Gm10409///Gm3383///Gm3269///Gm3264///Gm3252///Gm3239///Gm3636///Gm3159///Gm3115///Gm3099///Gm3095///Gm3020///Gm3002///Gm10340///Gm2897///Gm2888///Gm10406///Gm16525///Gm3373///Gm9602///Gm3317///Gm6676///Gm6356///Gm6337///2610042L04Rik///Gm5796///Gm16440///D830030K20Rik///4930555G01Rik",0.0652,0.432,0.686
"Tmem100",-0.0543,0.432,0.686
"Sh3gl2",0.0992,0.432,0.686
"Dnah8",-0.0538,0.432,0.687
"Ankrd61",0.0892,0.433,0.687
"Gabra2",-0.051,0.433,0.687
"Myh3",0.0682,0.433,0.687
"Bnip3l-ps///Bnip3l",-0.107,0.433,0.687
"Elp3",-0.0478,0.433,0.687
"Kcnj15",-0.0813,0.433,0.687
"Fbxw5",-0.0553,0.433,0.687
"Pald1///Thbs1",0.0467,0.433,0.687
"Ifng",0.0768,0.433,0.687
"Acat3///Acat2",-0.0727,0.434,0.688
"Trim26",0.079,0.434,0.688
"Nufip1",-0.0512,0.434,0.688
"Npl",0.088,0.434,0.688
"Slc34a2",-0.0733,0.434,0.689
"Plekho2",-0.075,0.434,0.689
"Plpp1",-0.107,0.435,0.689
"Kcne1",0.0653,0.435,0.689
"Pycr2",-0.0448,0.435,0.689
"Huwe1",0.0622,0.435,0.689
"Polb",-0.0758,0.435,0.689
"Cbfb",0.0593,0.435,0.689
"Pank3",0.0813,0.435,0.689
"Ldlrad4",-0.0728,0.435,0.689
"Ier3",-0.0818,0.435,0.689
"Il1a",0.0623,0.436,0.689
"Pnmt",-0.0837,0.436,0.689
"Pgk2",0.0618,0.436,0.689
"Grp",0.072,0.436,0.69
"Srd5a2",0.0593,0.436,0.69
"Slc30a9",-0.0513,0.436,0.69
"Tbx18",0.0623,0.436,0.69
"Stil",-0.0577,0.436,0.69
"Mdp1",0.0772,0.436,0.69
"Wnt2",-0.0613,0.436,0.69
"Adprh",-0.0743,0.436,0.69
"Atp5g2",0.0585,0.436,0.69
"Epx",0.0845,0.437,0.69
"Gpr85",-0.0498,0.437,0.69
"Cpped1",-0.0677,0.437,0.69
"Txnrd3",0.0523,0.437,0.69
"Med15",0.0735,0.437,0.69
"Ear4",-0.072,0.437,0.691
"Pdxk",0.0687,0.438,0.691
"Scap",0.0602,0.438,0.691
"Trpm6",0.0655,0.438,0.691
"Nop16",0.0598,0.438,0.691
"Fbxo38",0.0632,0.438,0.691
"Dnah5",0.0843,0.438,0.691
"Htr3b",0.062,0.438,0.691
"Dazap1",-0.0567,0.439,0.692
"Sfrp2",0.053,0.439,0.692
"Smarca1",0.0572,0.439,0.692
"Dlg5",-0.0825,0.439,0.692
"Hoxa3",-0.0737,0.439,0.693
"Adarb2",0.0623,0.439,0.693
"St3gal5",0.103,0.44,0.693
"Slbp",-0.0658,0.44,0.693
"Nlrp5",-0.0677,0.44,0.693
"Klra5",-0.0785,0.44,0.693
"Fgf12",0.0563,0.44,0.693
"Nr1h3",-0.0643,0.44,0.693
"Peak1",0.0535,0.44,0.693
"Itk",0.075,0.44,0.693
"Ankef1",0.0668,0.44,0.693
"Slc27a4",0.0653,0.44,0.693
"LOC102642017///Uap1",0.0468,0.44,0.693
"Olfr690",0.087,0.44,0.693
"Foxb2",0.0952,0.441,0.693
"Clcn5",-0.0578,0.441,0.693
"Aldh8a1",-0.0538,0.441,0.693
"Fbxl3",0.126,0.441,0.693
"Crim1",-0.074,0.441,0.693
"Dbr1",-0.0672,0.441,0.694
"Trove2",0.0537,0.442,0.694
"Ifnar1",0.0438,0.442,0.694
"Rsph9",0.0613,0.442,0.694
"Treml1",0.0597,0.442,0.694
"Ovol1",0.0988,0.442,0.694
"Qrsl1",-0.0862,0.442,0.694
"Otor",-0.0602,0.442,0.694
"Nicn1",0.0737,0.442,0.694
"Prps1",0.0608,0.442,0.694
"Tcrg-V4",-0.0472,0.442,0.695
"Mfng",0.0568,0.442,0.695
"Mir155hg",-0.0547,0.442,0.695
"Zkscan6",0.0438,0.442,0.695
"Braf",0.0732,0.442,0.695
"Med29",-0.0715,0.443,0.695
"Muc15",0.0665,0.443,0.695
"Hsdl2",0.134,0.443,0.695
"Fam192a",-0.0548,0.443,0.695
"Cacfd1",-0.0777,0.443,0.695
"Ednra",0.0518,0.443,0.696
"Tbc1d24",0.0663,0.444,0.696
"Snx3",-0.047,0.444,0.696
"Cfh",0.268,0.444,0.697
"Pcsk6",-0.0987,0.444,0.697
"Cacnb4",0.0462,0.444,0.697
"Zfp14",0.0618,0.445,0.697
"Mob1a",0.059,0.445,0.697
"Hnrnph3",-0.0733,0.445,0.697
"Usp10",0.0532,0.445,0.697
"Col7a1",0.052,0.445,0.697
"Atp4a",0.0555,0.445,0.697
"Oas1c",-0.0552,0.445,0.697
"Arvcf",-0.0505,0.445,0.697
"Kirrel",0.0562,0.445,0.697
"Tnfrsf17",-0.0587,0.445,0.697
"Faah",0.057,0.445,0.697
"Id3",0.146,0.445,0.697
"Cd244",0.0692,0.445,0.697
"Gm21559///Gm5161///Snrpa",0.0422,0.445,0.697
"Fbxo45",0.0622,0.445,0.697
"Slc1a3",0.0645,0.445,0.697
"4933429H19Rik",-0.0597,0.445,0.697
"Slc12a4",0.08,0.446,0.697
"Slco1a5",0.0607,0.446,0.698
"Tex261",-0.0445,0.446,0.698
"Rad50",0.0603,0.446,0.698
"Prss37",0.0552,0.446,0.698
"Tcp11",0.0558,0.446,0.698
"Strc",-0.0562,0.446,0.698
"Hrh1",-0.0637,0.446,0.698
"Fam169a",0.0462,0.446,0.698
"Pnkd",0.0893,0.447,0.698
"Prkcsh",-0.0483,0.447,0.698
"Pgc",0.0615,0.447,0.698
"Cdc123",0.0463,0.447,0.698
"Cd93",0.0707,0.447,0.698
"Defa15",-0.102,0.447,0.699
"Gm10051///Rpl28",-0.0435,0.447,0.699
"Mfsd14b",-0.0645,0.447,0.699
"Adat3///Scamp4",-0.0757,0.448,0.699
"Vmn1r187///Vmn1r63",0.05,0.448,0.699
"Myg1",0.066,0.448,0.699
"Ryr3",-0.0645,0.448,0.699
"Itih4",0.133,0.448,0.699
"Mgat1",0.0437,0.448,0.699
"Cst9",0.0485,0.448,0.699
"Pdha2",-0.052,0.448,0.699
"Lrat",0.0613,0.448,0.699
"Otud6b",-0.0572,0.448,0.699
"Timm8a2",0.0388,0.449,0.7
"Tmprss5",0.0625,0.449,0.7
"Insr",0.0585,0.449,0.7
"Pspn",0.0587,0.449,0.7
"Parva",-0.0752,0.449,0.7
"Atp6v1b1",0.0688,0.449,0.7
"Csnk2b",0.0433,0.45,0.7
"Kif18a",0.0662,0.45,0.7
"Rmnd5a",-0.0482,0.45,0.7
"Recql4",0.0672,0.45,0.7
"Fhl1",-0.0863,0.45,0.701
"Junb",0.154,0.45,0.701
"Spcs3",-0.0642,0.45,0.701
"En2",0.0502,0.45,0.701
"Prf1",0.0598,0.45,0.701
"Hoxd13",0.0725,0.45,0.701
"Hus1",0.0713,0.451,0.701
"Ctla4",0.0463,0.451,0.701
"St3gal6",0.0723,0.451,0.701
"Inpp5a",0.0767,0.451,0.701
"Nupr1",0.0733,0.451,0.701
"Epgn",-0.0962,0.451,0.701
"Gdpd2",0.0578,0.451,0.701
"Nkapl",0.0562,0.451,0.702
"Caskin2",-0.0613,0.451,0.702
"Med21",0.0852,0.451,0.702
"Yipf7",0.0505,0.452,0.702
"Fam60a",0.08,0.452,0.702
"Gm7008",-0.0667,0.452,0.702
"Cngb3",0.0515,0.452,0.702
"Npy",-0.0517,0.452,0.702
"Zscan5b",0.0397,0.452,0.702
"Cck",0.075,0.452,0.702
"Triobp",-0.0513,0.452,0.702
"Gm7429///Gm6570///Gm6109///Gm5481///Rpl30",-0.056,0.452,0.702
"D1Ertd75e",0.061,0.453,0.703
"Acpp",0.0522,0.453,0.703
"Zfp954",0.0885,0.453,0.703
"4933436I01Rik",-0.053,0.453,0.703
"5730559C18Rik",0.0493,0.453,0.703
"Tap2",0.0742,0.453,0.703
"Arhgef1",0.0672,0.453,0.703
"Exo1",0.0758,0.453,0.703
"Tmem41a",-0.0958,0.453,0.703
"Epm2aip1",0.0607,0.453,0.703
"Vipas39",-0.0528,0.453,0.703
"Lmx1b",0.0552,0.454,0.703
"Lsm10",-0.0757,0.454,0.703
"Zfyve19",0.0515,0.454,0.703
"Jak1",0.05,0.454,0.703
"Lsg1",0.0585,0.454,0.703
"Rnf146",0.0578,0.454,0.703
"Ltb",0.0702,0.454,0.703
"Yipf3",0.0652,0.454,0.703
"Asf1a",-0.0788,0.454,0.704
"Sema6b",0.0622,0.454,0.704
"Ccr1",0.0557,0.455,0.704
"Cspg5",0.0537,0.455,0.704
"Klhl21",0.0715,0.455,0.704
"Rhov",0.0513,0.455,0.704
"Ccnb1ip1",0.0477,0.455,0.704
"Alpk3",0.0522,0.455,0.704
"Xlr4a///Xlr4c///Xlr4b",0.0612,0.455,0.704
"Nrros",0.0693,0.455,0.704
"Mast1",0.055,0.455,0.705
"Pdcl2",-0.045,0.455,0.705
"Pacsin1",0.0618,0.456,0.705
"Tcp10c///Tcp10b///Tcp10a",-0.0615,0.456,0.705
"Gng13",0.0493,0.456,0.705
"Cox8a",-0.0478,0.456,0.705
"Rell2",0.052,0.456,0.705
"Srrm3",0.0483,0.456,0.705
"Gpatch1",-0.0533,0.456,0.705
"Egr2",0.0598,0.456,0.705
"Satb2",0.0545,0.456,0.705
"Slco6c1",0.0542,0.456,0.705
"Sipa1",0.059,0.456,0.705
"Nxph1",0.0642,0.457,0.706
"Nkx6-2",0.0515,0.457,0.706
"Pou5f1",0.0573,0.457,0.706
"Pik3c3",0.0685,0.457,0.706
"Scnn1g",-0.0575,0.457,0.706
"Unc93b1",-0.0615,0.457,0.706
"Capn2",0.0525,0.457,0.706
"Adam8",-0.0683,0.457,0.706
"Kcnk7",0.0742,0.458,0.706
"Myf5",-0.0413,0.458,0.706
"Pstpip1",-0.0623,0.458,0.706
"Tubb3",-0.0587,0.458,0.706
"B3galt1",-0.069,0.458,0.706
"Dtx3",0.0687,0.458,0.706
"Iars2",-0.0718,0.458,0.706
"Oxtr",-0.0642,0.458,0.707
"Fbxl12",-0.0473,0.458,0.707
"Tes",0.092,0.458,0.707
"Camk2b",-0.0698,0.458,0.707
"Imp4",-0.0465,0.458,0.707
"Bicc1",0.0918,0.459,0.707
"Gipc3",-0.0797,0.459,0.707
"Vav2",0.0417,0.459,0.707
"Tpgs1",0.0497,0.459,0.707
"Rab33a",-0.0543,0.459,0.707
"Cptp",-0.0508,0.459,0.707
"Tceb2",-0.0492,0.459,0.707
"Gm8068///1700091H14Rik",0.0558,0.459,0.707
"Rusc2",0.0812,0.459,0.707
"Cep95",0.045,0.459,0.707
"Krba1",-0.055,0.459,0.707
"Gnb4",-0.0513,0.459,0.707
"Dnajc4",0.0592,0.46,0.707
"Pcm1",-0.0673,0.46,0.708
"4933417A18Rik",-0.0737,0.46,0.708
"Pkd1",0.0548,0.46,0.708
"Pde6a",-0.053,0.46,0.708
"Oaz2",-0.0442,0.46,0.708
"Armt1",0.0542,0.46,0.708
"Adamtsl4",-0.0618,0.46,0.708
"Hyal3",0.0498,0.46,0.708
"Cd209f",-0.0498,0.461,0.708
"Jph1",0.0528,0.461,0.708
"Adam9",0.0752,0.461,0.708
"Hbp1",-0.0695,0.461,0.709
"Mmp7",-0.0673,0.461,0.709
"Cyp2c44",0.123,0.462,0.709
"Nog",0.0788,0.462,0.709
"Khk",-0.0765,0.462,0.709
"Nek1",0.0438,0.462,0.709
"Csf2rb",0.0755,0.462,0.709
"Esco1",0.0628,0.462,0.709
"Phkg1",-0.0515,0.462,0.709
"Slc41a1",-0.074,0.462,0.709
"Ncbp1",0.0625,0.462,0.709
"Pth1r",-0.0535,0.462,0.709
"Cd55b",0.0495,0.462,0.709
"Rdh13",0.0632,0.463,0.71
"Pou2f3",0.0627,0.463,0.71
"Ctnnal1",-0.0418,0.463,0.71
"Hoxc8",0.0762,0.463,0.71
"Gm6211",0.0467,0.463,0.71
"Gm15674///Cd55b",0.0462,0.463,0.71
"Nucb2",0.0638,0.464,0.71
"Hist1h3f",0.0502,0.464,0.71
"Timm9",0.0518,0.464,0.71
"Abca3",-0.109,0.464,0.71
"Lgals4",-0.131,0.464,0.71
"Gas1",0.0697,0.464,0.71
"Zrsr2",-0.0622,0.464,0.71
"Thrb",0.0625,0.464,0.71
"Abo",0.0473,0.464,0.71
"Slc39a7",0.0597,0.464,0.71
"Tnfrsf14",0.0773,0.464,0.71
"Rhot2",0.0517,0.464,0.711
"Hdac6",-0.0515,0.464,0.711
"Fam83h",0.0628,0.465,0.711
"Papolb",0.0853,0.465,0.711
"Grhpr",0.0442,0.465,0.711
"Acta2",-0.0667,0.465,0.711
"AU040096",0.0508,0.465,0.711
"Nfia",-0.074,0.465,0.711
"Gm12538///Ormdl3",-0.0822,0.465,0.711
"Tcl1b4",0.0415,0.465,0.711
"Lcmt1",0.0533,0.465,0.711
"Sos2",0.0713,0.466,0.711
"Resp18",0.0573,0.466,0.711
"Ctsm",-0.0488,0.466,0.711
"Nde1",-0.0663,0.466,0.711
"Ndufv1",-0.053,0.466,0.711
"Traip",0.0553,0.466,0.711
"Rock2",-0.0702,0.466,0.712
"Trappc4",-0.0483,0.467,0.712
"Slmap",-0.0527,0.467,0.712
"Arhgap29",0.054,0.467,0.712
"Erlec1",-0.0518,0.467,0.712
"Snn",0.0588,0.467,0.713
"Fgf2",0.0658,0.467,0.713
"Grk6",0.058,0.468,0.713
"Rad51b",0.0733,0.468,0.713
"Gm11397///Serpinb9g///Serpinb9e///Serpinb9f",-0.0457,0.468,0.713
"Rad1",-0.0697,0.468,0.713
"Mettl7a2",-0.215,0.468,0.713
"Ipo7",0.0593,0.468,0.713
"Ick",0.066,0.469,0.713
"Vac14",0.0873,0.469,0.714
"Pxmp4",0.0693,0.469,0.714
"Abca8b",0.106,0.469,0.714
"Tbpl1",0.063,0.469,0.714
"Elac1",0.0833,0.469,0.714
"Zfp61",-0.0582,0.469,0.714
"Lin7c",-0.077,0.469,0.714
"Cib1",-0.0487,0.469,0.714
"Sh3pxd2a",0.0572,0.47,0.714
"Abi1",0.0633,0.47,0.714
"A230050P20Rik",0.0688,0.47,0.714
"St14",0.0615,0.47,0.714
"Ist1",0.0807,0.47,0.714
"Ddx59",0.0523,0.47,0.714
"Lcp2",0.0703,0.47,0.714
"Ctsk",0.0597,0.47,0.714
"Lipc",0.0723,0.47,0.714
"Zfpm2",-0.0478,0.47,0.714
"Kcna7",0.0485,0.47,0.714
"Igf1os",0.047,0.47,0.714
"LOC101056240///Sumo2",-0.0512,0.47,0.714
"Mapkapk5",0.0505,0.47,0.714
"Rbp7",-0.0692,0.47,0.714
"Vta1",-0.0463,0.47,0.714
"Plod2",-0.0627,0.47,0.714
"Wnt9b",0.0635,0.47,0.714
"Xrcc5",-0.0752,0.47,0.715
"Api5",0.0538,0.47,0.715
"Nipsnap1",-0.0625,0.471,0.715
"Trim11",-0.078,0.471,0.715
"Ldb1",-0.0593,0.471,0.715
"Gcc1",0.0848,0.471,0.715
"Mrps5",-0.0592,0.471,0.715
"Tbx2",0.0548,0.472,0.715
"Slc29a4",-0.058,0.472,0.716
"Rnf19a",0.0662,0.472,0.716
"Rpusd1",0.0382,0.472,0.716
"Ly96",0.068,0.472,0.716
"Zcchc10",0.05,0.472,0.716
"Il7",0.053,0.472,0.716
"Gm20186",0.0895,0.472,0.716
"LOC100043315",0.046,0.473,0.716
"Pnliprp1",-0.284,0.473,0.716
"Ppp6r3",0.0543,0.473,0.717
"Cfp",0.0967,0.473,0.717
"Psapl1",0.0648,0.473,0.717
"Nup210",-0.0768,0.473,0.717
"Uggt2",0.0607,0.474,0.717
"Vsx2",-0.0427,0.474,0.717
"Ccdc64",0.058,0.474,0.717
"Hspa4l",-0.0692,0.474,0.717
"Aurkb",0.0612,0.474,0.717
"Rgl1",-0.0667,0.474,0.717
"D2Ertd239e",0.0568,0.474,0.718
"Mfsd6l",-0.0762,0.474,0.718
"Csgalnact1",0.0418,0.474,0.718
"Prph2",0.0515,0.475,0.718
"Slc38a5",-0.0512,0.475,0.718
"Mtx1",-0.041,0.475,0.718
"Ubl7",0.051,0.475,0.718
"Rgs7",-0.0468,0.475,0.718
"Clnk",0.0507,0.475,0.719
"Htr4",0.0657,0.475,0.719
"Gm14279///Gm10237///Gm10029///Gm11810///Ino80///Rpl35a",0.0405,0.475,0.719
"Utp11l",-0.054,0.476,0.719
"Pygo2",0.0552,0.476,0.719
"Adgrl1",0.0487,0.476,0.719
"Efna3",0.067,0.476,0.719
"Itpka",0.0808,0.476,0.719
"Cep112",0.0543,0.476,0.719
"Emc8",-0.0773,0.476,0.719
"Ercc1",-0.0703,0.476,0.719
"Asf1b",0.0903,0.476,0.719
"Ttc19",0.0455,0.476,0.719
"Maf",0.058,0.476,0.719
"Lama1",0.0498,0.477,0.719
"Paqr7",-0.0512,0.477,0.719
"Rpgr",-0.0388,0.477,0.719
"Fgfbp1",0.0983,0.477,0.719
"4922502D21Rik",0.0733,0.477,0.719
"Hist2h2aa2",-0.0492,0.477,0.719
"Hmx1",-0.0513,0.477,0.72
"Agtr2",-0.0577,0.477,0.72
"Nefm",0.0527,0.478,0.72
"Mip",0.0625,0.478,0.72
"Rab6a",-0.0505,0.478,0.72
"Gm9861///Litaf",0.0518,0.478,0.72
"Arfrp1",-0.0592,0.478,0.72
"Gpr27",0.0488,0.478,0.72
"Irs4",0.0662,0.478,0.72
"Bpifa2",0.0583,0.478,0.72
"Crebbp",0.0612,0.478,0.72
"Gm13202///Chchd2",0.0502,0.478,0.72
"Dbp",-0.213,0.478,0.72
"Nos3",0.067,0.478,0.72
"Thpo",0.066,0.478,0.72
"Gabra3",-0.0682,0.478,0.72
"Hypk",-0.0483,0.478,0.72
"Evc",-0.0812,0.478,0.72
"Gtpbp2",0.0465,0.479,0.72
"Pigm",0.0737,0.479,0.721
"Prkcb",-0.0495,0.479,0.721
"Gm10228",0.0473,0.479,0.721
"Cyct",-0.0398,0.479,0.721
"Plek2",-0.111,0.479,0.721
"Sema4f",0.0455,0.48,0.721
"Uox",-0.0462,0.48,0.721
"Cks2",-0.0708,0.48,0.722
"A530058N18Rik",0.0442,0.48,0.722
"Kcnn1",0.0583,0.48,0.722
"Lman1l",-0.0537,0.48,0.722
"Tfec",-0.0507,0.48,0.722
"Copa",-0.0567,0.481,0.722
"Rida",0.0813,0.481,0.722
"Akr7a5",0.0507,0.481,0.722
"Saal1",0.0468,0.481,0.722
"Tmem11",0.06,0.481,0.722
"Gm33301",0.0588,0.481,0.722
"Lamp5",0.065,0.481,0.722
"Hr",-0.051,0.481,0.722
"Arhgef3",0.0605,0.481,0.722
"Cd47",0.0407,0.481,0.722
"Chaf1b",-0.0522,0.481,0.722
"Ptgfrn",0.0958,0.481,0.722
"Tomm40l",-0.0662,0.482,0.722
"Fbxl6",0.0645,0.482,0.722
"Fam110a",-0.077,0.482,0.722
"B4galt2",-0.0455,0.482,0.722
"Rab12",0.0532,0.482,0.722
"Ptprf",0.048,0.482,0.722
"Zfp275",0.0565,0.482,0.722
"Mnx1",-0.0585,0.482,0.722
"Cntnap1",0.0432,0.482,0.722
"Stk11ip",-0.0687,0.482,0.723
"Brd1",0.0592,0.482,0.723
"Mfap4",0.0495,0.482,0.723
"Slc17a1",-0.0678,0.482,0.723
"Cyp4a14",0.105,0.483,0.723
"1700029P11Rik",0.0507,0.483,0.723
"Ppy",0.0773,0.483,0.723
"Adra2c",0.0557,0.483,0.723
"Ero1l",-0.0648,0.483,0.723
"Ttbk2",0.0535,0.483,0.723
"Zfy2///Zfy1",0.0668,0.483,0.723
"Sh2b1",0.0528,0.483,0.723
"Parvg",0.05,0.483,0.723
"Tlr9",0.0487,0.483,0.723
"Uqcr10",-0.0538,0.483,0.723
"4833441D16Rik",-0.0762,0.483,0.723
"Ehd3",0.0668,0.484,0.723
"Nfatc1",0.0508,0.484,0.723
"Dvl2",0.0475,0.484,0.723
"Mmp13",-0.043,0.484,0.724
"Tom1l1",-0.0523,0.484,0.724
"Casq1",0.0707,0.485,0.724
"Orc6",-0.0798,0.485,0.724
"Tnrc6c",0.0487,0.485,0.724
"Igkv9-120///Igk-V1",0.0558,0.485,0.724
"Hrasls",0.0683,0.485,0.724
"Wnt8a",0.0515,0.485,0.725
"Gm16499",0.0722,0.485,0.725
"Sprr2j-ps",0.045,0.485,0.725
"Dyrk3",0.118,0.486,0.725
"Ppie",0.0533,0.486,0.725
"Tubgcp5",-0.0603,0.486,0.725
"Slc25a51",-0.111,0.486,0.725
"Ube2t",0.0497,0.486,0.725
"Hoxa10",0.0565,0.486,0.726
"Tex12",0.0573,0.487,0.726
"Fadd",-0.062,0.487,0.726
"Tspan14",0.0618,0.487,0.726
"Sugt1",-0.0843,0.487,0.726
"Nfkb1",-0.0497,0.487,0.726
"Gemin7",0.0423,0.488,0.727
"Copg1",0.0498,0.488,0.727
"Zfp940",0.0512,0.488,0.727
"Cops6",-0.0652,0.488,0.727
"Cyp11a1",0.0567,0.488,0.727
"Leng1",0.0565,0.489,0.727
"Adgre4",-0.107,0.489,0.727
"Atf7ip2",0.0535,0.489,0.728
"Zfp42",0.0542,0.489,0.728
"Cd300ld",-0.0562,0.489,0.728
"AA414903",0.0542,0.489,0.728
"Tmem121",0.079,0.49,0.728
"Bnip3",0.069,0.49,0.728
"Brk1",-0.0407,0.49,0.728
"Dlx1",-0.0513,0.49,0.729
"Etfa",-0.0388,0.49,0.729
"Mir142///Mir142hg",0.0577,0.49,0.729
"Pramel7",0.049,0.49,0.729
"C77614",-0.0462,0.49,0.729
"Bmyc",0.0467,0.49,0.729
"Nfkbib",-0.0523,0.49,0.729
"Slamf6",-0.0912,0.49,0.729
"Flad1///Lenep",-0.0487,0.491,0.729
"Defa4",-0.05,0.491,0.729
"Med16",0.0477,0.491,0.729
"Lair1",0.0518,0.491,0.729
"Uvrag",-0.0717,0.491,0.729
"Vstm2b",0.0562,0.491,0.729
"Map3k12",-0.072,0.491,0.729
"Wdpcp",0.053,0.491,0.729
"Acss1",-0.101,0.491,0.729
"Vimp",-0.0512,0.491,0.729
"Exosc8",0.045,0.491,0.729
"Rpl14",-0.0547,0.491,0.729
"Hnf1a",0.0643,0.491,0.729
"Dhx8",0.0448,0.492,0.729
"Dkk4",0.0472,0.492,0.729
"H2-Q5///H2-K1",0.0537,0.492,0.729
"Rps15a-ps6",-0.0417,0.492,0.73
"4932441J04Rik",0.0592,0.492,0.73
"Serpina3g",0.073,0.492,0.73
"Nat8f6///Nat8f7///Nat8f3",-0.0455,0.492,0.73
"Cdh11",0.0372,0.492,0.73
"Slc12a5",-0.0618,0.492,0.73
"Psma7",0.06,0.492,0.73
"Large",-0.0595,0.492,0.73
"Neurod1",0.0635,0.493,0.73
"Ncbp3",0.0563,0.493,0.73
"Cd40",0.0488,0.493,0.73
"Plekhh1",-0.101,0.493,0.73
"Dcps",-0.046,0.493,0.73
"1810065E05Rik",0.0578,0.493,0.73
"Psat1",-0.0515,0.493,0.73
"Capn1",0.0628,0.494,0.731
"Arid3a",0.0538,0.494,0.731
"Arhgdib",-0.0635,0.494,0.731
"C79709",0.0603,0.494,0.731
"Hba-a1",-0.0413,0.494,0.731
"Hoxb8///Hoxb7",0.0503,0.494,0.731
"Kif13a",-0.0427,0.494,0.731
"Zc2hc1c",0.0415,0.495,0.732
"Cep290",0.0452,0.495,0.732
"Dspp",0.0533,0.495,0.732
"Zscan26",-0.0838,0.495,0.732
"Sycp3",-0.0485,0.495,0.732
"Zbtb18",0.0577,0.495,0.732
"Acsm1",-0.114,0.495,0.732
"Ccdc71l",0.0708,0.495,0.732
"Ppl",0.0597,0.495,0.732
"Tbcel",0.049,0.495,0.732
"Tll1",0.0483,0.496,0.732
"Med25",0.039,0.496,0.733
"Klc4",0.0562,0.496,0.733
"Cep41",0.067,0.496,0.733
"Prrc1",-0.06,0.496,0.733
"Grb2",0.0533,0.496,0.733
"Mup19///Gm2083///Mup8///Mup7///Mup16///Mup15///Mup14///Mup13///Mup12///Mup10///Mup9///Mup2///Mup1",0.039,0.496,0.733
"Hist1h1e",0.0468,0.496,0.733
"Tnfrsf18",-0.0697,0.496,0.733
"Esyt1",-0.0713,0.496,0.733
"Map4k4",0.0398,0.496,0.733
"Clec16a",0.058,0.496,0.733
"Rbfox1",0.0393,0.497,0.733
"Bcl6",-0.108,0.497,0.733
"Tiprl",0.0673,0.497,0.733
"Styxl1",0.0635,0.497,0.733
"Kremen1",-0.0505,0.497,0.734
"Kcnip2",-0.048,0.497,0.734
"Mvk",-0.0535,0.497,0.734
"Clcnkb",-0.0448,0.497,0.734
"Gm1976",-0.0525,0.497,0.734
"Defb15",0.0647,0.497,0.734
"Kcnj3",-0.042,0.497,0.734
"Tssk6",-0.0543,0.498,0.734
"Vmn1r15",0.0377,0.498,0.734
"Psmc3",0.0533,0.498,0.734
"Zfp143",0.063,0.498,0.734
"Spop",0.0527,0.498,0.734
"Zfp672",0.0517,0.498,0.734
"Abcg2",0.0507,0.498,0.734
"Cept1",-0.0618,0.498,0.734
"Tulp2",0.0577,0.499,0.734
"Specc1",-0.0573,0.499,0.735
"Mob3b",-0.051,0.499,0.735
"LOC101056305///H2-K1///H2-D1",0.0437,0.499,0.735
"Ggh",-0.0738,0.499,0.735
"Snhg11",0.0672,0.499,0.735
"Ehf",0.0608,0.499,0.735
"Smad2",0.0547,0.499,0.735
"Fgf20",0.0707,0.499,0.735
"Sh3bp5l",-0.0565,0.499,0.735
"Tmprss11d",-0.051,0.5,0.735
"Htatsf1",-0.0473,0.5,0.735
"Mettl3",-0.0497,0.5,0.735
"AI450241",0.0563,0.5,0.735
"Clk2",-0.0678,0.5,0.735
"Herc4",-0.0513,0.5,0.735
"Cldn11",0.0413,0.5,0.735
"Insm1",0.0462,0.5,0.735
"Thoc1",0.0387,0.5,0.735
"Lbh",0.0548,0.501,0.736
"Slx1b",0.0602,0.501,0.736
"Rpl7a",0.0355,0.501,0.736
"Ttyh2",0.0592,0.501,0.736
"Fgf10",0.0492,0.501,0.736
"Pla2g4a",-0.0463,0.501,0.736
"C77815",0.0358,0.501,0.736
"B3galt6",0.0503,0.501,0.736
"Prap1",-0.112,0.501,0.736
"Wdr83",-0.0575,0.502,0.736
"Dnajb7",0.0555,0.502,0.736
"Xist",-0.0615,0.502,0.737
"Gja3",0.0638,0.502,0.737
"Bckdha",-0.0468,0.503,0.737
"Igfbp5",0.063,0.503,0.737
"Gdf9",0.0428,0.503,0.737
"Tubb4a",0.062,0.503,0.738
"March2",0.0515,0.503,0.738
"Aqp5",0.0468,0.504,0.738
"Dtwd1",-0.059,0.504,0.738
"Aatk",0.0468,0.504,0.738
"Ctsj",-0.0457,0.504,0.738
"Nnat",-0.0433,0.504,0.738
"Zfp568",0.056,0.504,0.738
"Hoxd10",0.0433,0.504,0.738
"Trim6",-0.0553,0.504,0.738
"Adap2",-0.0747,0.504,0.738
"Sema3c",-0.0715,0.504,0.738
"Lgmn",-0.0788,0.504,0.738
"Tmem106a",-0.0642,0.505,0.739
"Mrps31",-0.0503,0.505,0.739
"Tmem101",0.051,0.505,0.739
"Ropn1l",0.126,0.505,0.739
"Sssca1",0.0543,0.505,0.739
"Usp49",-0.0538,0.505,0.739
"2310065H11Rik///2310057J18Rik",0.0467,0.505,0.739
"Zbtb46",0.0487,0.505,0.739
"Gm10229",0.0478,0.506,0.739
"Rnf130",-0.04,0.506,0.74
"Pate4",-0.0615,0.506,0.74
"Crlf2",0.0873,0.506,0.74
"Eps8l1",0.0487,0.506,0.74
"Lama2",-0.0498,0.506,0.74
"Fkbp8",-0.0413,0.506,0.74
"Phactr2",0.0525,0.506,0.74
"Cckbr",0.042,0.506,0.74
"Elmo2",0.0553,0.506,0.74
"Cpa3",0.0433,0.507,0.74
"Cldn18",0.0525,0.507,0.74
"Reln",-0.0528,0.507,0.74
"Parg",0.0573,0.507,0.74
"Cox6c",-0.0742,0.507,0.74
"Fcrls",0.0595,0.507,0.74
"Zfp212",-0.0512,0.507,0.74
"Hspa5",0.087,0.507,0.74
"Mrps35",-0.0395,0.507,0.74
"Slc22a19",0.046,0.508,0.74
"Dsc3",-0.0542,0.508,0.741
"Dffa",-0.0477,0.508,0.741
"Apbb1ip",0.0457,0.508,0.741
"Sf3b5",0.0417,0.508,0.741
"Golt1b",-0.0412,0.508,0.741
"Tssk3",-0.081,0.509,0.741
"H2-Q9///H2-Q7",-0.088,0.509,0.741
"Cyp2e1",0.0393,0.509,0.741
"Cela1",-0.305,0.509,0.741
"Sprr2a2///Sprr2a1",0.06,0.509,0.741
"Rln1",-0.0522,0.509,0.741
"Wnt9a",0.0438,0.509,0.741
"AA522020",0.0642,0.51,0.741
"Fam174b",-0.0548,0.51,0.741
"Tspy-ps",0.0475,0.51,0.741
"Ict1",-0.0513,0.51,0.741
"Fmn1",-0.0677,0.51,0.741
"Klra1",0.0535,0.51,0.741
"1700020D05Rik",-0.0372,0.51,0.741
"Fam45a",-0.0438,0.51,0.741
"Casp8",-0.071,0.51,0.741
"Cog8",-0.077,0.51,0.741
"Gtpbp3",-0.0603,0.51,0.741
"Pdgfc",0.0542,0.51,0.742
"Elane",-0.0637,0.51,0.742
"AA407331",0.0363,0.51,0.742
"Magea8///Magea6///Magea5///Magea3///Magea2///Magea1",0.0462,0.511,0.742
"0610037L13Rik",-0.057,0.511,0.742
"Fgfr1",-0.0498,0.511,0.742
"Adam26a",-0.0588,0.511,0.742
"Eef1a1",-0.0345,0.511,0.742
"Dynlt1a///Dynlt1c///Dynlt1f",-0.0432,0.511,0.742
"Ctsg",-0.0657,0.511,0.742
"Gys2",-0.086,0.512,0.742
"Nags",0.0613,0.512,0.742
"Fam234b",0.0582,0.512,0.743
"B3gntl1",0.0475,0.512,0.743
"Acod1",0.0532,0.512,0.743
"Kmo",0.0972,0.512,0.743
"Esrra",-0.066,0.512,0.743
"Dpyd",-0.0525,0.512,0.743
"Sema4d",0.0788,0.512,0.743
"F12",-0.0697,0.513,0.743
"Traf3",-0.0373,0.513,0.743
"Wfdc2",-0.0705,0.513,0.743
"Ogfr",-0.0518,0.513,0.743
"Mbd2",-0.0613,0.513,0.744
"Agxt",-0.102,0.513,0.744
"Alk",0.0432,0.513,0.744
"Hemgn",0.0428,0.513,0.744
"Ap1m1",-0.0403,0.513,0.744
"Glyr1",-0.05,0.513,0.744
"Naip1",-0.101,0.513,0.744
"Ptgdr",0.0372,0.514,0.744
"Dtl",0.0432,0.514,0.744
"Tfap2a",0.0622,0.514,0.744
"Cyp24a1",-0.05,0.514,0.744
"Eci2",0.0533,0.514,0.744
"Ssfa2",0.0593,0.514,0.744
"Tekt2",0.0622,0.514,0.744
"Tubg2",0.042,0.514,0.744
"AA517545",0.0392,0.514,0.744
"Ago2",0.0635,0.515,0.745
"Phtf1",-0.052,0.515,0.745
"Ptx3",-0.0398,0.515,0.745
"Cmas",-0.0428,0.515,0.745
"Cybb",-0.0912,0.516,0.745
"Lypd3",0.0542,0.516,0.745
"Ddit3",0.0683,0.516,0.746
"Rps27rt///Rps27",0.0443,0.517,0.746
"Ddhd2",0.0478,0.517,0.747
"Itga6",-0.082,0.517,0.747
"Mog",-0.0562,0.517,0.747
"Phf7",-0.0513,0.517,0.747
"Noct",0.191,0.517,0.747
"Lmf1",0.076,0.518,0.747
"Gtf2f2",0.051,0.518,0.748
"Usp2",0.118,0.518,0.748
"Cep57l1",-0.0545,0.518,0.748
"Dusp18",-0.0482,0.518,0.748
"Atg10",-0.0437,0.518,0.748
"Upk3b",0.0518,0.519,0.748
"Cyp2j13",-0.037,0.519,0.748
"Igk-V1",-0.0435,0.519,0.748
"Gm1821///Ubb",-0.0413,0.519,0.749
"Nckap1",-0.0353,0.52,0.749
"Golph3l",0.0632,0.52,0.749
"Image:619641",-0.0417,0.52,0.749
"Ccdc120",0.05,0.52,0.749
"LOC100041483///Tcl1b3",0.0432,0.52,0.749
"Lrrc41",-0.0432,0.52,0.749
"Oaf",-0.0628,0.52,0.749
"Ctdspl",0.0767,0.52,0.749
"Trhr",0.0368,0.52,0.75
"Igbp1b",0.0557,0.521,0.75
"Sytl2",-0.0635,0.521,0.75
"Exoc7",-0.0507,0.521,0.75
"Lactb2",-0.12,0.522,0.75
"Dr1",-0.0633,0.522,0.75
"Fam160b1",0.049,0.522,0.751
"Tab1",0.0627,0.522,0.751
"Plek",-0.05,0.522,0.751
"Zfp689",-0.048,0.522,0.751
"Gm31556",-0.0343,0.522,0.751
"Adam19",0.049,0.522,0.751
"Fam178a",0.0547,0.522,0.751
"Mapre3",0.0453,0.523,0.751
"Tagln3",0.0603,0.523,0.751
"Zfp52",-0.039,0.523,0.751
"Plg",-0.0552,0.523,0.751
"Hist1h3a///Hist2h3b///Hist1h3i///Hist1h3h///Hist1h3e///Hist1h3b///Hist1h3d///Hist1h3c///Hist1h3f///Hist1h3g///Hist2h3c2///Hist2h3c1",0.0377,0.523,0.752
"4930533N22Rik",0.0508,0.523,0.752
"Hand2",-0.0493,0.523,0.752
"Dnaaf1",0.0547,0.523,0.752
"Polr3g",0.0568,0.523,0.752
"Cd300c2",0.0435,0.523,0.752
"Tcte1",0.0492,0.524,0.752
"Adam7",0.0538,0.524,0.752
"A2m",0.0423,0.524,0.752
"Krtap13",-0.0502,0.524,0.752
"Wdr74",0.0473,0.524,0.752
"Ctu1",-0.0592,0.524,0.752
"Hp1bp3",0.0555,0.524,0.752
"Mras",-0.0623,0.524,0.752
"Gpsm2",-0.0672,0.524,0.752
"Olfm3",0.0355,0.524,0.752
"Gsdmc2///Gsdmc",0.0632,0.524,0.752
"Mos",0.0405,0.525,0.752
"Nek4",0.0585,0.525,0.752
"Chrna1",-0.0575,0.525,0.752
"Tex11",0.0522,0.525,0.753
"AF366264",0.044,0.525,0.753
"Fam187a",0.051,0.526,0.753
"Ltbp1",0.0413,0.526,0.753
"Lefty1",0.059,0.526,0.753
"Cd46",-0.0407,0.526,0.754
"Kpna6",-0.065,0.526,0.754
"Zfyve16",-0.0398,0.526,0.754
"Hdac5",-0.0488,0.526,0.754
"Vps25",-0.0375,0.526,0.754
"Narfl",0.0413,0.527,0.754
"Slc1a4",0.0485,0.527,0.754
"Vopp1",-0.109,0.527,0.754
"Dtd2",-0.0508,0.527,0.754
"Il25",0.0505,0.527,0.754
"H2afy2",-0.043,0.528,0.755
"Aldh3a1",-0.0512,0.528,0.755
"Etv5",0.0413,0.528,0.755
"Arpc1a",-0.0557,0.528,0.755
"Tnfrsf23",0.0528,0.528,0.755
"Tmem150b",0.0487,0.528,0.755
"Mrps28",-0.0492,0.528,0.755
"Abcb4",0.051,0.528,0.755
"Tbk1",0.0568,0.528,0.755
"Igkv15-103",0.049,0.528,0.755
"Birc5",-0.114,0.528,0.755
"Mid1",0.0663,0.528,0.755
"Fcrl1",0.0537,0.529,0.755
"Otud4",0.0538,0.529,0.755
"Lysmd2",-0.058,0.529,0.755
"Rabif",-0.0637,0.529,0.756
"H2-Bl",-0.0465,0.529,0.756
"Kcnip4",0.0438,0.529,0.756
"Kin",0.0492,0.529,0.756
"Apof",-0.053,0.529,0.756
"Astn1",0.0672,0.529,0.756
"Stac",0.0463,0.529,0.756
"Mcoln1",-0.062,0.53,0.756
"Vav1",0.0533,0.53,0.756
"Zhx1",-0.0412,0.53,0.756
"2700079J08Rik",0.0922,0.53,0.756
"Magix",0.0502,0.53,0.756
"Phtf2",0.0377,0.53,0.756
"Neurod6",0.0387,0.53,0.756
"P4ha2",0.0712,0.53,0.756
"Gm14475///Gm14478///Gm14482///Gm14479///Gm14476///Gm14477///Gm14474///Gm14483///Gm14484///Gm14501///1700012L04Rik",0.0603,0.53,0.756
"Timp1",-0.0475,0.53,0.756
"Tshz2",0.0548,0.53,0.756
"Sept5///Gp1bb",0.0683,0.531,0.756
"Slurp1",-0.0408,0.531,0.756
"Med23",0.0538,0.531,0.756
"Micu1",0.046,0.531,0.756
"Ptpre",0.0853,0.531,0.756
"Batf",0.0597,0.531,0.757
"Upk2",0.0447,0.531,0.757
"Hs6st3",-0.0488,0.531,0.757
"BC094435",-0.0653,0.531,0.757
"Crabp1",0.0387,0.531,0.757
"Cyp1b1",-0.0623,0.531,0.757
"Rad51",0.0507,0.532,0.757
"Stat6",0.042,0.532,0.757
"Cxcr5",0.053,0.532,0.757
"Las1l",-0.0462,0.532,0.758
"Adcy7",0.0772,0.532,0.758
"BC048403",-0.0598,0.532,0.758
"Fam117a",-0.0547,0.533,0.758
"Klk1b5",-0.0538,0.533,0.758
"Gm10228///1110025L11Rik///Krtap6-1",0.0525,0.533,0.758
"Naip7///Naip6",-0.0503,0.533,0.758
"BC017643",0.0678,0.533,0.758
"Rnf185",0.0508,0.533,0.758
"Ccdc65",0.0447,0.534,0.759
"1110008F13Rik",-0.0447,0.534,0.759
"Emp1",0.139,0.534,0.759
"Ccdc59",0.0393,0.534,0.759
"Pde6h",0.0537,0.534,0.759
"Rfng",-0.0433,0.534,0.759
"Iah1",0.0815,0.534,0.759
"Tecr",0.0438,0.534,0.759
"Hey2",0.0368,0.534,0.759
"Tnfrsf4",0.0447,0.534,0.759
"Rassf1",0.0437,0.534,0.759
"Lef1",0.0403,0.534,0.759
"Edaradd",0.0417,0.534,0.759
"C78142",-0.0412,0.535,0.759
"Ctdnep1",-0.052,0.535,0.759
"Slc25a26",-0.0437,0.535,0.759
"Wnt4",0.0573,0.535,0.759
"Gm8213///Gm14407///Gm5908///Gm14439///Gm5453///Gm13981///Rpl27a",-0.0353,0.535,0.759
"Slc7a12",-0.066,0.535,0.759
"Rcn1",-0.0437,0.535,0.759
"Magohb",-0.0563,0.535,0.759
"Crot",-0.108,0.535,0.759
"Prdm1",-0.0928,0.536,0.76
"Aldh6a1",-0.0897,0.536,0.76
"Kank3",0.0442,0.536,0.76
"Amh",0.0442,0.536,0.76
"Sdc3",-0.042,0.536,0.76
"Msx3",-0.0475,0.536,0.76
"Cenph",0.0415,0.536,0.76
"Taf8",0.0528,0.536,0.76
"Mrpl37",-0.0638,0.536,0.76
"1700102P08Rik",0.034,0.537,0.76
"Ppp4c",-0.0475,0.537,0.76
"Ptges2",-0.0428,0.537,0.76
"Ppp3cc",0.0402,0.537,0.76
"Hmg20a",0.044,0.537,0.761
"Sec11a",0.0672,0.538,0.761
"Ccr8",0.0428,0.538,0.761
"Mfge8",0.0737,0.538,0.761
"Fam208b",-0.049,0.538,0.761
"Prss30",0.0662,0.538,0.761
"Ebp",-0.0435,0.538,0.761
"Tcrg-V1",-0.0582,0.539,0.762
"Slc13a2",-0.0742,0.539,0.762
"Creb3l4",0.0452,0.539,0.762
"1810026J23Rik",0.0525,0.539,0.762
"Arf2",-0.0325,0.539,0.762
"Nuf2",0.05,0.539,0.762
"Usp20",0.0502,0.539,0.762
"Tacr2",0.0518,0.54,0.762
"Irx4",0.0553,0.54,0.763
"2610001J05Rik",-0.063,0.54,0.763
"Ecm1",0.0535,0.54,0.763
"Smpd4",0.0455,0.54,0.763
"Hist2h2bb",0.0563,0.54,0.763
"Calcr",0.0458,0.54,0.763
"Hcrt",0.0663,0.541,0.763
"Tex13",0.0337,0.541,0.763
"Gk2",-0.0503,0.541,0.763
"Fam118b",0.0507,0.541,0.763
"Stx19",-0.0537,0.541,0.763
"Gpha2",0.0467,0.541,0.763
"Rag1",0.0372,0.541,0.763
"Epha2",-0.05,0.541,0.763
"Mpp6",0.0477,0.541,0.763
"Pramel1",0.0672,0.542,0.764
"Popdc2",0.0528,0.542,0.764
"Ttc36",0.0718,0.542,0.764
"B4galt7",0.0417,0.542,0.764
"Csde1",-0.0482,0.542,0.764
"Magi3",0.0473,0.542,0.764
"Anapc1",-0.0502,0.542,0.764
"Crp",-0.0563,0.542,0.764
"Pcdh7",0.0387,0.543,0.764
"Cln6",0.0508,0.543,0.764
"Hoxa13",-0.0787,0.543,0.765
"Pcdhb16",0.0378,0.543,0.765
"Vps36",-0.0545,0.543,0.765
"Tex40",-0.0473,0.543,0.765
"Rpl13a",-0.0413,0.543,0.765
"Rag2",0.0445,0.543,0.765
"Padi2",0.0573,0.544,0.765
"Matn4",0.0677,0.544,0.765
"Ccne2",0.04,0.544,0.765
"Mesdc1",0.0552,0.544,0.766
"Ifna2",0.0837,0.544,0.766
"Gm21104///LOC100861618///LOC100043921///LOC100043918///Gm2564///Gm13309///Gm2457///Gm12407///Gm2023///Ccl19",0.0413,0.545,0.766
"Gkap1",-0.0775,0.545,0.766
"Psma2",0.0432,0.545,0.766
"2310022A10Rik",0.048,0.545,0.766
"Zfp281",0.0978,0.546,0.767
"LOC100503923///LOC100041903///Gm2666///Gm7609///Csprs",-0.0638,0.546,0.767
"Tbx1",0.0723,0.546,0.767
"Scn10a",0.0472,0.546,0.767
"Plcg2",-0.0498,0.546,0.767
"Mpv17l",0.04,0.546,0.767
"Smc2",-0.0617,0.546,0.767
"Rassf2",-0.0377,0.546,0.767
"Zfp623",0.064,0.546,0.767
"Sepn1",0.0402,0.547,0.767
"Rnf138",-0.0648,0.547,0.768
"Cd59a",-0.0552,0.547,0.768
"Tigd5",0.0388,0.548,0.768
"Gfpt1",0.0592,0.548,0.768
"Kdm4c",0.05,0.548,0.768
"Spsb3",-0.065,0.548,0.768
"Dpys",-0.0727,0.548,0.768
"Speer4f1",-0.0355,0.548,0.769
"Rab13",0.052,0.549,0.769
"Sgsh",-0.0647,0.549,0.769
"Agap3",-0.046,0.549,0.769
"Il5ra",0.0387,0.549,0.769
"Rhox4b",0.0482,0.549,0.769
"Magea6",0.0465,0.549,0.769
"Hapln2",-0.0438,0.549,0.769
"Slc17a9",0.057,0.549,0.769
"Nsg1",0.0503,0.549,0.769
"Strn4",0.0435,0.549,0.769
"Mrrf",0.0338,0.549,0.769
"Tspan12",0.132,0.549,0.769
"Mrps18c",0.0552,0.549,0.769
"Hypm",0.0545,0.549,0.769
"Zfp943",-0.0358,0.549,0.769
"Csnk1g1",0.0512,0.549,0.769
"Ltbp2",-0.0525,0.549,0.769
"Slf1",0.0527,0.549,0.769
"Taz",0.0538,0.55,0.769
"Rtn1",0.06,0.55,0.769
"Soat2",-0.0635,0.55,0.769
"Gm2682",0.0543,0.55,0.77
"Armc10",-0.0523,0.551,0.77
"Themis2",0.0443,0.551,0.77
"Prmt1",0.0478,0.551,0.77
"Jmjd1c",0.0747,0.551,0.77
"Dio2",0.0495,0.551,0.77
"Jagn1",0.0437,0.551,0.77
"Dmrt2",0.0735,0.551,0.77
"Chek1",-0.0318,0.552,0.77
"Asic2",0.037,0.552,0.77
"Faap24",0.0382,0.552,0.77
"Zcchc14",0.058,0.552,0.771
"Rnf207",-0.0478,0.552,0.771
"Tcf23",-0.043,0.552,0.771
"Tnfrsf25",0.048,0.552,0.771
"Eif3l",-0.043,0.552,0.771
"Gopc",-0.0342,0.552,0.771
"Rbms1",-0.0703,0.552,0.771
"Rps25",0.0535,0.552,0.771
"Pilra",-0.0408,0.552,0.771
"Syt3",0.05,0.552,0.771
"Ccnc",-0.0412,0.552,0.771
"C77080",0.0462,0.553,0.771
"March9",-0.05,0.553,0.771
"Lrrc14",0.0665,0.553,0.771
"Pmpca",-0.0365,0.553,0.771
"Mical1",0.1,0.553,0.771
"Ackr4",0.064,0.553,0.772
"Il21",0.0403,0.554,0.772
"Rev1",0.0485,0.554,0.772
"Rb1",-0.0823,0.554,0.772
"Id1",0.0682,0.554,0.772
"Xpc",-0.0415,0.554,0.772
"Mfsd7b",-0.0475,0.554,0.772
"Myh6",0.0488,0.554,0.772
"Gfra4",0.0553,0.554,0.772
"Ifna4",0.045,0.554,0.772
"Zfp26",-0.0438,0.554,0.772
"Lsm7",-0.0412,0.554,0.772
"Gm5879///Gm12816///Rpl3",-0.045,0.554,0.772
"Napg",0.0415,0.554,0.772
"Gpr137b",-0.0372,0.554,0.772
"Oplah",0.0537,0.554,0.772
"Vit",0.0368,0.555,0.772
"Sema3e",-0.0348,0.555,0.772
"Lat2",0.0643,0.555,0.772
"Ftsj3",0.079,0.555,0.772
"Senp6",0.0455,0.555,0.772
"Fam126b",-0.0635,0.555,0.772
"Mrgpra3",-0.0498,0.555,0.772
"4932416H05Rik",-0.0485,0.556,0.773
"Ntn1",-0.0637,0.556,0.773
"Golga2",0.0378,0.556,0.773
"Tas1r1",0.0807,0.556,0.773
"Gp1ba",0.0515,0.557,0.773
"Sqle",-0.205,0.557,0.773
"Hs6st2",0.0403,0.557,0.773
"Tmem150a",-0.0393,0.557,0.773
"Prl8a8",-0.0465,0.557,0.773
"BC002189",0.0508,0.557,0.773
"Slc5a11",0.0577,0.557,0.773
"Gtf2h1",0.0495,0.557,0.773
"Reg1",-0.321,0.557,0.774
"Zfp352",-0.0382,0.558,0.774
"H2-M10.1",0.0613,0.558,0.774
"Phxr2",0.0445,0.558,0.774
"Sebox",-0.0468,0.558,0.774
"Igfbp2",0.0647,0.558,0.774
"Hsd17b7",0.0435,0.559,0.774
"Gm9817",-0.0427,0.559,0.774
"C80012",0.0408,0.559,0.774
"Ramp2///Vps25",-0.0492,0.559,0.775
"Cdh3",-0.037,0.559,0.775
"Gm3873///Gm3244///Ndufb4",-0.0318,0.559,0.775
"Clec4d",0.0505,0.559,0.775
"Cadps2",0.0542,0.56,0.775
"Syvn1",-0.0563,0.56,0.775
"AA517841",0.0412,0.56,0.775
"Fam189b",0.0553,0.561,0.776
"Insrr",0.0523,0.561,0.776
"LOC664787",0.0415,0.561,0.776
"Cpa2",-0.131,0.561,0.776
"Cnot9",0.0388,0.561,0.776
"Twist1",0.0413,0.561,0.776
"Mmp14",0.0645,0.561,0.776
"Ntn4",-0.0537,0.562,0.776
"Tspan17",0.0448,0.562,0.776
"Hnrnph2",-0.0462,0.562,0.776
"Olfr78",0.0402,0.562,0.776
"Sphk1",0.0397,0.562,0.776
"Nr0b1",0.0452,0.562,0.776
"Rnaseh1",-0.0387,0.562,0.776
"Pole4",0.054,0.562,0.777
"Gpalpp1",0.0617,0.562,0.777
"Nmur1",0.059,0.562,0.777
"Dcaf12",0.0487,0.563,0.777
"Msln",0.055,0.563,0.777
"Cntn4",0.0575,0.563,0.777
"Ankrd6",0.0788,0.563,0.777
"Plce1",-0.0525,0.563,0.777
"St6galnac6",0.0413,0.563,0.778
"Trap1a",0.038,0.564,0.778
"Usp33",0.0517,0.564,0.778
"Pde6c",-0.0427,0.564,0.778
"Atg3",-0.0447,0.564,0.778
"Syk",-0.045,0.564,0.778
"Abhd16a",-0.0368,0.564,0.778
"Melk",0.0518,0.564,0.778
"Olfr74",-0.0448,0.564,0.778
"Hoxa11os",0.0393,0.565,0.778
"Trp53bp1",0.0367,0.565,0.778
"Mylpf",0.0743,0.565,0.778
"Snapc5",-0.0338,0.565,0.778
"Slc9a3r1",-0.0642,0.565,0.779
"Zap70",-0.0753,0.565,0.779
"Traf1",0.0485,0.565,0.779
"Ambn",0.0488,0.565,0.779
"H2-T18",-0.0348,0.565,0.779
"Ccdc186",0.0737,0.565,0.779
"Cst6",0.0817,0.565,0.779
"Thra",0.045,0.566,0.779
"Nsf",-0.0423,0.566,0.779
"Cenpa",0.0358,0.566,0.779
"Exosc1",0.0548,0.566,0.779
"C78893",-0.0337,0.566,0.779
"Lce1h",-0.0462,0.566,0.78
"Jmjd6",0.0618,0.567,0.78
"Isyna1",0.0702,0.567,0.78
"Trim24",-0.0857,0.567,0.78
"Tmc6",-0.0913,0.567,0.78
"Aggf1",0.0468,0.567,0.78
"Asb4",-0.0408,0.567,0.78
"Mx2",0.0557,0.568,0.78
"Nodal",0.043,0.568,0.78
"C80678",0.0395,0.568,0.781
"D10Wsu159e",0.0487,0.568,0.781
"Cela2a",-0.388,0.568,0.781
"S100g",0.049,0.568,0.781
"Atp5c1",0.0368,0.569,0.782
"Gm16489",0.0478,0.569,0.782
"Xkr6",0.0432,0.569,0.782
"Rpn2",-0.0358,0.569,0.782
"Foxf1",-0.0537,0.569,0.782
"Arhgap20",-0.0423,0.569,0.782
"Ccdc109b",0.0503,0.57,0.782
"Aurkaip1",0.0502,0.57,0.782
"Kcnh7",0.0612,0.57,0.782
"Xndc1///Trpc2",0.0442,0.57,0.782
"Mvd",-0.0557,0.57,0.783
"Qpct",-0.0603,0.571,0.783
"Adrb3",0.0377,0.571,0.783
"Dnlz",0.0535,0.571,0.783
"Hsp90ab1",-0.053,0.571,0.783
"Samd11",0.0465,0.571,0.783
"C77405",0.0392,0.572,0.783
"Prr15",0.043,0.572,0.783
"Ndufb2///Adck2",0.0382,0.572,0.783
"Ms4a3",0.0642,0.572,0.784
"E330034G19Rik",0.0332,0.572,0.784
"Olfr15",0.0543,0.572,0.784
"Prkd1",0.046,0.573,0.784
"Mptx1",-0.102,0.573,0.784
"Armcx1",0.0363,0.573,0.784
"Fam166a",-0.0415,0.573,0.784
"Hsp90aa1",-0.0978,0.573,0.784
"Ckb",0.0783,0.573,0.784
"Naa11",0.0523,0.574,0.785
"Hepacam2",0.097,0.574,0.785
"Cdx4",-0.043,0.574,0.785
"Rbm15b",-0.053,0.574,0.785
"Sorcs3",0.0368,0.574,0.785
"C78532",0.0362,0.574,0.785
"Cnn2",-0.0492,0.574,0.785
"Cyp4b1",-0.0425,0.574,0.785
"Ublcp1",0.0542,0.574,0.785
"Pla2g10",0.0565,0.574,0.785
"Krt35",0.0432,0.575,0.786
"Ak5",0.0422,0.575,0.786
"Rpl3l",0.0417,0.575,0.786
"Hsd17b1",-0.0408,0.576,0.786
"Vmn1r40",0.0315,0.576,0.786
"Cdh4",-0.0355,0.576,0.787
"Katnb1",-0.0453,0.576,0.787
"Meis2",0.0338,0.576,0.787
"Med10",-0.0432,0.576,0.787
"Ei24",0.0667,0.576,0.787
"Gm10651///Josd1",0.0408,0.577,0.787
"Ccdc9",0.0512,0.577,0.787
"Nkiras2",-0.0523,0.577,0.787
"Mc3r",0.0682,0.577,0.787
"C77068",0.0385,0.577,0.787
"A030005K14Rik",0.0542,0.577,0.787
"Ccdc93",0.0577,0.577,0.787
"Smtn",-0.052,0.577,0.787
"Cyp4f18",0.0355,0.577,0.787
"Ear3",-0.0323,0.577,0.788
"Plgrkt",0.074,0.578,0.788
"Blnk",0.0662,0.578,0.788
"Mrto4-ps1///Mrto4-ps2///Mrto4",0.0355,0.578,0.788
"Runx2",0.0447,0.578,0.788
"D930015E06Rik",-0.0593,0.578,0.788
"Snx20",-0.0745,0.578,0.788
"Pgf",0.0447,0.579,0.788
"Gtf3c2",-0.0402,0.579,0.788
"Ube2c",0.079,0.579,0.788
"Vegfc",-0.0363,0.579,0.788
"Arhgap8",0.0447,0.579,0.788
"Stard8",-0.0507,0.579,0.788
"Chtf18",0.0493,0.579,0.789
"Pramel6",-0.0362,0.579,0.789
"Iqgap2",-0.0708,0.579,0.789
"Slc1a5",0.0452,0.58,0.789
"Bbx",0.0337,0.58,0.789
"Alx3",-0.0367,0.58,0.789
"Cst12",0.05,0.58,0.789
"LOC102642233///Gm10913///Gm12508///Gm8210///Gm12447///Rpl29",0.0368,0.58,0.789
"Tgif2",0.0477,0.58,0.789
"Parp4",-0.0362,0.58,0.789
"Rbp2",-0.0802,0.581,0.789
"Fam20c",0.0643,0.581,0.79
"Ammecr1",-0.0325,0.581,0.79
"Csn2",-0.0313,0.581,0.79
"Map2k3",0.04,0.581,0.79
"Olr1",-0.0345,0.581,0.79
"Scn9a",0.033,0.581,0.79
"Papss1",0.0715,0.581,0.79
"Cbx7",0.053,0.581,0.79
"Vsig2",-0.0417,0.582,0.79
"Eml6",-0.0435,0.582,0.79
"Myl6b",0.0452,0.582,0.79
"Wdr36",-0.0487,0.582,0.79
"Lrp4",0.0453,0.582,0.79
"Acot2",-0.0618,0.582,0.79
"Hid1",0.0573,0.582,0.79
"Sike1",0.0383,0.582,0.79
"Il20",0.0497,0.583,0.79
"AA416453",0.0405,0.583,0.79
"2510039O18Rik",0.0498,0.583,0.791
"Nap1l2",0.0397,0.583,0.791
"Mettl18",-0.0423,0.583,0.791
"Spock3",0.0345,0.583,0.791
"Has3",-0.0453,0.583,0.791
"Gm38431///Fdx1l",-0.0325,0.583,0.791
"Stk31",-0.0372,0.583,0.791
"Slc50a1",0.0347,0.583,0.791
"Tdrp",0.0478,0.584,0.791
"A730034C02///Map2",0.0635,0.584,0.791
"Dmbt1",-0.207,0.584,0.791
"LOC100862437///Klra9///Klra3",-0.0497,0.584,0.791
"Nrk",-0.0502,0.584,0.791
"Alg1",0.0373,0.584,0.791
"C2cd2l",-0.0435,0.584,0.791
"Cd209c",0.0428,0.585,0.791
"Bcl2a1d///Bcl2a1c///Bcl2a1b///Bcl2a1a",0.0388,0.585,0.791
"Mastl",0.0395,0.585,0.791
"Hal",0.111,0.585,0.792
"Fgf16",-0.0432,0.585,0.792
"Kat6a",0.0537,0.585,0.792
"Slc26a1",-0.0618,0.585,0.792
"Rilpl2",0.0572,0.586,0.792
"Pcdhb14",0.0293,0.586,0.792
"Pibf1",-0.0395,0.586,0.792
"Gm13102///Pramel4",0.0315,0.586,0.792
"Bok",-0.0487,0.586,0.793
"Rpap1",0.0438,0.587,0.793
"Defb11",-0.0513,0.587,0.793
"Rhog",-0.0477,0.587,0.793
"Dock1",0.0575,0.587,0.793
"Ccr10",0.0395,0.587,0.793
"Sh3tc1",0.0507,0.587,0.793
"Tgfbr3",0.038,0.588,0.793
"Hao2",0.032,0.588,0.793
"Corin",0.0312,0.588,0.793
"Trappc13",-0.049,0.588,0.793
"Tll2",-0.0485,0.588,0.794
"Cops8",-0.0488,0.589,0.794
"Rhno1",-0.0555,0.589,0.794
"Stx5a",-0.042,0.589,0.794
"Slc6a15",0.032,0.589,0.794
"Pbp2",0.0417,0.589,0.794
"Cd8a",-0.0497,0.589,0.795
"Slc25a28",-0.0393,0.589,0.795
"LOC102640586",-0.0523,0.589,0.795
"Doc2b",0.0373,0.589,0.795
"Sept11",-0.0458,0.589,0.795
"Tut1",0.0533,0.589,0.795
"Etfdh",-0.049,0.589,0.795
"Rnf144b",-0.0573,0.59,0.795
"Oit3",0.057,0.591,0.796
"Asb11",0.0385,0.591,0.796
"Haus6",0.037,0.591,0.796
"Pclo",-0.034,0.591,0.796
"Egr1",0.227,0.591,0.796
"Gm4297///Gm10230///Gm14632///Gm10488///Gm14819///Gm10486///Gm10487///Gm10096///Gm10147///Gm10058///Gm14525///Gm2030///Gm2012///Gm2005///Gm6121///Gm5934///Gm5169///Gm4836",-0.0358,0.592,0.796
"LOC100135765///Pigb",-0.0393,0.592,0.796
"Pan2",0.0355,0.592,0.796
"E230006M18Rik",0.0378,0.592,0.797
"Hsd3b6///Hsd3b3///Hsd3b2",0.0937,0.592,0.797
"Ddr2",-0.0512,0.593,0.797
"Ppp2r1b",0.0442,0.593,0.797
"Dpf1",0.051,0.593,0.798
"Cryaa",0.0522,0.593,0.798
"Phlda1",0.148,0.593,0.798
"Zp3",-0.0568,0.593,0.798
"Olfr67",0.043,0.593,0.798
"Il1rl2",0.0535,0.593,0.798
"Rab5a",-0.0502,0.594,0.798
"Clec10a",0.0378,0.594,0.798
"Phyh",0.0393,0.594,0.798
"Magt1",0.0405,0.594,0.798
"Twf2",0.0532,0.594,0.798
"Cd209d",0.0413,0.594,0.798
"Aatf",-0.0348,0.594,0.798
"Bcl9",0.0762,0.594,0.798
"Slc39a1",-0.0555,0.594,0.798
"Rax",0.0418,0.595,0.798
"H2-DMa",0.0423,0.595,0.798
"Arhgap39",0.0293,0.595,0.798
"Nipa2",-0.0467,0.595,0.798
"Rasd1",0.0527,0.595,0.799
"Ccdc85a",0.0465,0.595,0.799
"Rab5b",-0.0422,0.595,0.799
"Phf5a",0.0347,0.596,0.799
"Nlgn2",0.0365,0.596,0.8
"Cd180",-0.0423,0.597,0.8
"Acvrl1",-0.044,0.597,0.8
"Ces3a///Ces3b",0.0537,0.597,0.8
"Cmya5",-0.059,0.597,0.8
"Xrn1",0.0542,0.597,0.8
"Gm5483///2010005H15Rik",-0.037,0.597,0.8
"Ighv1-72///Igh-VJ558///Ighm",-0.0308,0.597,0.8
"Hspbp1",0.0317,0.597,0.8
"Ogfod3",0.0432,0.597,0.8
"Slc39a13",0.0417,0.597,0.8
"Epor",0.0468,0.597,0.8
"Gatb",-0.0705,0.597,0.8
"Sssca1///Fam89b",0.0398,0.598,0.8
"Dgke",-0.0358,0.598,0.8
"Ube2e1",-0.0792,0.598,0.8
"Vamp8",-0.0362,0.598,0.801
"Fam13c",0.0317,0.598,0.801
"Tlr8",-0.042,0.598,0.801
"Rac2",0.0583,0.599,0.801
"Uba1y",0.0408,0.599,0.801
"Eef1a2",0.0387,0.599,0.801
"Gnat1",-0.0768,0.599,0.801
"BC028777",0.0352,0.599,0.801
"Prss39",0.0468,0.599,0.802
"Eva1c",0.0403,0.6,0.802
"Trp53rka",-0.038,0.6,0.802
"Phpt1",-0.0382,0.6,0.802
"Slc9a1",0.0508,0.6,0.802
"Gpld1",0.041,0.6,0.802
"F13a1",0.0462,0.6,0.802
"Cited1",0.0562,0.6,0.802
"Rhag",-0.0315,0.6,0.802
"Ltbr",-0.0382,0.601,0.803
"Bub1",-0.041,0.601,0.803
"Reg4",0.0567,0.601,0.803
"Polr3a",0.0488,0.601,0.803
"Helz2",0.0517,0.601,0.803
"Mx1",0.0613,0.601,0.803
"Stk39",-0.0408,0.601,0.803
"Vmn1r43",-0.0322,0.601,0.803
"Ccl25",0.0502,0.602,0.803
"Btg1",0.05,0.602,0.803
"Tspan13",-0.0478,0.602,0.803
"Gria4",0.0525,0.602,0.803
"Otud7b",0.0722,0.602,0.803
"Ptpn20",0.0337,0.602,0.803
"Lgals2",0.0693,0.603,0.803
"Lrp10",0.0438,0.603,0.804
"Zfp28",-0.051,0.603,0.804
"Fap",-0.0363,0.603,0.804
"Teddm3",0.045,0.603,0.804
"Gdf5",0.042,0.603,0.804
"Il1f6",0.04,0.604,0.804
"Sqrdl",0.0507,0.605,0.805
"Ackr1",0.0445,0.605,0.805
"Dnmt3b",0.0443,0.605,0.805
"Trem2",0.0472,0.605,0.805
"Cplx2",0.0395,0.605,0.805
"Pbk",0.0537,0.605,0.805
"Gga1",-0.041,0.605,0.805
"Mpp3",0.0483,0.605,0.805
"Arg2",-0.0623,0.605,0.805
"Asb16",0.0373,0.606,0.806
"Rab8a",-0.0442,0.606,0.806
"D7Ertd128e",-0.044,0.606,0.806
"C77027",0.0345,0.606,0.806
"Samd4b",0.0417,0.606,0.806
"Slc6a18",0.0437,0.606,0.806
"Ferd3l",0.0385,0.606,0.806
"BC100451",0.0415,0.607,0.806
"Timp3",0.039,0.607,0.806
"Calcb",0.0442,0.607,0.806
"Adamdec1",-0.0438,0.608,0.807
"Nkx6-1",-0.0468,0.608,0.807
"Tbx20",0.0315,0.608,0.807
"Cntfr",0.04,0.608,0.807
"Nos2",0.0465,0.608,0.807
"Hgs",-0.0353,0.608,0.807
"Tchh",0.0332,0.608,0.808
"Chmp1b///2610002M06Rik",-0.051,0.609,0.808
"Scn1b",0.0327,0.609,0.808
"Egln2",0.0308,0.609,0.808
"Frzb",-0.0357,0.609,0.808
"Chst14",-0.0412,0.609,0.808
"Fign",0.0507,0.609,0.808
"Kctd1",-0.0353,0.609,0.808
"Kars",0.0457,0.609,0.808
"Zfp54",0.041,0.609,0.808
"Epas1",0.055,0.61,0.808
"Dtnbp1",0.031,0.61,0.808
"Ptrhd1",0.045,0.61,0.808
"Scn7a",0.0465,0.61,0.808
"Zbtb44",-0.0413,0.61,0.808
"Fcer1a",0.0503,0.611,0.808
"Tbc1d23",0.0363,0.611,0.808
"Pitpna",-0.0322,0.611,0.808
"Mbl1",0.0545,0.611,0.809
"Fkbp7",0.0382,0.611,0.809
"Tcstv3",0.0492,0.611,0.809
"Foxj2",0.0458,0.611,0.809
"2810040C05Rik",-0.0348,0.611,0.809
"Adam2",-0.0472,0.612,0.809
"Sdccag8",0.0357,0.612,0.809
"Snrnp25",0.0487,0.612,0.809
"Has2",-0.047,0.612,0.809
"1110006O24Rik",0.0353,0.612,0.809
"Sytl1",-0.046,0.612,0.81
"Fam184b",0.0285,0.612,0.81
"Rps14",0.033,0.612,0.81
"Pigb",0.0292,0.613,0.81
"Mast2",-0.0525,0.613,0.81
"Was",-0.0483,0.613,0.81
"Lmcd1",0.0653,0.613,0.81
"Ncdn",0.0497,0.613,0.81
"Sh3yl1",0.0527,0.613,0.81
"Drc1",-0.0422,0.614,0.81
"Slc12a6",0.0455,0.614,0.81
"Gjd4",0.0443,0.614,0.81
"Tmem63a",0.045,0.614,0.81
"Akap12",0.0385,0.614,0.81
"LOC102642559///Fkbp4",-0.0565,0.614,0.811
"Hspb3",0.0537,0.614,0.811
"Cerk",0.0357,0.615,0.811
"Wiz",-0.0377,0.615,0.811
"Plp2",0.0782,0.615,0.811
"Zfp955a",-0.0433,0.615,0.811
"Them4",0.0457,0.616,0.812
"Col4a6",-0.0433,0.616,0.812
"Rbm22",0.039,0.616,0.812
"Krt23",0.033,0.616,0.812
"Mbnl3",0.0515,0.616,0.812
"Myo1g",0.0332,0.616,0.812
"Uchl1",-0.031,0.617,0.813
"Art5",0.0358,0.617,0.813
"Dhx32",0.0412,0.617,0.813
"Mcmbp",-0.0417,0.617,0.813
"Dgcr14",0.0367,0.618,0.813
"Dhh",-0.0422,0.618,0.813
"Ptf1a",-0.0387,0.618,0.814
"Snta1",-0.0358,0.618,0.814
"Echdc2",-0.0383,0.618,0.814
"Fbn1",0.0328,0.619,0.814
"Zfp346",-0.0473,0.619,0.814
"Cftr",0.0302,0.619,0.814
"Cachd1",-0.038,0.619,0.814
"Fam207a",-0.0415,0.62,0.815
"Angpt1",-0.0398,0.62,0.816
"Gpr35",0.0553,0.621,0.816
"Sp2",0.0333,0.621,0.816
"Alox12b",0.042,0.621,0.816
"Ica1",0.032,0.621,0.816
"Trpc6",0.0345,0.621,0.816
"Larp6",-0.0387,0.621,0.816
"Tnnt1",-0.031,0.621,0.816
"Htr2b",0.0487,0.622,0.817
"Gnb1l",0.0562,0.622,0.817
"Ccer1",-0.036,0.622,0.817
"Ptpn9",0.0412,0.622,0.817
"Csf3",0.0347,0.622,0.817
"Il2rg",-0.0437,0.622,0.817
"Pdzd11",-0.044,0.622,0.817
"Phka2",-0.0418,0.623,0.817
"C78948",0.0318,0.623,0.817
"Slc8b1",-0.063,0.623,0.817
"Suv420h2",-0.0398,0.623,0.817
"Epb41",-0.0457,0.623,0.817
"Tcea3",0.0653,0.623,0.817
"Wdsub1",0.0423,0.623,0.817
"Actn2",0.0437,0.623,0.817
"Hace1",0.048,0.623,0.817
"Cmtm8",0.0395,0.623,0.817
"Ldoc1l",0.0488,0.624,0.817
"Dnase1",-0.0545,0.624,0.818
"Fam32a",0.0628,0.624,0.818
"Mrps36",-0.059,0.624,0.818
"1700020I14Rik",0.0382,0.624,0.818
"Pfdn2",-0.0342,0.625,0.818
"Tamm41",0.0552,0.625,0.818
"Epb41l2",-0.0412,0.625,0.818
"Akr1b8",0.0408,0.625,0.819
"Thbs4",0.0462,0.625,0.819
"Zdhhc7",0.0547,0.625,0.819
"Gm21811///6820431F20Rik///2610005L07Rik",-0.0343,0.626,0.819
"1700028P14Rik",0.0367,0.626,0.819
"Hmgb2",-0.056,0.626,0.819
"Ldb2",-0.0447,0.626,0.819
"Wdr48",-0.0382,0.626,0.819
"Pml",-0.042,0.626,0.819
"Dck",0.0338,0.627,0.819
"Ccdc70",0.0547,0.627,0.819
"Ryr2",-0.0345,0.627,0.82
"Erdr1",0.0603,0.627,0.82
"Ash2l",0.034,0.627,0.82
"Zfp93",0.0523,0.627,0.82
"1110004F10Rik",-0.0385,0.627,0.82
"Nsun2",-0.0377,0.627,0.82
"Zfp111",-0.0302,0.628,0.82
"Slc6a3",-0.0375,0.628,0.82
"Gatm",-0.0798,0.628,0.82
"Cdc42se2",0.0493,0.628,0.82
"Cdo1",-0.0518,0.629,0.821
"Gsg2",0.0385,0.629,0.821
"Slc5a3",0.0405,0.629,0.821
"Tbxa2r",0.034,0.629,0.821
"Alx4",0.0537,0.63,0.822
"Ccr1l1",-0.051,0.63,0.822
"Gbgt1",0.0335,0.63,0.822
"1700094J05Rik",0.032,0.63,0.822
"Il34",-0.0462,0.63,0.822
"Cdr2",-0.0485,0.63,0.822
"Fkbp10",-0.0357,0.631,0.822
"Rel",0.0358,0.631,0.822
"1110035H17Rik",0.0345,0.631,0.822
"Cdx1",0.065,0.631,0.822
"Ccnf",-0.0463,0.631,0.822
"Rraga",0.0415,0.631,0.822
"Fcer1g",-0.0502,0.631,0.822
"Pex7",-0.029,0.631,0.822
"Gp2",-0.123,0.631,0.822
"Ssna1",0.0367,0.631,0.822
"Vti1a",-0.0453,0.631,0.822
"Myt1",0.0308,0.631,0.822
"Rgs18",-0.0403,0.631,0.822
"B4galt1",0.0398,0.632,0.823
"Cxcl2",0.0357,0.632,0.823
"Fgfrl1",0.0618,0.632,0.823
"Ufsp1",-0.0345,0.632,0.823
"Usp15",0.032,0.632,0.823
"Epb42",-0.0315,0.632,0.823
"Cxx1b///Cxx1a",0.0332,0.632,0.823
"Mapk3",-0.0415,0.632,0.823
"Rgr",0.0422,0.632,0.823
"Igkv4-68",-0.032,0.633,0.823
"Foxn4",0.0387,0.633,0.824
"Gtsf1l",0.0398,0.633,0.824
"Nup160",-0.0337,0.633,0.824
"Lix1",0.0453,0.634,0.824
"Mkl2",-0.0288,0.634,0.824
"Ces1d",-0.0785,0.634,0.824
"Mvb12a",-0.0425,0.635,0.825
"Slco1c1",0.0522,0.635,0.825
"Obp1a",-0.0395,0.635,0.825
"Nkain4",0.0723,0.635,0.825
"Lmx1a",0.0432,0.635,0.825
"Zmat2",-0.0378,0.635,0.825
"Gm1549",-0.0348,0.635,0.825
"Spire2",-0.0442,0.635,0.825
"Zfhx4",-0.0428,0.635,0.825
"Gm9744",0.0313,0.636,0.825
"Cacna1f",-0.0498,0.636,0.825
"D15Ertd50e",-0.035,0.636,0.825
"Nol3",0.0468,0.636,0.825
"Nsmaf",0.0428,0.636,0.826
"Adam3",0.0302,0.636,0.826
"Tmem114",0.0478,0.637,0.826
"Procr",-0.0437,0.637,0.826
"Epb41l4a",0.0347,0.638,0.827
"Ppib",-0.032,0.638,0.827
"Naalad2",-0.038,0.638,0.827
"Serpinb1b",0.0332,0.638,0.827
"Gad2",-0.0353,0.638,0.827
"Ddx19b///Ddx19a",-0.0407,0.638,0.827
"Gmppb",-0.0435,0.638,0.827
"Lce1b",-0.051,0.638,0.827
"Sec22a",-0.035,0.638,0.827
"Cd274",-0.046,0.638,0.827
"Actl6a",0.0352,0.638,0.827
"Pepd",-0.0393,0.639,0.827
"2810428I15Rik",0.0367,0.639,0.827
"Gtf3c5",-0.04,0.639,0.827
"Akr1b10",0.029,0.639,0.827
"H2-DMb2///H2-DMb1",0.0415,0.639,0.827
"Ccdc92",-0.0443,0.639,0.827
"D2Ertd93e",0.0387,0.639,0.827
"Bcan",0.04,0.64,0.827
"Ngrn",0.0423,0.64,0.827
"Cdk2ap1",-0.036,0.64,0.827
"Xntrpc///Trpc2",0.0453,0.64,0.827
"Rad17",-0.039,0.64,0.828
"Pde1a",0.0318,0.64,0.828
"Plxdc1",0.0365,0.64,0.828
"Cnih2",0.0302,0.64,0.828
"Vmn1r50",0.0367,0.64,0.828
"C80068",0.037,0.64,0.828
"Riok2",-0.04,0.641,0.828
"A130040M12Rik///1200015M12Rik",-0.0773,0.641,0.828
"Slc25a13",0.0428,0.641,0.828
"Lrrc3b",0.0347,0.641,0.828
"Tectb",0.0477,0.641,0.828
"Lrrc56",-0.0387,0.642,0.829
"2610507B11Rik",-0.028,0.642,0.829
"Rarg",0.0428,0.642,0.829
"Caml",0.0427,0.642,0.829
"Drd2",0.0557,0.643,0.83
"Zc3h15",-0.0295,0.643,0.83
"Plekhg2",0.0583,0.643,0.83
"Hinfp",0.0362,0.643,0.83
"Tmem50b",0.0578,0.643,0.83
"Gpr162",0.036,0.643,0.83
"2010010I01Rik",0.0295,0.644,0.83
"Rfx3",0.0323,0.644,0.83
"Ears2",0.0402,0.644,0.83
"Fads1",-0.0628,0.644,0.83
"Pmp22",0.053,0.644,0.83
"Chrm3",-0.059,0.644,0.83
"Spic",0.0405,0.645,0.83
"A4galt",0.0397,0.645,0.831
"Gm21949///Schip1",-0.0327,0.645,0.831
"Ephb3",0.0287,0.645,0.831
"Eif2b1",0.0312,0.645,0.831
"L1Md-A101",-0.0363,0.645,0.831
"Klk1b26///Egfbp2",0.0285,0.645,0.831
"Il13",0.0363,0.645,0.831
"LOC100862446///Mir692-3///Mir692-1///Mir692-2///Ftl1-ps2///Ftl1",0.0288,0.645,0.831
"Tnfrsf8",0.0375,0.645,0.831
"Olig3",-0.043,0.646,0.831
"D030029J20Rik",0.0305,0.646,0.831
"Sox17",0.0463,0.646,0.831
"Mmp2",0.031,0.646,0.831
"Fbln7",0.0352,0.646,0.831
"Ctcf",-0.0337,0.646,0.831
"Fryl",-0.0427,0.646,0.831
"Il27ra",-0.0328,0.646,0.831
"Etv2",0.0418,0.646,0.831
"Tes3-ps",0.0483,0.646,0.831
"Prss23",-0.0515,0.647,0.832
"Clpx",0.151,0.647,0.832
"Lmbr1l",-0.0565,0.648,0.832
"Bbs9",-0.0328,0.648,0.832
"Mtpn",-0.0575,0.648,0.832
"Kctd9",0.0275,0.648,0.832
"Eif2b5",-0.0352,0.648,0.832
"Emilin1",-0.048,0.649,0.833
"Polh",0.0322,0.649,0.833
"Tmed5",-0.0447,0.649,0.833
"Ccdc134",0.0487,0.649,0.833
"3930401B19Rik",-0.0483,0.65,0.833
"Klk1",-0.154,0.65,0.833
"Plekhg6",-0.0353,0.65,0.833
"Adgre1",0.0538,0.65,0.833
"Rhebl1",0.046,0.65,0.833
"Car7",0.029,0.65,0.833
"Slc2a4",0.036,0.65,0.833
"Coa3",-0.0317,0.65,0.833
"Ccdc71",0.037,0.65,0.833
"Fam26e",0.033,0.651,0.833
"Umod",-0.0333,0.651,0.833
"Tescl",-0.0348,0.651,0.833
"Ubl5",0.0375,0.651,0.833
"Prl2a1",0.0443,0.651,0.833
"Chchd5",-0.033,0.651,0.833
"Car15",0.0308,0.651,0.834
"Vps4a",-0.0378,0.652,0.834
"Cst7",0.0317,0.652,0.835
"Tex18",-0.0383,0.652,0.835
"Acvr2a",0.0515,0.653,0.835
"AA675344",0.0282,0.653,0.835
"Cby1",0.0362,0.653,0.835
"Calm4",0.032,0.653,0.835
"Cyp2s1",0.0497,0.653,0.835
"Kcnj14",-0.0378,0.653,0.835
"Tesc",0.0323,0.654,0.835
"Tmem30b",0.032,0.654,0.835
"Krt10",-0.0425,0.654,0.835
"Haus7",0.0378,0.654,0.835
"Grem1",0.0332,0.654,0.835
"Wipf1",-0.0405,0.654,0.835
"Btk",-0.046,0.654,0.835
"Six6",0.0295,0.654,0.835
"Gabrq",0.0425,0.654,0.835
"Msc",0.036,0.654,0.835
"Relb",0.0578,0.654,0.835
"Avil",0.0313,0.655,0.835
"Zfp105",-0.0315,0.655,0.836
"Tlr6",-0.0332,0.655,0.836
"Mlf1",-0.029,0.655,0.836
"Nsmce4a",-0.0387,0.655,0.836
"Cabp1",-0.036,0.655,0.836
"Gm30739",0.0288,0.655,0.836
"Tvp23a",-0.0358,0.656,0.836
"Rit1",0.0322,0.656,0.836
"Aurka",0.051,0.656,0.836
"Immp1l",0.03,0.656,0.837
"Ndrg4",-0.0377,0.657,0.837
"Nxf2",-0.0402,0.657,0.837
"Ms4a8a",-0.123,0.657,0.837
"Gpr45",0.0373,0.657,0.837
"Nek9",0.0333,0.657,0.837
"Mmp10",-0.035,0.657,0.837
"Med6",-0.0288,0.657,0.837
"Gap43",-0.0365,0.658,0.837
"Rps6ka4",0.0337,0.658,0.837
"Epb41l1",0.0493,0.658,0.838
"Calb2",0.0322,0.658,0.838
"Cd209a",-0.0285,0.658,0.838
"Borcs5",0.0293,0.658,0.838
"Fam46c",0.0317,0.659,0.838
"Ogn",-0.0558,0.659,0.838
"Pam16",-0.033,0.659,0.838
"Zbtb25",-0.0293,0.659,0.838
"Cystm1",0.036,0.66,0.839
"Patz1",0.043,0.66,0.839
"Ambp",-0.0372,0.66,0.839
"Myog",0.0332,0.66,0.839
"Mllt1",0.0255,0.66,0.839
"Clk1",-0.0438,0.66,0.839
"Btbd3",0.0408,0.661,0.839
"Mrpl47",-0.0393,0.661,0.839
"C78651",0.0328,0.661,0.839
"Dock9",0.0357,0.661,0.839
"Gltp",0.0593,0.661,0.839
"Ankrd1",-0.0363,0.661,0.839
"Zfp617",0.029,0.661,0.84
"Unc5b",-0.0343,0.662,0.84
"Syt17",0.0455,0.662,0.84
"Frat1",0.0307,0.662,0.84
"Nmnat3",-0.0323,0.662,0.84
"Arl4d",0.026,0.662,0.84
"Psmc1",-0.034,0.662,0.84
"Zfp654",0.0292,0.662,0.84
"Slc29a3",0.0303,0.662,0.84
"Pdlim3",0.0287,0.662,0.84
"Chtf8",0.0312,0.662,0.84
"Ppil4",-0.035,0.663,0.84
"Esm1",-0.0248,0.663,0.841
"Mad1l1",-0.0457,0.663,0.841
"Ankib1",-0.0353,0.663,0.841
"Klrk1",0.031,0.663,0.841
"Plekhn1",0.0273,0.664,0.841
"Rnf17",0.0247,0.664,0.841
"Derl3",0.0547,0.664,0.841
"Rac1",-0.0265,0.664,0.841
"Muc1",0.0348,0.664,0.841
"Ptges",-0.0328,0.664,0.841
"Rufy1",0.0403,0.664,0.841
"Wnt5a",-0.0292,0.665,0.842
"Crlf3",0.0497,0.665,0.842
"Lamb3",0.0322,0.665,0.842
"Msgn1",0.0335,0.666,0.842
"Tlr1",-0.045,0.666,0.842
"Ttc14",0.0312,0.666,0.842
"Trim46",-0.0338,0.666,0.842
"Mrpl4",-0.027,0.666,0.842
"Sh3kbp1",0.0347,0.666,0.842
"Islr",0.0363,0.666,0.842
"Ogdh",-0.0302,0.666,0.842
"Gpc3",0.039,0.667,0.842
"Klhl10",0.044,0.667,0.843
"Spock1",0.033,0.667,0.843
"Aaed1",0.0503,0.667,0.843
"Hcst",0.0512,0.667,0.843
"Ascl1",-0.0358,0.667,0.843
"Clca3b",-0.0408,0.668,0.843
"Sv2a",0.0287,0.668,0.843
"Gon4l",0.0283,0.668,0.843
"Reg3a",0.0532,0.668,0.844
"Hnrnpul1",-0.0338,0.668,0.844
"2010107E04Rik",0.0275,0.669,0.844
"6330403K07Rik",0.03,0.669,0.844
"Vps13c",0.0277,0.669,0.844
"Hspa12b",-0.0332,0.669,0.844
"Zfp521",0.0292,0.669,0.844
"Tshb",0.0413,0.669,0.844
"Psg17",0.0418,0.669,0.844
"Trp53rkb",0.0335,0.669,0.844
"Rfc1",0.0325,0.67,0.844
"Bcl7a",-0.0318,0.67,0.844
"Nkx2-2",-0.0353,0.67,0.845
"Piwil1",-0.0348,0.67,0.845
"Trappc3",-0.0333,0.67,0.845
"AU020206",-0.038,0.67,0.845
"Ppargc1b",-0.051,0.67,0.845
"G6pc3",-0.0353,0.67,0.845
"Pcdhb2",0.0297,0.671,0.845
"Ccr3",0.0273,0.671,0.845
"Thnsl1",0.0353,0.671,0.845
"Cln3",-0.0318,0.671,0.845
"Adcy6",-0.0385,0.671,0.845
"Setd3",-0.0237,0.671,0.845
"Rtkn2",0.0323,0.671,0.845
"Zfp455",-0.0338,0.671,0.845
"Utf1",0.0388,0.671,0.845
"Ly6f",-0.0323,0.671,0.845
"2310011J03Rik",-0.0317,0.671,0.845
"Egr3",0.028,0.671,0.845
"Fam149b",0.0262,0.671,0.845
"Tfap2d",0.0283,0.671,0.845
"Hnrnph1",-0.0683,0.672,0.845
"Akap17b",0.0267,0.672,0.846
"Rsrc2",-0.0362,0.672,0.846
"Rrs1",-0.0385,0.672,0.846
"Nudt8",0.0278,0.672,0.846
"Fam198b",0.0355,0.672,0.846
"Hdac9",-0.039,0.673,0.846
"Mpp1",0.041,0.673,0.846
"Fkbp1b",-0.0325,0.673,0.846
"Tmem218",0.0322,0.673,0.846
"Rrm1",-0.0273,0.673,0.846
"Pkn1",0.0358,0.673,0.846
"Spag6l",0.0263,0.673,0.846
"Trpm8",-0.0365,0.674,0.846
"Ndc80",0.0457,0.674,0.847
"L2hgdh",-0.0328,0.674,0.847
"Hnf4g",0.0397,0.674,0.847
"Mkln1",0.0272,0.674,0.847
"LOC102638110///LOC100861615///Gm3164///Gm3173///Gm3739///Gm3696///Gm3667///Gm3194///Gm3591///Gm3558///Gm3488///Gm3500///Gm3383///Gm3264///Gm3252///Gm3239///Gm3636///Gm3115///Gm3095///Gm10340///Gm2897///Gm2888///Gm10406///Gm3373///Gm3317///Gm5796",0.0402,0.674,0.847
"Glrx",-0.0418,0.674,0.847
"Nsd1",-0.0315,0.674,0.847
"Lgals6",0.0688,0.674,0.847
"Tmprss15",0.0392,0.674,0.847
"Zfp958",0.0248,0.674,0.847
"Ceacam2",0.0283,0.674,0.847
"Synrg",-0.0485,0.674,0.847
"Dlx6",0.0293,0.674,0.847
"Rgs9",0.031,0.675,0.847
"Trim29",0.034,0.675,0.847
"Sept8",-0.0352,0.675,0.847
"Actl6b",0.0397,0.675,0.847
"Pou1f1",-0.0357,0.675,0.847
"Hyi",0.0798,0.675,0.847
"Krtap9-3",-0.0298,0.675,0.847
"Pex11b",0.0335,0.675,0.847
"Itih3",0.0568,0.675,0.847
"Syce2",-0.0368,0.675,0.847
"Chst12",-0.0448,0.675,0.847
"Cts8",-0.0275,0.675,0.847
"Ell2",-0.0575,0.675,0.847
"Ganc",0.036,0.676,0.847
"Perp",-0.0463,0.676,0.847
"Sspo",-0.0303,0.676,0.847
"Tyms-ps///Tyms",-0.032,0.676,0.847
"Prx",-0.0363,0.676,0.847
"AA511254",0.0315,0.677,0.848
"Cd83",-0.0308,0.677,0.848
"Prl7a1",-0.0282,0.677,0.848
"Slc7a5",0.038,0.677,0.848
"Mid2",-0.0428,0.677,0.848
"Lage3",0.0282,0.677,0.848
"Tie1",0.0352,0.677,0.848
"Pou4f3",0.036,0.678,0.848
"Slc4a1ap",-0.029,0.678,0.848
"Sp100",-0.0388,0.678,0.848
"Herc2",0.0487,0.678,0.848
"Scyl1",0.0403,0.678,0.848
"Pcdhb21",0.0352,0.678,0.848
"Cmtm7",-0.0325,0.678,0.848
"Fgb",0.0498,0.678,0.849
"Iqgap3",-0.0448,0.678,0.849
"Prmt6",0.0323,0.678,0.849
"Vasp",0.0333,0.679,0.849
"Sparcl1",-0.0418,0.679,0.849
"Hoxb1",0.0298,0.679,0.849
"Higd2a",0.0237,0.679,0.849
"Stambpl1",0.0363,0.679,0.849
"Chst4",-0.0303,0.679,0.849
"Cep164",-0.0302,0.679,0.849
"Lace1",-0.04,0.68,0.849
"Tmem199",-0.0307,0.68,0.849
"Kdr",0.0388,0.68,0.849
"Atp1b4",0.024,0.68,0.85
"Pdlim2",-0.044,0.681,0.85
"Eya4",0.0313,0.681,0.85
"Kctd2",-0.041,0.681,0.85
"Myom2",0.059,0.681,0.85
"Ak2",-0.0382,0.681,0.85
"Ngf",0.027,0.681,0.85
"Prl8a6",0.0282,0.681,0.85
"Stk4",0.0432,0.681,0.85
"Gpr87",-0.0363,0.682,0.85
"BC051019",0.0247,0.682,0.85
"Tarbp2",-0.0245,0.682,0.85
"Nphs1",0.0333,0.682,0.85
"Lrfn1",-0.0337,0.682,0.85
"Mapk12",-0.0378,0.682,0.85
"Kcnh2",0.025,0.682,0.85
"Zim3",-0.0367,0.683,0.851
"Hacl1",-0.051,0.683,0.851
"Alg3",0.032,0.683,0.851
"Tmem229b",0.0315,0.684,0.851
"Lcn3",0.032,0.684,0.851
"Olfr69///Olfr68",0.0267,0.684,0.851
"Slc34a1",0.0395,0.684,0.851
"Slc27a3",-0.0283,0.684,0.852
"Abca7",-0.046,0.684,0.852
"Pgr",-0.0287,0.684,0.852
"Gm9885",-0.0325,0.685,0.852
"Mbd6",-0.0457,0.685,0.852
"Ddx42",-0.0283,0.685,0.852
"Pglyrp1",-0.0685,0.686,0.853
"Gadd45a",0.0402,0.686,0.853
"Gab3",0.0292,0.686,0.853
"Kdf1",0.035,0.686,0.853
"Chrna2",-0.0308,0.686,0.853
"Pbxip1",-0.0338,0.686,0.853
"D9Ertd306e",0.03,0.686,0.853
"Mrpl20",0.0247,0.686,0.853
"Slitrk1",-0.0308,0.686,0.853
"Dctn5",-0.0358,0.687,0.853
"Il17a",0.027,0.687,0.853
"Mast3",0.0255,0.687,0.854
"BC022960",0.03,0.688,0.854
"Pla2g5",0.0323,0.688,0.854
"Mrgpra4",-0.0298,0.688,0.854
"Cntn1",0.0322,0.688,0.854
"Actrt1",0.0382,0.688,0.854
"Cyp2d34",0.031,0.688,0.854
"Mrpl14",0.0292,0.689,0.854
"C76132",0.0325,0.689,0.855
"Gm11478///Rpl13a",-0.027,0.689,0.855
"Fbl",-0.029,0.689,0.855
"Zfp286",-0.0372,0.689,0.855
"Gfer",-0.043,0.689,0.855
"Sptbn2",0.0353,0.689,0.855
"Pcyox1",-0.0272,0.69,0.855
"Emsy",0.0317,0.69,0.855
"Tab3",0.0433,0.69,0.855
"Ahsg",-0.0318,0.69,0.856
"Lhx2",-0.0307,0.691,0.856
"Sccpdh",0.024,0.691,0.856
"Asb7",0.0317,0.691,0.856
"Fev",-0.0415,0.691,0.856
"Dusp16",0.0325,0.691,0.856
"Bsn",0.0427,0.691,0.856
"Fam109b",-0.0312,0.691,0.856
"Fmc1",-0.0372,0.692,0.857
"Ccdc102a",0.0337,0.692,0.857
"Olfr870",0.0365,0.692,0.857
"Cxcl1",-0.0835,0.692,0.857
"Hpf1",-0.0298,0.693,0.857
"Atg9b",-0.0357,0.693,0.857
"Npm3-ps1///Npm3",0.0295,0.693,0.857
"B2m",-0.038,0.693,0.858
"Madd",0.0373,0.694,0.858
"Oc90",0.036,0.694,0.858
"Nsdhl",-0.0612,0.694,0.858
"Fkbp15",-0.0337,0.694,0.858
"Dao",-0.0312,0.694,0.858
"Prm3",-0.0275,0.694,0.858
"Dhrs2",-0.0317,0.694,0.858
"Zfp239",-0.0325,0.694,0.858
"Oas1b",0.0292,0.694,0.858
"B3galt4",-0.0368,0.694,0.858
"Sstr3",-0.026,0.695,0.858
"Cnnm1",-0.025,0.695,0.858
"Akap7",0.0302,0.695,0.858
"Abhd2",0.0302,0.695,0.858
"Pax3",0.0343,0.695,0.858
"Ddx4",0.0257,0.695,0.859
"Slc7a4",0.0307,0.696,0.859
"Kcnj12",-0.0258,0.696,0.859
"Cfdp1",-0.0285,0.696,0.859
"Igkv4-72",0.0303,0.696,0.859
"Macrod2",-0.0295,0.696,0.859
"Cadps",-0.0318,0.696,0.859
"Ufsp2",-0.0283,0.696,0.859
"Depdc1a",0.023,0.696,0.859
"Nat1",-0.0332,0.696,0.859
"Trim59",0.0275,0.696,0.859
"Cyfip2",0.0317,0.696,0.859
"Ctns",-0.0292,0.697,0.859
"Kcnn2",0.0433,0.697,0.859
"Defa31",0.0335,0.697,0.859
"Cntrob",0.0303,0.697,0.859
"2810403A07Rik",0.0247,0.697,0.859
"Eno2",-0.0312,0.697,0.859
"Map3k2",-0.0352,0.697,0.859
"Prtn3",-0.0443,0.697,0.859
"Pde1b",0.0298,0.697,0.859
"Gm14548///Gm10693///Pirb///Pira7///Pira6///Pira5///Pira4///Lilra6///Pira2///Pira11///Pira1",0.0505,0.698,0.859
"Coq4",0.0305,0.698,0.86
"Uts2r",-0.038,0.698,0.86
"2700099C18Rik",-0.0237,0.698,0.86
"Grin2a",-0.0377,0.698,0.86
"Bst2",-0.0602,0.698,0.86
"En1",-0.0235,0.699,0.86
"Rpl14-ps1///Rpl14",0.035,0.699,0.86
"Fam216a",0.032,0.699,0.861
"Atp6v1e2",0.0483,0.699,0.861
"Lce1l",0.0245,0.699,0.861
"Ms4a6c",-0.0263,0.699,0.861
"Sema5a",-0.033,0.7,0.861
"Tm9sf3",-0.028,0.7,0.861
"Mtg1",0.027,0.7,0.861
"Mcpt2",-0.0273,0.7,0.861
"H2afy2///H2afy3",-0.0307,0.7,0.861
"Mansc1",-0.0305,0.7,0.861
"Krtap14",0.0372,0.701,0.862
"Lhx4",0.0285,0.702,0.862
"Gpr37",0.033,0.702,0.862
"Slc46a1",-0.033,0.702,0.862
"Csn3",0.023,0.702,0.862
"Allc",0.032,0.702,0.862
"Ins2",-0.0292,0.702,0.862
"Hmgn3",-0.0273,0.702,0.862
"Atp6v0e2",-0.0403,0.702,0.862
"Renbp",-0.0375,0.703,0.862
"Hoxa5",-0.0253,0.703,0.863
"Ang3",-0.0305,0.703,0.863
"Gm20604///Moap1",-0.0327,0.703,0.863
"Oca2",0.0253,0.703,0.863
"0610009B22Rik",-0.0295,0.703,0.863
"Atp5g1",0.0257,0.703,0.863
"Ube2g2",0.0378,0.703,0.863
"Gm20767",-0.027,0.704,0.863
"Diaph3",0.025,0.704,0.863
"Tbcc",0.0267,0.704,0.863
"Abhd17c",0.034,0.704,0.863
"Fosl2",-0.0273,0.704,0.863
"Rbfox3",0.0303,0.704,0.863
"Flnb",-0.0345,0.704,0.864
"Cxcr6",0.0325,0.704,0.864
"Acvr1c",-0.0277,0.704,0.864
"Gtf2e2",-0.0295,0.704,0.864
"Slc25a35",-0.0272,0.705,0.864
"Prg3",-0.0272,0.705,0.864
"Snhg6",0.0508,0.705,0.864
"Gm21541///Gm1987///Gm13304///Gm10591///Ccl21b///LOC100041593///LOC100041504///Ccl21c///Ccl21a",-0.0307,0.705,0.864
"Thbs1",0.0395,0.705,0.864
"Fcgr1",-0.0272,0.705,0.864
"Tecta",0.0307,0.705,0.864
"Tarbp1///Coa6",0.0253,0.705,0.864
"Tcaf2",-0.0307,0.706,0.864
"Fxyd1",-0.0232,0.706,0.864
"Slc23a3",-0.0293,0.706,0.864
"Ube3b",0.024,0.706,0.864
"Smpdl3b",0.0538,0.706,0.864
"Cxcl5",0.0275,0.706,0.864
"Morn4",-0.0233,0.706,0.864
"Trim15",-0.0543,0.706,0.864
"Nipbl",0.0377,0.706,0.864
"Helq",0.0307,0.707,0.865
"Npy1r",0.0332,0.707,0.865
"Mrps7",0.0313,0.707,0.865
"Gpn3",0.0327,0.707,0.865
"G6pd2",0.0268,0.708,0.865
"Galr2",0.032,0.708,0.865
"Gadd45gip1",-0.0223,0.708,0.865
"Vmn2r125///Vmn2r-ps159///Vmn2r122///Vmn2r123",0.0323,0.708,0.865
"Rsph1",0.0397,0.708,0.866
"Lrrc2",-0.0243,0.709,0.866
"Bag6",-0.0367,0.71,0.866
"Gm5093///Rpl11",0.0347,0.71,0.866
"Bccip",-0.0282,0.71,0.866
"Btbd2",0.027,0.71,0.866
"Havcr1",0.0392,0.71,0.866
"Nanog",-0.0218,0.71,0.866
"Sqstm1",0.0223,0.71,0.866
"Arhgdig",-0.0267,0.71,0.866
"Prl7a2",0.0225,0.71,0.866
"Scamp3",0.0263,0.71,0.867
"Apoa1bp",-0.0357,0.71,0.867
"Usp25",-0.034,0.711,0.867
"Slc10a2",0.03,0.711,0.867
"Mmp17",0.0248,0.711,0.867
"Syf2",-0.0298,0.711,0.867
"Laptm4a",-0.0242,0.711,0.867
"Fzd1",-0.0295,0.711,0.867
"Pnkp",0.029,0.711,0.867
"1700030K09Rik",0.0237,0.711,0.867
"Tbx19",0.0395,0.712,0.868
"Htr3a",-0.0302,0.712,0.868
"Btnl10",0.031,0.712,0.868
"Smarcal1",-0.0305,0.712,0.868
"AI646383",0.0295,0.712,0.868
"Hexdc",0.033,0.712,0.868
"Klhl1",-0.0293,0.713,0.868
"Sh3gl3",-0.0318,0.713,0.868
"Gpat4",-0.0305,0.713,0.868
"AI413582",-0.027,0.713,0.868
"Ahi1",0.0323,0.713,0.868
"Ermap",-0.03,0.713,0.868
"Sirt3",0.0302,0.713,0.868
"Lbx1",0.0398,0.713,0.868
"Usp11",0.0323,0.713,0.868
"Hspa1b",-0.161,0.713,0.868
"Ch25h",-0.0332,0.713,0.868
"Ptgs2",0.0323,0.713,0.868
"Serpina12",-0.0602,0.713,0.868
"Zscan22",-0.026,0.713,0.868
"Phldb1",0.0248,0.714,0.868
"Sh2b3",-0.0273,0.714,0.868
"Mrgpra2a///Mrgpra2b",0.0295,0.714,0.868
"Wfdc18",0.0343,0.714,0.868
"Rnmtl1",0.029,0.715,0.869
"Gnaz",0.0232,0.715,0.869
"Acer1",0.038,0.715,0.869
"Gm8842///Gm8841///Gm10420///Gm6139///Rps2",0.0205,0.715,0.869
"Sox2",-0.0237,0.715,0.869
"Adgrg1",0.0212,0.715,0.869
"LOC100049077",0.029,0.715,0.869
"Rgs2",0.0353,0.715,0.869
"Tmem94",-0.0272,0.715,0.869
"Kctd4",0.0297,0.715,0.869
"Tmem80",0.0268,0.716,0.869
"Apba2",0.0298,0.716,0.869
"Sgcg",0.0372,0.716,0.869
"Kdm7a",0.0342,0.716,0.869
"Noc3l",0.0252,0.716,0.869
"Ctsf",-0.0295,0.716,0.869
"Calhm2",0.0305,0.717,0.869
"Ror2",0.034,0.717,0.869
"Lrrc6",-0.0228,0.717,0.87
"Thrap3",-0.0263,0.717,0.87
"Tctex1d4",0.0297,0.717,0.87
"Dppa4",0.0265,0.717,0.87
"Ptch2",-0.0245,0.717,0.87
"LOC101056140///Rpl17-ps9///Rpl17-ps10///Gm10362///Rpl17",-0.0328,0.717,0.87
"Prm2",0.0292,0.718,0.87
"Rilpl1",-0.0333,0.718,0.87
"Itpa",0.0258,0.718,0.87
"Vipr1",-0.0238,0.718,0.87
"Myd88",-0.0307,0.718,0.87
"3010003L21Rik",-0.028,0.719,0.87
"Pcsk4",0.042,0.719,0.87
"Atg101",-0.0315,0.719,0.871
"Gm21451///Loxl2",0.0267,0.719,0.871
"Tacstd2",-0.0202,0.719,0.871
"Flot1",-0.0268,0.719,0.871
"Zfp276",0.035,0.719,0.871
"Bsnd",-0.0303,0.719,0.871
"Pdgfd",-0.0237,0.72,0.871
"Slc25a24",0.0393,0.72,0.871
"4930429B21Rik",0.0267,0.72,0.871
"Pomt1",0.0267,0.72,0.871
"Mab21l1",-0.0262,0.72,0.871
"Ryk",-0.0245,0.72,0.871
"Cbln3",0.0242,0.72,0.871
"Ddit4l",0.0277,0.72,0.871
"Emcn",0.0297,0.72,0.871
"Nudt7",-0.0743,0.72,0.871
"Glipr1l2",0.021,0.721,0.871
"Pcdhb15",0.0307,0.721,0.871
"Unc13a",-0.0295,0.721,0.872
"Traf7",0.036,0.721,0.872
"Naca",0.0207,0.721,0.872
"AA517631",-0.0237,0.721,0.872
"Emp3",-0.0302,0.721,0.872
"Kcnq1",0.048,0.721,0.872
"Cd6",0.026,0.721,0.872
"D6Ertd47e",0.0333,0.721,0.872
"Adcy8",0.0258,0.721,0.872
"Brdt",-0.0288,0.722,0.872
"Rps3a1",0.0205,0.722,0.872
"Akr1cl",0.0397,0.722,0.872
"Ncs1",0.0238,0.722,0.872
"Dppa3",0.0342,0.722,0.872
"Phlpp1",0.0255,0.723,0.872
"AI597479",0.037,0.723,0.872
"Zcchc3",-0.026,0.723,0.872
"Zscan12",-0.0243,0.723,0.873
"Itlnb///Itln1",0.0472,0.723,0.873
"Slc32a1",-0.0345,0.723,0.873
"Usp4",0.0303,0.723,0.873
"Angptl7",0.0342,0.724,0.873
"AI504432",0.0203,0.724,0.873
"Rhbdl1",-0.0398,0.724,0.873
"Manf",0.0458,0.724,0.873
"Pcolce2",0.029,0.724,0.873
"Pcdh15",0.0275,0.724,0.873
"Dnajc9",-0.0355,0.725,0.874
"Pex26",-0.0258,0.725,0.874
"Klk1b9///Klk1b22",0.03,0.725,0.874
"Ptpru",0.024,0.725,0.874
"Atp6v0a4",-0.0308,0.725,0.874
"Tfip11",-0.027,0.725,0.874
"Snhg5",-0.0367,0.726,0.874
"Greb1",-0.0253,0.726,0.874
"Khdc1a",0.0208,0.726,0.874
"Scgb1b2",0.0285,0.726,0.875
"D1Ertd259e",-0.0292,0.727,0.875
"Prss21",-0.0288,0.727,0.875
"Itm2c",-0.0265,0.727,0.875
"Tmem110",0.0243,0.728,0.875
"Padi1",0.0268,0.728,0.876
"Adam33",-0.0207,0.728,0.876
"Ncam2",0.0277,0.728,0.876
"Tsix",0.033,0.728,0.876
"Tlx3",0.0265,0.728,0.876
"Fcer2a",-0.0252,0.728,0.876
"Cenpq",0.0333,0.728,0.876
"Slc24a3",-0.032,0.728,0.876
"Trmt44",0.0343,0.729,0.876
"Gzmn",0.0307,0.729,0.876
"Myo5c",0.0277,0.729,0.876
"Ube2o",0.0253,0.729,0.876
"Ccl1",0.0257,0.729,0.876
"St6galnac5",-0.022,0.729,0.876
"Znrd1as",-0.0308,0.729,0.877
"AI594671",0.0202,0.73,0.877
"Ncoa2",-0.031,0.73,0.877
"Cyp2d12",0.0337,0.73,0.877
"Akap3",-0.0243,0.73,0.877
"Acyp2",-0.0283,0.73,0.877
"Ckmt2",0.0398,0.73,0.877
"Cdk2",-0.0355,0.73,0.877
"Chmp6",-0.0308,0.73,0.877
"Nudt16",0.0243,0.73,0.877
"Fgr",0.0287,0.731,0.877
"Rspo1",-0.0248,0.731,0.877
"Mtag2",-0.0243,0.731,0.877
"Ciz1",0.0343,0.731,0.877
"Gm15583///Zbed4",0.0375,0.731,0.877
"Sema6d",0.0223,0.731,0.877
"Dync1li1",0.0287,0.732,0.878
"Acrbp///Ing4",-0.028,0.733,0.878
"Pawr",-0.0353,0.733,0.878
"Slc22a4",-0.0335,0.733,0.878
"Dgka",0.0265,0.733,0.878
"Ruvbl1",0.0288,0.733,0.878
"Tmem120b",0.0275,0.733,0.878
"Eri2",-0.0303,0.733,0.878
"Wdr82",0.0292,0.734,0.879
"Eif3f",-0.0233,0.734,0.879
"Dmrt1",0.0225,0.734,0.879
"Hist1h1t",-0.0377,0.734,0.879
"Klrc2",0.0258,0.734,0.879
"Gm9757",0.0273,0.734,0.879
"Plcb2",0.0318,0.734,0.879
"Scin",-0.024,0.734,0.879
"Hoxb5",0.0258,0.735,0.879
"Gnrhr",0.0233,0.735,0.879
"Rnf219",0.0222,0.735,0.879
"Mturn",-0.0313,0.735,0.879
"Hes7",-0.032,0.735,0.88
"Krtap5-2",-0.0387,0.735,0.88
"Nrgn",0.028,0.735,0.88
"Isl2",0.033,0.735,0.88
"Cldn4",-0.052,0.736,0.88
"Tas2r105",-0.0213,0.736,0.88
"Retn",-0.0257,0.736,0.88
"Cckar",-0.0238,0.736,0.88
"Xlr3b///Xlr3c///Xlr3a",-0.0283,0.736,0.88
"Syt1",0.0215,0.737,0.881
"Pirb///Pira5///Pira2///Pira11///Pira1",-0.0322,0.737,0.881
"Kcnu1",0.0263,0.737,0.881
"Matn2",-0.0202,0.737,0.881
"Tnfaip6",-0.0222,0.737,0.881
"Ttc16",0.0245,0.737,0.881
"Htr2c",-0.0258,0.737,0.881
"Olfr157",0.0318,0.737,0.881
"Gm5802",-0.035,0.738,0.881
"Mst1r",0.0428,0.738,0.881
"Dscaml1",-0.0342,0.738,0.881
"Gtf3c4",-0.0257,0.738,0.881
"Bcl2l13",-0.0215,0.738,0.881
"Fam96b",0.0258,0.738,0.881
"Klra22///Klra1",0.0195,0.739,0.882
"Tspo2",0.0228,0.739,0.882
"Zmiz2",-0.0198,0.739,0.882
"Tnnt2",0.0245,0.739,0.882
"Ptprn",0.0302,0.74,0.882
"Dpm2",-0.0215,0.74,0.882
"Aoah",0.0348,0.74,0.882
"Opn1sw",0.0232,0.74,0.882
"Trim21",0.0212,0.74,0.883
"Zswim7",-0.0348,0.74,0.883
"LOC102642102///H2-DMb2///H2-DMb1",-0.023,0.741,0.883
"Msh4",0.023,0.741,0.883
"Sgce",0.024,0.741,0.883
"Gm6756///Phgdh",0.0247,0.741,0.883
"Col2a1",-0.029,0.741,0.883
"Krtap19-3",-0.0263,0.741,0.883
"Zfp235",0.0332,0.741,0.883
"Dpagt1",-0.0268,0.742,0.883
"Irf1",0.025,0.742,0.883
"Slc24a1",-0.0213,0.742,0.883
"B3gnt8",0.0242,0.742,0.883
"Prodh",0.0423,0.742,0.883
"Aif1",-0.0302,0.742,0.883
"Ube2l6",-0.025,0.742,0.883
"Cib2",0.0348,0.743,0.884
"St3gal4",-0.0267,0.743,0.884
"Plekhh3",-0.0338,0.743,0.884
"Cd55b///Cd55",0.0242,0.743,0.884
"Ctsll3",-0.0338,0.743,0.884
"BC023829",0.0338,0.743,0.884
"Olfr70",0.024,0.743,0.884
"Pdzrn3",-0.0422,0.743,0.884
"Cidea",-0.0302,0.744,0.884
"Rxrg",0.0248,0.744,0.885
"Meig1",-0.027,0.744,0.885
"Nudt13",-0.0275,0.745,0.885
"Lao1",0.0257,0.745,0.885
"Ppp1r14c",0.0232,0.745,0.885
"Reps1",-0.0298,0.745,0.885
"Mfrp///C1qtnf5",0.028,0.746,0.885
"BC005685",-0.024,0.746,0.886
"Nt5m",0.0218,0.746,0.886
"Ccdc167",0.0223,0.746,0.886
"Ctla2b",0.0428,0.746,0.886
"Nlgn1",-0.0252,0.747,0.886
"Klrg1",-0.0312,0.747,0.886
"Npy6r",-0.0263,0.747,0.886
"Defa29",0.0412,0.747,0.886
"Psma4",0.0223,0.747,0.886
"Slc35c1",-0.0372,0.747,0.886
"Zmym1",-0.0205,0.747,0.886
"Ppcs",0.0233,0.747,0.886
"Padi4",-0.0212,0.747,0.886
"A930018P22Rik",-0.0235,0.748,0.886
"Dph2",-0.021,0.748,0.886
"Stfa3",0.0317,0.748,0.887
"Psma6",-0.023,0.748,0.887
"U2af2",-0.022,0.748,0.887
"Rab20",-0.0353,0.748,0.887
"Gm3650///Spg11",-0.0265,0.748,0.887
"Kdm8",-0.0297,0.748,0.887
"BC024139",0.0287,0.748,0.887
"Slc12a9",0.0202,0.748,0.887
"Zfp428",0.0272,0.749,0.887
"Nme4",-0.019,0.749,0.887
"Cap1",0.0627,0.749,0.887
"Slc25a22",0.0238,0.749,0.887
"Ccdc136",-0.0242,0.75,0.888
"Trim47",-0.0305,0.75,0.888
"Cyp2b19",-0.0212,0.75,0.888
"Aard",-0.0207,0.75,0.888
"Tmprss13",-0.027,0.75,0.888
"Bcs1l",0.0243,0.75,0.888
"B130024G19Rik",0.0198,0.75,0.888
"Chn1",-0.0228,0.75,0.888
"Xcr1",0.0247,0.75,0.888
"Kcnk10",0.021,0.751,0.888
"Anapc11",0.029,0.751,0.888
"Tcea1",-0.0255,0.751,0.888
"Rps6kl1",-0.0375,0.751,0.888
"Sema5b",-0.0268,0.751,0.888
"Mplkip",-0.0262,0.751,0.888
"D13Ertd205e",-0.025,0.751,0.888
"Blm",0.0322,0.751,0.888
"Scgb3a2",-0.033,0.751,0.888
"Htr5a",0.0198,0.752,0.888
"Ccnj",0.0208,0.752,0.888
"Rin1",-0.0252,0.752,0.889
"S100a4",0.0332,0.752,0.889
"Ly75",0.024,0.753,0.889
"Sowahc",-0.0335,0.753,0.889
"Ppil2",0.0322,0.753,0.89
"Ms4a6b",-0.0322,0.754,0.89
"Abr",-0.042,0.754,0.89
"Rgs8",-0.0342,0.754,0.89
"Wash1",-0.0207,0.754,0.89
"Ceacam9",0.0323,0.755,0.89
"Adat1",-0.021,0.755,0.89
"Fbxo28",0.0275,0.755,0.891
"Stac2",0.0257,0.755,0.891
"Xlr5b///Xlr5a///Xlr5c",0.0248,0.755,0.891
"Ofd1",-0.0183,0.756,0.891
"Gm21596///Hmgb1-ps10///4932431P20Rik///Hmgb1",0.023,0.756,0.891
"Aaas",0.021,0.756,0.891
"Gp5",0.0208,0.756,0.892
"Cnga2",0.0283,0.757,0.892
"Scx",-0.0233,0.757,0.892
"Rhox5",0.021,0.757,0.892
"4933425L06Rik",-0.024,0.757,0.892
"Npy5r",-0.0227,0.757,0.892
"Zdhhc1",0.0308,0.757,0.892
"Clec4b1",0.0217,0.757,0.892
"Acot3",0.068,0.758,0.892
"Scg3",0.0222,0.758,0.892
"Gm1862///Atf1",-0.0383,0.758,0.892
"Otp",0.0252,0.758,0.892
"Gsg1",0.0197,0.759,0.893
"Olfr1264",-0.0265,0.759,0.893
"Acnat2",-0.0533,0.759,0.893
"1700093K21Rik",-0.0202,0.76,0.893
"Npas1",0.0277,0.76,0.893
"Zfp280c",0.0282,0.76,0.893
"Tbxas1",0.031,0.76,0.893
"Gjb5",-0.0257,0.76,0.893
"Rps6kb2",-0.0248,0.76,0.893
"Rlbp1",-0.0207,0.761,0.893
"Cpz",0.0185,0.761,0.893
"Gm9182///2700062C07Rik",-0.0207,0.761,0.893
"Nav2",-0.0508,0.762,0.894
"Rgn",0.0335,0.762,0.895
"Ccdc58",0.0475,0.762,0.895
"Mxd1",0.0305,0.762,0.895
"Hist1h2bp",-0.0252,0.762,0.895
"Wbp5",-0.0267,0.763,0.895
"Crmp1",-0.0232,0.763,0.895
"Psmg3",0.0282,0.763,0.896
"Zfp219",0.0267,0.764,0.896
"P2ry12",0.0275,0.764,0.896
"Rspo2",0.0215,0.764,0.896
"Shisa2",0.0243,0.764,0.896
"Abcc2",0.0473,0.764,0.896
"Pyhin1",0.0248,0.764,0.896
"Fancf",-0.0295,0.765,0.896
"Col9a1",-0.024,0.765,0.896
"Pdcd1lg2",0.0233,0.765,0.896
"Lingo1",0.0202,0.765,0.896
"4930432F04Rik",-0.0267,0.765,0.896
"Mgl2",0.0197,0.765,0.896
"Clgn",-0.0215,0.765,0.896
"AU021092",-0.0223,0.766,0.897
"Fbxo31",-0.031,0.766,0.897
"Ier5l",0.0302,0.766,0.897
"Stk35",0.0183,0.766,0.897
"Slc13a1",0.0242,0.766,0.897
"Oasl2",-0.0427,0.767,0.897
"Spz1",0.0238,0.767,0.897
"Paip2b",-0.0228,0.767,0.897
"Krtap15",0.0255,0.767,0.897
"C80993",0.0252,0.767,0.898
"Ikzf1",0.0247,0.768,0.898
"Irs2",0.0252,0.768,0.898
"Ankrd36",0.0267,0.768,0.898
"Nr2c2ap",0.0253,0.768,0.898
"Il12rb2",-0.0453,0.768,0.898
"Tnxb",-0.0278,0.768,0.898
"Gm38519///Gm4724///Gm14308///0610010B08Rik///Gm14434///Gm14432///Gm14326///Gm2004///Gm14430///Gm6710///Gm14325",0.0238,0.768,0.898
"Hoxd8",0.0252,0.769,0.898
"Kcne1l",0.0227,0.769,0.898
"Il17rd",-0.0307,0.769,0.898
"C78891",0.0205,0.769,0.898
"Hist1h3d",0.0273,0.769,0.898
"Myl2",0.0318,0.769,0.898
"Fam3b",-0.0255,0.769,0.898
"Mpst",0.0202,0.769,0.899
"Parp2",-0.0238,0.769,0.899
"Rufy2",-0.0175,0.77,0.899
"Lrrc16a",0.0298,0.77,0.899
"Tcf21",0.0268,0.77,0.899
"AI506816",-0.0278,0.77,0.899
"Rhpn1",-0.0227,0.77,0.899
"Tbp",0.0248,0.77,0.899
"Sox7",0.0215,0.77,0.899
"Enam",0.026,0.77,0.899
"Rab15",0.0238,0.771,0.899
"Sfxn4",0.0233,0.771,0.899
"LOC269472",-0.0233,0.771,0.899
"Ngfrap1",-0.024,0.771,0.899
"Pwp2",-0.0205,0.771,0.899
"Nle1",-0.0232,0.772,0.9
"Dnajc7",0.0215,0.772,0.9
"Pkp3",0.0258,0.772,0.9
"Eif3d",-0.017,0.773,0.9
"Proser1",0.02,0.773,0.9
"Toporsl",0.0178,0.773,0.9
"Entpd2",-0.0267,0.773,0.9
"Rps6kc1",-0.0225,0.773,0.9
"Nudcd3",-0.0225,0.773,0.901
"Fgf15",-0.016,0.773,0.901
"Zfp566",-0.0233,0.774,0.901
"Copb1",-0.0183,0.774,0.901
"Prl",0.0235,0.774,0.901
"Slamf7",0.0213,0.774,0.901
"Nkx3-2",-0.0213,0.774,0.901
"Usp26",-0.0185,0.774,0.901
"Isl1",-0.022,0.775,0.901
"Tac1",0.0173,0.775,0.901
"Prss12",0.0208,0.775,0.901
"Chrac1",-0.02,0.775,0.901
"Lep",-0.0172,0.776,0.902
"Oxnad1",-0.0215,0.777,0.903
"Klf10",-0.0577,0.777,0.903
"Mapkbp1",0.0202,0.777,0.903
"Dram1",-0.0235,0.777,0.903
"Plscr3",0.0238,0.777,0.903
"Gm34703",-0.021,0.777,0.903
"Gga2",-0.0203,0.778,0.903
"Ccndbp1",-0.0292,0.778,0.903
"Magel2",0.0198,0.778,0.903
"Actr2",-0.0153,0.778,0.903
"Asb14",0.016,0.778,0.903
"Gm14743",0.0197,0.778,0.903
"Col6a2",0.0192,0.778,0.903
"Mrpl28",-0.0212,0.779,0.904
"Neurog2",-0.0263,0.779,0.904
"Rabggtb",-0.0213,0.779,0.904
"Msh5",0.0228,0.779,0.904
"Arl10",-0.0237,0.779,0.904
"Crygc///Crygb",0.0295,0.779,0.904
"Khdrbs2",0.0202,0.779,0.904
"Nsun5",0.0212,0.779,0.904
"Ifitm6",-0.0243,0.78,0.904
"Hells",-0.0185,0.78,0.904
"Nkx2-1",0.0302,0.78,0.904
"Hdac11",0.0177,0.78,0.904
"Trpc7",0.0173,0.78,0.904
"Defb6",-0.0157,0.78,0.904
"Hmgxb4",0.0218,0.78,0.904
"Cnga1",-0.0217,0.781,0.904
"Med17",0.0297,0.781,0.905
"Fbxo25",-0.0403,0.781,0.905
"Flad1",0.022,0.782,0.905
"Ncapg2",-0.0188,0.782,0.905
"Terf2",-0.0207,0.782,0.905
"Mtmr7",0.032,0.783,0.906
"Bmp10",0.0307,0.783,0.906
"Myo1f",0.0237,0.784,0.906
"Wdr78",0.0148,0.784,0.906
"Gramd1a",0.021,0.784,0.906
"Tnfaip8",-0.027,0.784,0.906
"Mdm1",0.023,0.784,0.906
"Rgl2",0.0168,0.785,0.907
"Chrnb3",0.0205,0.785,0.907
"Loxl1",0.0188,0.785,0.907
"Mgat2",-0.0173,0.785,0.907
"Krt31",0.0277,0.786,0.907
"Ddx60",0.0363,0.786,0.907
"Zfp758",0.0197,0.786,0.907
"Nr1h2",0.0197,0.786,0.907
"Car11",-0.0242,0.786,0.908
"Fbxl15",0.0215,0.787,0.908
"Cst10",-0.0257,0.787,0.908
"Fcgr4",-0.0192,0.787,0.908
"Rrp15",0.0218,0.787,0.908
"Zbtb37",0.0235,0.788,0.908
"Exosc2",0.0263,0.788,0.908
"Il18rap",-0.0207,0.788,0.909
"Trpt1",0.0187,0.788,0.909
"Prkar2a",-0.0258,0.789,0.909
"LOC102641785///Tcf20",0.0168,0.789,0.909
"Egfbp2",0.0172,0.789,0.909
"Ubox5",0.0213,0.789,0.909
"Cmtm3",-0.0178,0.789,0.909
"Slc9a7///6330509M05Rik",-0.0177,0.789,0.909
"Gpc1",0.0358,0.789,0.909
"Nfkbie",-0.0187,0.789,0.909
"Zeb2",-0.0178,0.79,0.909
"C8b",-0.0223,0.79,0.909
"Krt15",0.0237,0.79,0.909
"Loxl3",0.024,0.79,0.909
"Edn2",0.0227,0.79,0.91
"Efcab2",-0.0228,0.791,0.91
"Scgn",0.022,0.791,0.91
"Znhit3",0.0192,0.791,0.91
"Il31ra",0.0203,0.792,0.91
"Kifc5b",0.015,0.792,0.91
"Gale",0.0357,0.792,0.911
"Tor1aip1",0.023,0.792,0.911
"Zfp362",-0.0207,0.792,0.911
"Ugt2b37",-0.0492,0.792,0.911
"Ccnb3",-0.0148,0.792,0.911
"Cpne6",0.0163,0.792,0.911
"Nme2",0.0168,0.793,0.911
"Btf3l4",0.0255,0.793,0.911
"Lyzl1",-0.0192,0.793,0.911
"Ern1",0.0223,0.793,0.911
"4921536K21Rik",0.0182,0.793,0.911
"Tnni1",0.0228,0.793,0.911
"Prkg1",0.0217,0.793,0.911
"Kcne4",-0.0213,0.794,0.911
"Tob1",0.0355,0.794,0.911
"Zfp982",-0.0158,0.794,0.911
"Vmn1r25",-0.0212,0.794,0.911
"Polr2b",0.0208,0.794,0.912
"Olfr71",-0.0223,0.794,0.912
"Mir682///Rpl37a",-0.0175,0.794,0.912
"Gm21681///Gm21951///Gm21950///Gm3763///Gm3750///Gm3706///Gm3701///Gm2927///Gm2913///Gm2863///Gm2825///Gm2799///Gm2777///Gm10922///Gm10921///Gm14351///Gm14346///Gm14345///Gm14347///Gm5925///Gm14374///Gmcl1l",-0.02,0.794,0.912
"Cope",0.0168,0.795,0.912
"C78513",0.0147,0.795,0.912
"Spag4",0.0165,0.795,0.912
"Gtf2b",0.0223,0.795,0.912
"Tubb6",0.022,0.795,0.912
"Kcnab1",-0.0197,0.795,0.912
"Hspa2",-0.0277,0.795,0.912
"Fbxw9",-0.0255,0.795,0.912
"Fam65a",-0.0192,0.796,0.912
"Mcpt-ps1",0.023,0.796,0.912
"Dqx1",0.0203,0.796,0.912
"Tmem9",-0.0182,0.796,0.912
"Nt5c1b",-0.0173,0.796,0.912
"Klra21",-0.0212,0.797,0.912
"Bcl3",0.0368,0.797,0.912
"Hsf2",-0.0147,0.797,0.912
"Haus2",-0.0222,0.797,0.912
"Tex19.2",0.0217,0.797,0.912
"Tpd52",0.0248,0.797,0.913
"Mrps11",0.0173,0.798,0.913
"Cldn10",0.0205,0.798,0.913
"Xylb",0.0263,0.798,0.913
"Rrn3",-0.0225,0.798,0.913
"Tbcb",0.019,0.798,0.913
"Krtap4-16",0.0157,0.798,0.913
"Hes2",0.0202,0.799,0.914
"Prn///Prnd",0.0172,0.799,0.914
"Cdrt4",0.0185,0.799,0.914
"Cacng1",-0.0182,0.799,0.914
"Cdkn2a",-0.0173,0.8,0.914
"Galnt11",-0.0345,0.8,0.914
"Gprc5d",0.0222,0.8,0.914
"Rimklb",-0.016,0.801,0.914
"Obox3",-0.0178,0.801,0.914
"4933431E20Rik",-0.0217,0.801,0.914
"Timm13",-0.0183,0.801,0.914
"Mir5130///Kctd12",-0.0323,0.801,0.914
"C79490",-0.0188,0.801,0.915
"Zic3",-0.021,0.801,0.915
"Elmod3",0.0208,0.802,0.915
"S100a5",0.025,0.802,0.915
"Tceal1",-0.022,0.802,0.915
"Car5b",0.0203,0.802,0.915
"Prl7c1",0.0233,0.803,0.915
"Adam5",-0.016,0.803,0.915
"Qtrtd1",-0.0167,0.803,0.915
"Acot4",0.0213,0.803,0.915
"Alas2",-0.0263,0.803,0.916
"Rabepk",0.018,0.803,0.916
"Serpinc1",0.0138,0.804,0.916
"Angptl1",0.0207,0.804,0.916
"Guca2a",0.0235,0.804,0.916
"Clec2g",-0.0138,0.804,0.916
"Zfp948",-0.0153,0.804,0.916
"Lhcgr",0.016,0.804,0.916
"Pex5l",0.0225,0.804,0.916
"Hpcal1",-0.0288,0.804,0.916
"Trim10",-0.0158,0.805,0.916
"Cilp2",0.0178,0.805,0.916
"Ndp",0.018,0.806,0.917
"Gnpat",-0.0193,0.806,0.917
"Tek",0.0225,0.806,0.917
"Dgcr8",0.0228,0.806,0.917
"Gmpr2",0.0198,0.806,0.917
"Ext1",-0.0205,0.806,0.917
"Tekt1",-0.015,0.807,0.917
"Acsf2",-0.0168,0.807,0.917
"Sft2d1",-0.0248,0.807,0.918
"Wbp2",-0.0138,0.807,0.918
"Zfp820",-0.0152,0.808,0.918
"Rxrb",0.0158,0.808,0.918
"Ufc1",0.0157,0.808,0.918
"Med11",0.0288,0.808,0.918
"Ifitm2",-0.0332,0.808,0.918
"Calr",0.024,0.808,0.918
"Trim41",-0.0178,0.808,0.918
"Higd1b",-0.0228,0.808,0.918
"Haus1",-0.0175,0.809,0.918
"Tmed1",0.0177,0.809,0.919
"4933415F23Rik",-0.0188,0.809,0.919
"Gldc",-0.0475,0.809,0.919
"H2-Oa",-0.0163,0.81,0.919
"Spink4",-0.0377,0.81,0.919
"Myo9a",0.0242,0.81,0.919
"Pnpla7",0.0232,0.81,0.919
"Fmo2",0.0165,0.81,0.919
"Sec11c",0.022,0.81,0.919
"Sema4b",-0.02,0.81,0.919
"Adam4",-0.0167,0.811,0.919
"Pfn1",0.0178,0.811,0.919
"Man2c1os",0.0148,0.811,0.919
"Olfr49",0.0197,0.811,0.919
"Cep250",-0.0215,0.811,0.919
"Zfp772",-0.0155,0.811,0.919
"Slc2a5",-0.0247,0.811,0.919
"Krtap19-5",0.0157,0.812,0.919
"Mak",-0.0172,0.812,0.919
"Kpna2",-0.0218,0.812,0.919
"Dbndd2",0.0267,0.812,0.919
"Ppox",0.0163,0.812,0.92
"Fbxl8",-0.0162,0.813,0.92
"Cfc1",-0.02,0.813,0.92
"Vmn1r51",0.0142,0.813,0.92
"Ddx19a",0.0203,0.813,0.92
"Nrcam",0.0152,0.813,0.92
"Casp14",-0.0245,0.813,0.92
"Sdad1",-0.0142,0.813,0.92
"Lrg1",0.0578,0.814,0.92
"Selm",0.024,0.814,0.92
"Pigh",-0.0168,0.814,0.92
"Lce1a2",0.0192,0.814,0.92
"Uba5",-0.0237,0.814,0.92
"Tbl3",-0.0173,0.814,0.921
"Snrpc",0.0128,0.815,0.921
"C80256",0.0187,0.815,0.921
"Kcnmb4",0.0127,0.815,0.921
"Scg5",-0.0222,0.815,0.921
"C76472",0.0192,0.815,0.921
"Cd200r1",-0.0152,0.815,0.921
"Krtap3-2///Krtap3-3",0.0182,0.815,0.921
"A230006K03Rik",-0.0185,0.816,0.921
"H1foo",0.016,0.816,0.921
"Haao",-0.0188,0.816,0.921
"Cpne2",0.0212,0.816,0.921
"Krt83",-0.0158,0.816,0.921
"Cuzd1",-0.0222,0.817,0.922
"Svep1",0.0215,0.817,0.922
"5830417I10Rik///Gon4l",0.0207,0.817,0.922
"Gcnt3",-0.0282,0.817,0.922
"Psmb5",-0.0143,0.817,0.922
"Nap1l5",0.0128,0.817,0.922
"Gm21708///Gm21704///Gm21693///Gm21677///Gm10352///Gm10256///Gm4064///Rbmy",-0.0157,0.818,0.922
"Manbal",-0.0168,0.818,0.922
"Crygb",0.0158,0.818,0.922
"Irs3",0.0162,0.818,0.922
"Adgrf1",0.0173,0.818,0.922
"Syngr4",-0.0177,0.818,0.922
"Atp10a",0.016,0.818,0.922
"Pla2g12b",-0.0232,0.818,0.922
"ND5",-0.0147,0.819,0.922
"Cyb5r1",-0.0208,0.819,0.922
"Ctla2b///Ctla2a",0.032,0.819,0.922
"Gpx1",0.0113,0.819,0.923
"Fpr1",-0.0198,0.819,0.923
"Bex4",0.0172,0.819,0.923
"Taf6l",0.0167,0.82,0.923
"Snx16",0.0247,0.82,0.924
"Cdk20",0.022,0.82,0.924
"Ddx51",-0.0185,0.82,0.924
"Gsap",0.0152,0.82,0.924
"A630072M18Rik",0.0192,0.821,0.924
"Zfp932",-0.017,0.821,0.924
"Olfr73",0.0203,0.821,0.924
"Ighg///Igh-VJ558///Ighm",-0.0212,0.821,0.924
"Rassf9",0.0128,0.821,0.924
"Fkbp2",0.0153,0.822,0.924
"Lyrm1",0.019,0.822,0.924
"Ccdc159",-0.0243,0.822,0.925
"1700073E17Rik",0.0138,0.823,0.925
"Stx2",0.0265,0.823,0.925
"Fgfr3",0.026,0.823,0.925
"Maneal",-0.0205,0.823,0.925
"Dab2",-0.0155,0.823,0.925
"Nhlh1",-0.0178,0.824,0.925
"Ambra1",0.0162,0.824,0.925
"Mta2",0.0235,0.824,0.926
"Vps33b",0.0223,0.824,0.926
"Nudt6",-0.0205,0.824,0.926
"Rpl8",0.0125,0.825,0.926
"Wif1",0.0122,0.825,0.926
"Slc6a1",-0.0132,0.825,0.926
"Vmn1r45",-0.0192,0.825,0.926
"Dnah1",-0.0165,0.825,0.926
"Babam1",-0.0138,0.825,0.927
"Usp17la",0.0208,0.825,0.927
"Thap4",0.023,0.825,0.927
"Wee1",-0.0238,0.826,0.927
"Rrp36",0.0195,0.826,0.927
"Sva",0.0142,0.826,0.927
"Krt34",-0.0178,0.826,0.927
"Epcam",0.0195,0.826,0.927
"Igsf6",0.0198,0.826,0.927
"Irf2bp1",0.0138,0.827,0.927
"Runx3",0.0132,0.827,0.927
"D2Ertd127e",-0.0128,0.827,0.927
"Ppt2",-0.0145,0.827,0.927
"Hnrnpd",-0.0358,0.827,0.927
"Marc1",0.03,0.827,0.927
"Aox1",0.0245,0.827,0.927
"Zpbp",0.0217,0.827,0.927
"Ccar2",0.021,0.827,0.927
"H2-T3///H2-T18",-0.0195,0.829,0.928
"Anxa9",-0.0217,0.829,0.928
"Selplg",0.015,0.829,0.928
"Ap1s1",-0.0207,0.829,0.928
"Saraf",-0.0157,0.829,0.928
"Sncb",-0.0118,0.829,0.929
"Ddb2",-0.0142,0.83,0.929
"Fam131b",0.0158,0.83,0.929
"AA408396",-0.0127,0.83,0.929
"Omt2b",0.0133,0.83,0.929
"C80719",-0.016,0.83,0.929
"Mmp1b",0.013,0.831,0.929
"Mucl2",0.0138,0.831,0.929
"Cluh",-0.0142,0.831,0.929
"Prps1l3///Prps1",-0.0228,0.831,0.929
"Lsm14a",-0.0118,0.831,0.929
"Ifna5",0.0187,0.831,0.929
"Gpx8",-0.0148,0.831,0.929
"Ext2",0.0125,0.831,0.929
"Itpkb",0.0168,0.831,0.929
"Amfr",0.0127,0.831,0.929
"BC005561",0.0135,0.831,0.929
"Plekha7",0.0297,0.832,0.929
"Prl3c1",-0.0162,0.832,0.929
"Trpc3",-0.0193,0.833,0.93
"Ubr3",0.0265,0.833,0.93
"Srpx2",-0.0192,0.833,0.93
"Klhdc8a",-0.0167,0.833,0.93
"Slc11a1",0.0155,0.834,0.93
"4931417E11Rik",-0.0185,0.834,0.931
"Pnck",-0.0158,0.834,0.931
"Dpf3",-0.0175,0.834,0.931
"Lhx8",-0.0122,0.834,0.931
"Mrpl55",-0.0157,0.834,0.931
"Alg13",0.0147,0.834,0.931
"Rhox6",0.0197,0.835,0.931
"Ccr7",0.0143,0.835,0.931
"M1ap",0.0152,0.835,0.931
"Me2",0.0207,0.835,0.931
"Snap91",0.0128,0.835,0.931
"Srrm4",0.014,0.836,0.932
"Eif3b",0.0153,0.836,0.932
"Mrgpra1",0.0118,0.836,0.932
"Hgsnat",0.0163,0.836,0.932
"Fam65b",0.0143,0.836,0.932
"Gm10375///Gm3676///Gm10377///1700001F09Rik",-0.016,0.836,0.932
"Brd7",-0.0212,0.836,0.932
"Il15",-0.024,0.836,0.932
"Gapdhs",0.0127,0.836,0.932
"Gc",-0.0115,0.836,0.932
"Rab7",-0.0117,0.836,0.932
"Gja5",0.0128,0.837,0.932
"Snai2",-0.0147,0.837,0.932
"Uhrf1bp1",0.0148,0.837,0.932
"Defa3",0.0128,0.837,0.932
"Pole2",-0.019,0.838,0.932
"2310075K07Rik",-0.0118,0.838,0.932
"1810032O08Rik",-0.0138,0.838,0.932
"Erbb4",-0.0133,0.838,0.932
"Vmn1r13",-0.0135,0.839,0.933
"Plrg1",-0.0172,0.839,0.933
"Srebf1",0.029,0.839,0.933
"Vps28",-0.0142,0.839,0.933
"Mboat2",-0.0153,0.839,0.933
"Crct1",0.0162,0.839,0.933
"Dyx1c1",0.0148,0.84,0.933
"Gimap7",-0.017,0.84,0.933
"Tmprss4",-0.0285,0.84,0.933
"Nedd8",-0.0142,0.84,0.934
"Strm",-0.0125,0.841,0.934
"Tdgf1",-0.0117,0.841,0.934
"Nbea",0.0117,0.842,0.934
"B230219D22Rik",0.015,0.842,0.934
"Uqcr11",0.0152,0.842,0.934
"Camk2a",-0.0163,0.842,0.934
"Zswim1",-0.0187,0.842,0.934
"Ubald1",-0.0165,0.842,0.934
"Mrps26",0.0153,0.842,0.934
"Nthl1",0.0195,0.842,0.934
"Tuft1",-0.018,0.843,0.934
"Actn4",0.0132,0.843,0.934
"Shh",-0.0138,0.843,0.935
"Slco6b1",0.013,0.843,0.935
"Ttc39c",-0.0263,0.843,0.935
"Cd200",0.0228,0.843,0.935
"Rrm2b",-0.0115,0.844,0.935
"Asb3",0.014,0.844,0.935
"Gal",-0.02,0.844,0.935
"Vmn1r30///Vmn1r25",-0.0128,0.844,0.935
"Shc3",-0.0168,0.844,0.935
"Pdc",0.0162,0.844,0.935
"C79015",-0.0153,0.845,0.936
"Cd209e",0.0153,0.845,0.936
"8030411F24Rik",0.0215,0.845,0.936
"Gpr180",-0.0173,0.845,0.936
"Pfpl",0.021,0.845,0.936
"Fxyd7",-0.0162,0.846,0.936
"Tubgcp3",-0.0157,0.846,0.936
"Il6",-0.0127,0.846,0.936
"Lgi1",-0.0142,0.846,0.936
"Gjb4",0.017,0.846,0.936
"Abcc10",0.0185,0.846,0.936
"Lmo2",0.0202,0.846,0.936
"Mterf4",-0.0175,0.846,0.937
"Lrrc26",-0.0232,0.847,0.937
"Rack1",0.0123,0.847,0.937
"Tmem132a",-0.0128,0.847,0.937
"Rpf2",-0.0138,0.847,0.937
"Tbx21",-0.0157,0.847,0.937
"Capg",0.014,0.847,0.937
"Adrb1",-0.0102,0.848,0.937
"Cited2",0.0365,0.848,0.937
"Defa-rs10",0.0148,0.848,0.937
"Ccr6",-0.0197,0.848,0.937
"Gm4802",-0.0168,0.848,0.937
"Cyp2d9",-0.0177,0.848,0.937
"Sh2d3c",-0.0143,0.848,0.937
"Krtap13-1",0.0113,0.848,0.937
"Scgb2b27",0.0183,0.849,0.937
"Nmt2",0.015,0.849,0.937
"Aicda",-0.014,0.849,0.937
"Pycrl",0.0195,0.849,0.937
"Rab33b",-0.0228,0.849,0.938
"Klk1b21",0.0137,0.849,0.938
"Chil4///Chil3",-0.0108,0.849,0.938
"Slc18a1",-0.0125,0.85,0.938
"Stau2",0.0168,0.85,0.938
"Tgm3",0.0157,0.85,0.938
"Dnajb3",-0.0137,0.85,0.938
"Pcdhb12",0.0165,0.851,0.938
"Rcan2",0.0333,0.851,0.938
"Ccl2",-0.0112,0.851,0.938
"Sox21",0.0158,0.851,0.938
"Chrna7",0.014,0.851,0.938
"Rasgrf2",-0.0202,0.852,0.939
"Atp5l",-0.0117,0.852,0.939
"Cecr6",-0.0147,0.852,0.939
"Cntnap4",0.0137,0.852,0.939
"Krt7",-0.0183,0.852,0.939
"Armcx5",0.011,0.852,0.939
"Dguok",0.0145,0.852,0.939
"Pop5",-0.0172,0.852,0.939
"Tnf",-0.0183,0.852,0.939
"Pcgf1",0.0157,0.853,0.94
"Zfp493",-0.016,0.853,0.94
"Tada2b",-0.0202,0.853,0.94
"Plekhs1",0.0167,0.853,0.94
"Neto1",0.01,0.854,0.94
"Eppin",0.0232,0.854,0.94
"Mapk11",-0.0162,0.854,0.94
"Spo11",-0.0113,0.854,0.94
"Fhl2",0.0145,0.854,0.94
"Tbc1d10a",-0.0145,0.855,0.94
"Prl3d2///Prl3d1",-0.0115,0.855,0.94
"Spn-ps",0.01,0.856,0.941
"Smagp",-0.0177,0.856,0.941
"Dkk1",0.0163,0.856,0.941
"Pgm1",0.0298,0.856,0.941
"P2ry1",-0.0193,0.856,0.941
"Cahm",-0.0103,0.857,0.941
"Csn1s1",-0.011,0.857,0.941
"Mad2l2",0.0202,0.857,0.941
"Pou2af1",-0.0232,0.857,0.942
"Glra1",0.0123,0.857,0.942
"Wnt1",0.0165,0.857,0.942
"AA517864",-0.0115,0.858,0.942
"Omt2a",0.0117,0.858,0.942
"Slc5a7",-0.013,0.858,0.942
"Crisp2",-0.0128,0.858,0.942
"Ms4a7",0.0215,0.858,0.942
"Il23a",-0.0172,0.858,0.942
"Rps2",0.00983,0.858,0.942
"Tbc1d10b",-0.0152,0.858,0.942
"Magi2",-0.0132,0.859,0.942
"BC089491",-0.0182,0.859,0.942
"Krt32",0.014,0.859,0.942
"Col17a1",-0.011,0.859,0.942
"Pbdc1",0.0142,0.86,0.943
"Hcn2",-0.017,0.86,0.943
"Olfr154",-0.0133,0.86,0.943
"Prl5a1",0.0115,0.86,0.943
"Ndst2",-0.0123,0.86,0.943
"Chd6",-0.0123,0.86,0.943
"Ahsa1",-0.017,0.86,0.943
"Prop1",-0.0137,0.86,0.943
"Spats2",0.0152,0.86,0.943
"Thbd",0.0195,0.86,0.943
"Serpinb11",0.0143,0.861,0.943
"Hebp1",-0.0263,0.861,0.943
"L1cam",-0.0188,0.861,0.943
"Gzmm",-0.0175,0.861,0.943
"Pus10",0.0135,0.861,0.943
"Mndal///Mnda///Ifi205///Ifi204",-0.0127,0.861,0.943
"Lrrc48",-0.0158,0.861,0.943
"Snai3",-0.0105,0.861,0.943
"Tk2",0.0197,0.861,0.943
"Max",0.021,0.862,0.943
"Ube2g1",0.0102,0.862,0.943
"Fa2h",-0.0207,0.862,0.943
"Sall3",0.0112,0.862,0.943
"Cdh10",-0.00983,0.862,0.943
"Dynlt1f",0.0125,0.862,0.943
"Ush2a",0.0153,0.863,0.943
"Rrh",0.0152,0.863,0.943
"Sag",0.0102,0.863,0.943
"Ece2",-0.0128,0.863,0.943
"Tssk2",-0.0188,0.863,0.943
"Dgkq",0.014,0.863,0.944
"Cxcr2",-0.0127,0.864,0.944
"Hpgd",0.0158,0.864,0.944
"Bfsp1",0.0132,0.864,0.944
"Keg1",0.042,0.864,0.944
"Lce1g",-0.0147,0.865,0.944
"Tnip2",-0.0117,0.865,0.944
"Dvl3",0.0145,0.865,0.944
"Slc8a3",0.0135,0.865,0.944
"Gss",0.0115,0.865,0.944
"Tmprss3",0.0172,0.865,0.944
"Aspa",-0.0138,0.866,0.945
"Sh3bgr",0.0168,0.866,0.945
"Tenm4",0.0152,0.866,0.945
"Crygf",-0.0135,0.866,0.945
"D830044I16Rik",0.0118,0.866,0.945
"Jup",-0.0177,0.866,0.945
"Gm13202///Zbed5///Chchd2",0.0102,0.867,0.945
"Hnrnpm",-0.0158,0.867,0.945
"Cacnb2",0.0135,0.867,0.945
"Retnlb",0.0107,0.867,0.945
"Insl6",0.025,0.867,0.945
"Gm15510",0.013,0.868,0.946
"Phox2b",0.0142,0.868,0.946
"Rae1",-0.0143,0.868,0.946
"Mgat5",-0.011,0.868,0.946
"Cma2///Mcpt9",0.0112,0.868,0.946
"Tmem56",-0.0222,0.868,0.946
"Dcn",-0.0152,0.868,0.946
"Tnrc18",-0.0135,0.869,0.946
"Klk11",-0.0118,0.869,0.946
"Vmn1r53",-0.0118,0.869,0.946
"Tmem82",-0.0118,0.869,0.946
"D1Ertd164e",-0.015,0.869,0.946
"Fndc10",0.011,0.869,0.946
"Shbg",-0.0162,0.869,0.946
"Nfyc",0.0113,0.87,0.947
"Sco2",0.0205,0.87,0.947
"Btbd10",-0.0145,0.87,0.947
"Sobp",0.016,0.87,0.947
"Tacr1",0.0102,0.87,0.947
"Kcna6",-0.0142,0.87,0.947
"Tm4sf20",0.0287,0.87,0.947
"Mst1",0.0147,0.871,0.947
"Pycr1",-0.0115,0.871,0.947
"Csnk1g2",0.00933,0.871,0.947
"Ahsp",-0.0128,0.872,0.947
"Eras",-0.0107,0.872,0.947
"Gucd1",-0.0118,0.872,0.948
"Akr1c12",0.0105,0.872,0.948
"Tex43",0.014,0.872,0.948
"Ccz1",0.013,0.872,0.948
"Fam129a",-0.0112,0.873,0.948
"Vax2",0.0148,0.873,0.948
"Lig1",-0.0173,0.873,0.948
"Nup93",0.0183,0.873,0.948
"Baz2b",-0.0217,0.873,0.948
"Rnf214",0.0193,0.874,0.948
"Col4a3",0.0122,0.874,0.948
"Zfp40",-0.0105,0.874,0.948
"Obsl1",-0.0138,0.874,0.948
"Rsl24d1",-0.0102,0.874,0.948
"Mocos",-0.0138,0.875,0.949
"Pde6d",0.0138,0.875,0.949
"Pdcd4",-0.0192,0.875,0.949
"Fstl3",-0.0137,0.875,0.949
"Col4a4",0.01,0.876,0.949
"Rhox4a2///Rhox4d///Rhox4a///Rhox4g///Rhox4f///Rhox4c///Rhox4e///Rhox4b",0.0103,0.876,0.949
"Defb3",-0.00917,0.876,0.949
"Zfp398",-0.0105,0.876,0.949
"Prss16",-0.0112,0.876,0.949
"C1qtnf4",-0.0187,0.877,0.949
"Gm6682///Tuba1a",0.0138,0.877,0.949
"Grem2",-0.0143,0.877,0.949
"Fau",-0.0105,0.877,0.949
"Nek3",0.0168,0.877,0.949
"Nup98",0.0118,0.877,0.949
"Batf2",0.014,0.877,0.949
"Rad9b",0.0115,0.877,0.95
"2010109I03Rik",0.0192,0.878,0.95
"D930048N14Rik",-0.014,0.878,0.95
"Fpr2",-0.0148,0.878,0.95
"Cacnb3",-0.0145,0.879,0.95
"Sptlc2",0.0132,0.879,0.95
"Sept10",0.0143,0.879,0.95
"Trat1",-0.0095,0.879,0.95
"Selp",-0.018,0.879,0.951
"Eapp",0.0102,0.88,0.951
"Defb7",-0.0118,0.88,0.951
"Gfi1",-0.0105,0.88,0.951
"P2ry6",-0.0128,0.88,0.951
"Smcp",-0.0133,0.881,0.951
"Acox3",0.013,0.881,0.951
"Kdm1a",0.015,0.881,0.951
"Hps3",-0.0138,0.881,0.951
"Igkv9-120",-0.0132,0.881,0.952
"Fam111a",-0.0153,0.882,0.952
"Zfp821///Ccdc7b",0.00883,0.882,0.952
"Sc5d",0.0222,0.882,0.952
"Gm2904///Esd",0.00867,0.882,0.952
"Ccdc137",0.01,0.882,0.952
"Mrpl40",0.0103,0.882,0.952
"Hax1",0.013,0.882,0.952
"Ctnnbl1",-0.0105,0.882,0.952
"Gm12942///Zmym6",0.0138,0.883,0.952
"Kl",0.0133,0.883,0.952
"Ucp3",-0.0143,0.883,0.952
"Enthd2",-0.0145,0.883,0.952
"Dhx40",0.0148,0.883,0.952
"Spa17",0.0102,0.883,0.953
"Kif20a",-0.0108,0.884,0.953
"Snai1",0.0152,0.884,0.953
"Pde2a",0.00983,0.884,0.953
"Mlh3",-0.012,0.884,0.953
"Serpinf1",0.0117,0.884,0.953
"Ros1",-0.0103,0.884,0.953
"Tex14",-0.00983,0.884,0.953
"Nlrp6",-0.0103,0.884,0.953
"Paip2",-0.00967,0.884,0.953
"Eif2s3y",0.0107,0.884,0.953
"Edn1",-0.0137,0.885,0.953
"Tmed9",0.0085,0.885,0.953
"Acrv1",-0.0105,0.885,0.953
"2900011O08Rik",-0.0168,0.885,0.953
"Nectin1",0.0153,0.885,0.953
"Mucl1",-0.00967,0.885,0.953
"Tcstv1",-0.0107,0.885,0.953
"Cenpk",-0.01,0.885,0.953
"Fgd3",0.0108,0.886,0.953
"Amdhd1",-0.0202,0.886,0.953
"Ddx20",0.011,0.886,0.953
"Gm15023///Gm7903///AV320801///Gm5128///Pramel3",-0.00917,0.886,0.953
"Meis1",-0.0133,0.886,0.954
"Nefh",0.0105,0.886,0.954
"Med27",0.013,0.886,0.954
"Hmox1",-0.0298,0.887,0.954
"Frg1",-0.0197,0.887,0.954
"Ecd",-0.00867,0.887,0.954
"Lpxn",-0.0115,0.887,0.954
"Glrp1",-0.0143,0.888,0.954
"Zmat5",0.012,0.888,0.954
"Gpr63",0.0135,0.888,0.955
"Stard6",0.0108,0.888,0.955
"Tuba3b",0.009,0.889,0.955
"Efemp1",-0.0107,0.889,0.955
"Tmbim1",-0.00783,0.889,0.955
"2810408B13Rik",0.0102,0.889,0.955
"Cdh15",0.0112,0.889,0.955
"Rhoq",-0.0133,0.889,0.955
"Mrpl48",-0.01,0.889,0.955
"Acot2///Acot1",-0.0188,0.889,0.955
"Etaa1",-0.00917,0.89,0.955
"Sorbs3",0.0115,0.89,0.955
"Jun",0.0422,0.891,0.956
"F2rl2",-0.0103,0.891,0.956
"H2-M3",-0.0112,0.891,0.956
"Mrs2",-0.017,0.891,0.956
"Adra2a",0.01,0.891,0.956
"Tbc1d17",-0.00983,0.892,0.956
"Tmem246",-0.0167,0.892,0.956
"Tubd1",0.0145,0.892,0.956
"Gm10817",0.011,0.892,0.956
"Cysltr2",-0.0102,0.892,0.956
"E2f6",-0.00917,0.892,0.957
"Tas2r119",0.0085,0.893,0.957
"1700029F12Rik",-0.011,0.893,0.957
"Myl1",-0.0138,0.894,0.958
"Pcdhb3",0.00817,0.894,0.958
"Itga2",-0.00883,0.894,0.958
"Gprasp1",0.00783,0.894,0.958
"Ly6h",-0.0107,0.894,0.958
"Map3k4",0.0115,0.895,0.958
"Nr1i3",0.0113,0.895,0.958
"Cyth2",0.0127,0.895,0.958
"Itgax",0.0165,0.895,0.958
"Ehd4",0.0122,0.895,0.958
"Cdc25b",0.0167,0.895,0.958
"Arr3",0.0095,0.895,0.958
"1500015O10Rik",0.0103,0.895,0.958
"Clca3a2",-0.0105,0.895,0.958
"Art2b",-0.00883,0.895,0.958
"Pde12",-0.00933,0.895,0.958
"Ncoa5",-0.0115,0.896,0.958
"Mat2b",-0.0143,0.896,0.958
"Ifna11",0.0102,0.896,0.958
"Katnbl1",0.00833,0.896,0.958
"Mcm9",0.008,0.896,0.958
"Tmeff1",-0.00817,0.896,0.958
"Rp9",-0.009,0.896,0.958
"Sec13",0.0117,0.896,0.958
"A130006I12Rik",0.0102,0.896,0.958
"Ring1",-0.0113,0.896,0.958
"Cxcl10",0.00983,0.897,0.959
"1700001O22Rik",0.014,0.897,0.959
"Ptgir",-0.00967,0.897,0.959
"Znrf4",0.00867,0.897,0.959
"Nfkbil1",-0.0115,0.897,0.959
"Iigp1b",0.00767,0.898,0.959
"Sit1",-0.00883,0.898,0.959
"Cd79a",0.0107,0.898,0.959
"Ncln",0.0108,0.898,0.959
"Cxcr4",0.0095,0.898,0.959
"Sh2d1b2///Sh2d1b1",-0.0075,0.898,0.959
"Olfr672",-0.00833,0.899,0.959
"Crtap",-0.0155,0.899,0.96
"Usp42",-0.00783,0.899,0.96
"Sele",0.00883,0.9,0.96
"Zbtb7c",0.00933,0.9,0.96
"Strada",0.00883,0.9,0.96
"Il1r2",0.00817,0.9,0.96
"Acy1",0.01,0.9,0.96
"Tex15",-0.0103,0.9,0.96
"Ptgis",0.0102,0.901,0.96
"Mcoln3",0.0107,0.901,0.96
"Ndnl2",-0.0117,0.901,0.96
"Zfp39",-0.00883,0.902,0.961
"Gm6158///Cnot1",0.00733,0.902,0.961
"Ret",0.0118,0.902,0.961
"Nkx2-5",-0.009,0.902,0.961
"Mcf2",-0.00933,0.902,0.961
"Hist3h2a",0.014,0.902,0.961
"Olfr749",0.00833,0.903,0.961
"2810043O03Rik",-0.0103,0.903,0.961
"Vps26a",-0.00933,0.903,0.961
"Cenpc1",-0.008,0.903,0.961
"Calcoco2",0.008,0.903,0.961
"Rdh5///Bloc1s1",0.0103,0.903,0.961
"Vps16",0.00817,0.904,0.962
"Ptprj",0.0115,0.904,0.962
"LOC493582",-0.01,0.904,0.962
"1700016D06Rik",0.008,0.904,0.962
"Creg1",-0.00883,0.904,0.962
"G6pc2",0.0095,0.904,0.962
"Abhd1",-0.044,0.905,0.962
"Prelp",-0.00867,0.905,0.962
"Chst5",0.0102,0.905,0.962
"Ntn3",0.0095,0.905,0.962
"Sez6l",0.011,0.905,0.962
"Rpp25",0.01,0.905,0.962
"Pld3",-0.0085,0.905,0.962
"Ido1",0.0105,0.905,0.962
"Prima1",-0.009,0.905,0.962
"Slc5a4a",0.0142,0.906,0.962
"Tyk2",0.00867,0.906,0.962
"Rela",0.007,0.906,0.962
"Cacng7",0.0115,0.906,0.962
"Tnfrsf13b",-0.0107,0.907,0.962
"Crisp1",-0.00883,0.907,0.963
"Clrn3",-0.0125,0.907,0.963
"Gckr",-0.0145,0.908,0.963
"Ly6g6d",0.00917,0.908,0.963
"Kcnk2",0.0075,0.908,0.963
"Pus3",0.00867,0.908,0.963
"Tfeb",0.008,0.908,0.963
"Gzma",-0.015,0.908,0.963
"Samt3",0.00717,0.908,0.963
"Stk25",0.0147,0.908,0.963
"Krt86",-0.0085,0.908,0.963
"Bspry",0.0288,0.909,0.963
"Lamtor3",-0.009,0.909,0.963
"Htt",-0.00733,0.909,0.963
"Gm5424///Ass1",0.008,0.909,0.963
"Olfml3",-0.0103,0.909,0.963
"Fam98a",0.0105,0.909,0.963
"Gabrg2",0.00817,0.91,0.963
"Rxfp2",0.00817,0.91,0.964
"D15Ertd30e",0.0085,0.91,0.964
"Nme7",-0.00917,0.91,0.964
"Sycp1",-0.00683,0.911,0.964
"Gm11517",0.00683,0.911,0.964
"3110009E18Rik",-0.00817,0.911,0.964
"Tmem242",-0.013,0.912,0.965
"Gfra3",0.009,0.912,0.965
"Saysd1",0.00833,0.912,0.965
"Pof1b",-0.008,0.912,0.965
"Cd33",-0.0107,0.913,0.965
"D4Ertd58e",-0.0095,0.913,0.965
"Tmem208",-0.00717,0.913,0.965
"Gm6253///Gemin6",0.0085,0.913,0.966
"Chil4",-0.00867,0.913,0.966
"Gja10",0.008,0.913,0.966
"Bhlhe22",0.00733,0.914,0.966
"Scara3",0.006,0.914,0.966
"Tnfaip3",0.00917,0.914,0.966
"Leng8",-0.0125,0.914,0.966
"Slc29a1",-0.0142,0.914,0.966
"Btg4",-0.00833,0.914,0.966
"Ugt2b1",-0.0113,0.914,0.966
"Sapcd1",-0.00617,0.915,0.966
"AW209491",0.008,0.915,0.967
"Map3k6",0.01,0.916,0.967
"Cul9",0.00883,0.916,0.967
"Zfp92",0.00867,0.916,0.967
"Gm568",-0.01,0.916,0.967
"Sh3gl1",0.00767,0.916,0.967
"Srsf5",-0.0133,0.917,0.968
"Nelfb",0.008,0.917,0.968
"Itgb2",-0.00867,0.918,0.968
"Nudt5",-0.00717,0.918,0.968
"Igsf8",-0.00917,0.918,0.968
"Olfr68",-0.00967,0.919,0.968
"Dmp1",-0.0065,0.919,0.968
"Zfpl1",-0.011,0.919,0.968
"Ccna2",-0.00883,0.919,0.968
"Ccdc88a",0.00767,0.919,0.968
"Mfsd8",0.00717,0.919,0.968
"Prss28",0.0112,0.919,0.968
"Bpifb2",0.00867,0.92,0.968
"C78282",0.009,0.92,0.968
"Zfp51",0.006,0.92,0.969
"Ikbip",-0.00783,0.92,0.969
"Tspan10",0.00967,0.921,0.969
"Ceacam12",-0.00717,0.921,0.969
"Mnd1",0.00933,0.921,0.969
"Serpinb2",0.006,0.921,0.969
"Adam1a",0.00833,0.921,0.969
"Mroh1",0.00617,0.922,0.969
"Supt5",-0.00633,0.922,0.969
"Ppm1m",0.00967,0.922,0.969
"Scnn1a",-0.00717,0.922,0.969
"Tmco4",0.00833,0.922,0.969
"Has1",-0.007,0.922,0.969
"Stxbp6",0.0095,0.922,0.969
"C2",-0.00633,0.922,0.969
"2010204K13Rik",-0.011,0.922,0.969
"Dmap1",-0.00783,0.922,0.969
"Acsl6",0.00783,0.923,0.969
"Ms4a10",-0.0118,0.923,0.97
"Ccdc34",0.0095,0.923,0.97
"Utp20",-0.00733,0.923,0.97
"Il1f8",0.00683,0.924,0.97
"Ctsq",-0.0085,0.924,0.97
"2410004B18Rik",0.00717,0.924,0.97
"Sec14l4",-0.0138,0.925,0.97
"Msrb1",0.00617,0.925,0.971
"Abcb6",-0.00817,0.925,0.971
"Prpmp5",0.007,0.926,0.971
"Eif1b",-0.00583,0.926,0.971
"Brinp1",0.006,0.926,0.971
"Cenpm",-0.00783,0.926,0.971
"Hesx1",-0.0085,0.926,0.971
"Rab29",-0.00617,0.926,0.971
"Tmco6",0.008,0.926,0.971
"Mtrr",0.00783,0.927,0.971
"Cd40lg",0.00817,0.927,0.971
"Plekhb2",0.00933,0.927,0.971
"Tm4sf5",0.014,0.927,0.971
"Lin9",0.00617,0.927,0.971
"Mpp2",0.00683,0.927,0.971
"LOC677008///Cd244",-0.00883,0.927,0.972
"Rita1",-0.008,0.928,0.972
"Nop2",-0.00567,0.928,0.972
"Crtam",0.00767,0.928,0.972
"Pdcd2",-0.00617,0.928,0.972
"Tpk1",0.00667,0.929,0.972
"Ano1",-0.00567,0.929,0.973
"Olfr17",-0.00967,0.929,0.973
"Gsc",-0.00683,0.93,0.973
"Pcdhga12///Pcdhga11///Pcdhga10///Pcdhga9///Pcdhga8///Pcdhga7///Pcdhga6///Pcdhga5///Pcdhga4///Pcdhga3///Pcdhga2///Pcdhga1///Pcdhgc5///Pcdhgc4///Pcdhgc3///Pcdhgb8///Pcdhgb7///Pcdhgb6///Pcdhgb5///Pcdhgb4///Pcdhgb2///Pcdhgb1",-0.00667,0.93,0.973
"Rpap3",-0.013,0.93,0.973
"Fam161a",-0.00617,0.93,0.973
"Esr1",-0.0065,0.93,0.973
"Blvra",0.006,0.93,0.973
"Cyp27a1",0.007,0.93,0.973
"Gpr83",-0.00733,0.931,0.973
"Cwc27",-0.00617,0.931,0.973
"Col10a1",-0.00667,0.931,0.973
"Nupl2",-0.0085,0.932,0.974
"Plekha1",0.00933,0.932,0.974
"Spata4",0.00567,0.932,0.974
"Zfp369",0.00667,0.932,0.974
"Hpvc-ps",-0.00583,0.933,0.974
"1700123K08Rik",-0.00517,0.933,0.974
"Zcchc17",-0.00533,0.933,0.974
"Mtbp",0.00633,0.933,0.974
"Gnb2",0.00583,0.933,0.974
"Folr1",-0.00667,0.933,0.974
"Otos",0.006,0.934,0.975
"Lyar",-0.00867,0.935,0.975
"Defb35",0.00633,0.935,0.975
"Gdf3",-0.00733,0.935,0.975
"Xpo4///Lats2",-0.006,0.935,0.975
"Six1",-0.00633,0.935,0.975
"4930524B15Rik",-0.005,0.935,0.975
"Cirh1a",0.00533,0.935,0.975
"Rnf5",-0.00567,0.936,0.975
"Plag1",0.0075,0.936,0.975
"Tead2",0.007,0.936,0.976
"Mc2r",-0.0065,0.936,0.976
"St6galnac1",0.00683,0.936,0.976
"Gcm1",0.00533,0.936,0.976
"Muc4",-0.00717,0.936,0.976
"Dlx1as",-0.00567,0.936,0.976
"Apba3",0.00617,0.937,0.976
"Cmtm2a",-0.006,0.937,0.976
"Zfp709",-0.00517,0.937,0.976
"Tubg1",0.00717,0.938,0.976
"Myl9",0.00783,0.938,0.976
"Gm21992///Rbm14///Rbm4",0.00767,0.938,0.976
"C4bp-ps1",-0.00683,0.938,0.977
"Ropn1",0.006,0.938,0.977
"Cracr2b",0.0065,0.938,0.977
"Itgb2l",-0.00467,0.939,0.977
"Rnase2b",-0.005,0.939,0.977
"Hrk",-0.00533,0.939,0.977
"Adig",0.00883,0.94,0.977
"Hmgb4",-0.00567,0.94,0.978
"Ftsj1",-0.00567,0.94,0.978
"Spam1",-0.004,0.941,0.978
"Taf6",0.00517,0.941,0.978
"Ormdl1",-0.0065,0.941,0.978
"Mtif2",0.009,0.941,0.978
"Slc27a1",-0.00717,0.941,0.978
"Cd37",-0.0055,0.941,0.978
"Gm12300",0.00533,0.941,0.978
"Adgrg3",-0.00567,0.942,0.978
"Aqp2",0.00517,0.942,0.978
"Gip",-0.00667,0.942,0.979
"Oas2",0.00633,0.942,0.979
"Ush1c",0.013,0.942,0.979
"Wbscr16",0.0095,0.942,0.979
"Anln",0.00467,0.943,0.979
"Srrd",0.0045,0.943,0.979
"Rragd",-0.00467,0.943,0.979
"Cyp46a1",0.0065,0.943,0.979
"Rfc2",0.00583,0.943,0.979
"Nudt3",-0.00467,0.943,0.979
"Ssbp4",-0.00467,0.943,0.979
"Gm3402///Gm6370///Gm6309///4930449I24Rik",0.00483,0.943,0.979
"Krt72",-0.00483,0.943,0.979
"Ada",0.01,0.944,0.979
"Ift122",-0.007,0.944,0.979
"Slc25a37",-0.00717,0.944,0.979
"Efna2",-0.00417,0.944,0.979
"Ankrd2",-0.0055,0.944,0.979
"Sptb",-0.00733,0.945,0.979
"Rpl6",-0.00433,0.945,0.979
"Ccdc115",0.0045,0.945,0.98
"Npffr2",0.008,0.945,0.98
"Man1b1",0.00483,0.945,0.98
"2810002D19Rik",-0.006,0.945,0.98
"Fbn2",0.00583,0.946,0.98
"Gabarapl2",-0.00417,0.946,0.98
"Chac1",0.00667,0.946,0.98
"Atp6ap1",-0.00567,0.946,0.98
"Pcdhb18",-0.00483,0.946,0.98
"Sergef",0.00633,0.946,0.98
"Tmem8",0.008,0.946,0.98
"Gsk3a",0.006,0.946,0.98
"Lsm4",0.00517,0.946,0.98
"Slc6a2",-0.00633,0.946,0.98
"Itgbl1",0.00567,0.947,0.98
"Csmd1",0.0055,0.947,0.98
"Gipc1",0.007,0.947,0.98
"Slfn4///Slfn3",0.00433,0.947,0.98
"Commd7",0.00933,0.948,0.98
"Sstr4",-0.00633,0.948,0.98
"Esam",0.00417,0.948,0.98
"Pik3r4",0.00517,0.948,0.98
"Slmo2",-0.0045,0.948,0.981
"Ccser2",-0.005,0.948,0.981
"Dcxr",-0.00517,0.948,0.981
"Rpl36al///Rpl36a",0.00417,0.949,0.981
"Fzd6",-0.00517,0.949,0.981
"Csk",-0.00433,0.949,0.981
"Rtca",0.0045,0.949,0.981
"Pld2",-0.00417,0.95,0.981
"Samd8",-0.00633,0.95,0.981
"Ptcd2",-0.0055,0.95,0.981
"Trh",0.0045,0.95,0.981
"Atp6v1c2",0.0055,0.95,0.982
"Vmn1r148",-0.005,0.951,0.982
"Ltbp4",0.0045,0.951,0.982
"Epm2a",0.00383,0.951,0.982
"Csf3r",-0.00533,0.951,0.982
"Ctbp1",0.0035,0.952,0.982
"Glmn",0.00517,0.952,0.982
"Nynrin",0.00433,0.953,0.983
"Sbpl///Sbp",0.00583,0.953,0.983
"Msto1",-0.00467,0.954,0.983
"Krt88",0.00883,0.954,0.983
"Sntg2",0.0075,0.954,0.983
"Wdr45b",-0.00383,0.954,0.983
"Zfp87",0.00417,0.954,0.984
"Smpx",-0.006,0.955,0.984
"Mettl8",0.00433,0.955,0.984
"Ccdc142///Mrpl53",0.0035,0.955,0.984
"Adcy2",0.0035,0.955,0.984
"Trim3",0.00583,0.955,0.984
"Epyc",0.00333,0.955,0.984
"1110059G10Rik",-0.00417,0.956,0.984
"Maml2",-0.00367,0.956,0.984
"Bod1l",0.00583,0.956,0.984
"Osgep",0.00567,0.956,0.984
"Myh14",-0.00633,0.956,0.984
"Angptl8",0.00683,0.956,0.984
"Chml",-0.00367,0.956,0.984
"Cldn23",0.00517,0.956,0.984
"Bmp8a",0.00467,0.956,0.984
"Map4k3",-0.00517,0.956,0.984
"Zfp518b",-0.00333,0.957,0.984
"Pet2",-0.00367,0.957,0.984
"Foxi1",-0.00417,0.958,0.985
"Psg-ps1",-0.00367,0.958,0.985
"Colq",-0.00367,0.958,0.985
"Stk32b",0.00383,0.958,0.985
"Cep131",-0.00517,0.958,0.985
"6330509M05Rik",0.00367,0.958,0.985
"Caps2",0.00283,0.958,0.985
"2600001M11Rik///Nudt5",0.00317,0.958,0.985
"N4bp1",0.00367,0.959,0.985
"Cyp1a1",0.00367,0.959,0.985
"Ppp1ca",0.00483,0.959,0.985
"Ncstn",-0.0055,0.959,0.985
"Gm10997",0.0035,0.959,0.985
"Psca",-0.0035,0.959,0.985
"Pik3c2g",-0.00533,0.959,0.985
"Ugt2a2///Ugt2a1",-0.00483,0.959,0.985
"Psmd2",-0.00283,0.96,0.985
"Cryzl1",-0.00317,0.96,0.985
"Cdkn2d",0.0035,0.96,0.985
"Avl9",0.006,0.961,0.986
"A930012O16Rik",-0.00383,0.961,0.986
"Lsm12",-0.00433,0.962,0.986
"Ager",0.00283,0.962,0.986
"Sox15",0.00317,0.962,0.986
"Ruvbl2",-0.0035,0.962,0.986
"Acot8",-0.00317,0.962,0.986
"Tcp1",-0.005,0.963,0.986
"Tctn2",0.00367,0.963,0.986
"Atxn7",-0.0045,0.963,0.986
"Ccl12",-0.00283,0.963,0.986
"C1qtnf3",-0.003,0.963,0.986
"Dnttip1",0.0035,0.963,0.986
"Tspan4",-0.0075,0.963,0.986
"D3Ertd229e",-0.00433,0.963,0.986
"Mypop",0.00417,0.963,0.986
"Rnf113a1",-0.00317,0.963,0.986
"Fjx1",-0.003,0.964,0.987
"Ndst3",-0.0035,0.964,0.987
"Ctrc",0.00333,0.964,0.987
"Ghrh",0.0035,0.964,0.987
"Casq2",-0.00333,0.965,0.987
"Mcat",0.00483,0.965,0.987
"Rnf151",-0.00317,0.965,0.987
"Dpp6",-0.00433,0.965,0.987
"Spin4",0.00267,0.966,0.987
"Nrp2",0.003,0.966,0.987
"Dalrd3",-0.00333,0.966,0.987
"Foxp3",-0.0045,0.966,0.987
"Chac2",0.00717,0.966,0.987
"Foxj1",0.00233,0.966,0.987
"Klk1b16",-0.00267,0.966,0.987
"Itgb7",0.00383,0.966,0.987
"Shroom1",-0.00317,0.967,0.988
"Col12a1",0.0025,0.967,0.988
"Dido1",-0.00333,0.967,0.988
"Cpne1",0.0045,0.967,0.988
"Ltk",-0.00317,0.967,0.988
"Ltc4s",0.0025,0.967,0.988
"Cables1",0.00467,0.967,0.988
"Igk-V21",-0.0035,0.967,0.988
"Cr1l",-0.003,0.967,0.988
"Gm29753///Eef1g",-0.00267,0.968,0.988
"Kcnd1",-0.00333,0.968,0.988
"Fam50b",-0.0035,0.968,0.988
"C1qtnf6",-0.00333,0.968,0.988
"Cwc22",-0.00217,0.968,0.988
"Pidd1",0.00333,0.968,0.988
"Murc",0.003,0.968,0.988
"Ifnab",-0.003,0.968,0.988
"Prr5",-0.004,0.968,0.988
"Tjp3",0.0055,0.968,0.988
"Tubb2b",0.00267,0.968,0.988
"Pot1a",0.00367,0.969,0.988
"Wfdc21",-0.00283,0.969,0.988
"AA407107",-0.00317,0.969,0.988
"Prox1",-0.00583,0.969,0.988
"Apoc2",-0.00267,0.969,0.988
"Cpxm2",0.00267,0.969,0.988
"Tnfsf4",-0.0025,0.969,0.988
"Myl7",0.00367,0.969,0.988
"Chrnd",0.004,0.969,0.988
"Foxred1",-0.00283,0.969,0.988
"Dedd2",-0.004,0.97,0.988
"Mphosph6",-0.0025,0.97,0.988
"Dpm1///Adnp",0.00417,0.97,0.988
"Jmjd8",-0.003,0.971,0.989
"Abhd14b",0.00217,0.971,0.989
"LOC101056141///Cox6a1",0.002,0.971,0.989
"Nol12",0.00267,0.971,0.989
"Ints1",0.00333,0.971,0.989
"Clcn6",0.00317,0.971,0.989
"Tex16",0.00233,0.971,0.989
"Slc35b1",-0.00233,0.971,0.989
"Zcchc18",-0.00317,0.972,0.989
"Rnf225",0.0025,0.972,0.989
"Sirt4",-0.00283,0.972,0.989
"Reg2",0.00467,0.972,0.989
"Sh3bgrl3",0.00333,0.972,0.989
"Olfr480",0.00417,0.972,0.989
"Hoxd12",0.00317,0.972,0.989
"C78878",-0.00217,0.972,0.989
"Clec4b1///Clec4a2",0.00283,0.972,0.989
"Mcpt1",0.00217,0.973,0.99
"D12Ertd123e",0.00367,0.973,0.99
"Clec2i",-0.00267,0.973,0.99
"Musk",0.00217,0.973,0.99
"Ralgapa1",0.004,0.974,0.99
"Nek8",0.00183,0.974,0.99
"Sox14",0.0025,0.974,0.99
"Bbc3",-0.003,0.975,0.99
"Coro1b",-0.00233,0.975,0.99
"Fut9",0.00167,0.975,0.99
"Nlrp3",-0.00183,0.975,0.991
"Mep1b",-0.00967,0.975,0.991
"Txndc8",-0.00267,0.975,0.991
"Maz",-0.002,0.975,0.991
"Ugt3a2",-0.00267,0.975,0.991
"Fntb",-0.00317,0.976,0.991
"Gpx6",0.0025,0.976,0.991
"Gm21762///D13Ertd608e",0.00283,0.976,0.991
"Stoml2",0.00233,0.976,0.991
"Itgb1bp1",-0.0025,0.976,0.991
"Hoxb2",0.00317,0.976,0.991
"Tulp1",0.002,0.976,0.991
"Pcdhb1",-0.0025,0.976,0.991
"Gm21320///Mup19///Mup18///Mup16///Mup14///Mup11///Mup10///Mup9///Mup3///Mup2///Mup1",0.00217,0.977,0.991
"Arap1",-0.00283,0.977,0.991
"Ovca2",-0.002,0.978,0.992
"Pld4",0.003,0.978,0.992
"Rph3a",0.003,0.978,0.992
"Gdnf",-0.00267,0.978,0.992
"Slc8a2",-0.00217,0.978,0.992
"Larp1b",0.00167,0.979,0.992
"Avpi1",-0.00283,0.979,0.992
"Alox15",0.00233,0.979,0.992
"Gm2274///Gm2260///Anxa11",-0.00217,0.979,0.993
"Vax1",0.002,0.98,0.993
"Hrh4",0.00267,0.98,0.993
"Cct6b",-0.00267,0.981,0.993
"Dusp13",-0.00217,0.981,0.993
"Vmn1r42",-0.002,0.981,0.994
"Alox5ap",-0.00233,0.982,0.994
"Mki67",0.00233,0.982,0.994
"Creld1",0.00183,0.982,0.994
"Cpn2",0.00183,0.982,0.994
"Ms4a4d",0.0015,0.983,0.994
"Evi2a",-0.002,0.983,0.994
"Prl4a1",-0.002,0.983,0.994
"Tmem39a",0.0015,0.983,0.994
"Map1s",-0.00167,0.984,0.994
"Insl5",-0.00183,0.984,0.994
"Olfr544",0.00133,0.984,0.995
"Adgra2",-0.0015,0.984,0.995
"Zic2",-0.00117,0.984,0.995
"Cldn16",0.00183,0.985,0.995
"Phc1",0.00167,0.985,0.995
"Pmvk",-0.00317,0.985,0.995
"C76332",0.00117,0.985,0.995
"Creb3l1",0.00233,0.985,0.995
"Gm5451///Rpl9",-0.00133,0.985,0.995
"Hormad1",0.001,0.985,0.995
"Phax",0.00167,0.985,0.995
"Nrip2",0.00117,0.985,0.995
"3110070M22Rik",-0.00133,0.986,0.995
"Def8",0.00117,0.986,0.995
"Neil3",0.00117,0.986,0.995
"4933413G19Rik///Pebp1///Foxm1",0.00167,0.986,0.995
"H2afb1",0.00133,0.986,0.995
"Cbr2",-0.00133,0.986,0.995
"Ccl22",-0.00133,0.986,0.995
"Abcc8",-0.00117,0.986,0.995
"Igkv1-117",0.00133,0.986,0.995
"Rere",-0.00117,0.986,0.995
"Cox4i1",-0.001,0.986,0.995
"Pold2",-0.002,0.987,0.995
"Sftpb",0.001,0.987,0.995
"Usp27x",0.00133,0.987,0.995
"Zfp869",0.001,0.987,0.995
"Coq8b",-0.00133,0.987,0.995
"Eif3k",-0.00117,0.988,0.995
"Atf7ip",0.00167,0.988,0.995
"Klk6",-0.00117,0.988,0.995
"Snx1",-0.001,0.988,0.995
"Ptprcap",0.00133,0.988,0.995
"Tsga8",0.001,0.989,0.996
"Bmp8b",-0.001,0.989,0.996
"Trpc4ap",0.000833,0.989,0.996
"Trim30d///Trim30a",0.00133,0.989,0.996
"Klrd1",-0.001,0.989,0.996
"Mettl7a3///Methig1///Mettl7a2///Higd1c///Mettl7a1",-0.00117,0.99,0.996
"Zdhhc8",-0.001,0.991,0.996
"Cbr1",-0.00133,0.991,0.996
"Apoc3",0.000667,0.991,0.996
"Scube1",-0.000833,0.991,0.996
"Rpp25l",0.000833,0.991,0.996
"Cd300a",0.001,0.991,0.996
"Gdpd5",-0.000833,0.991,0.996
"1810058I24Rik",-0.00117,0.991,0.996
"Ear1",-0.000667,0.991,0.996
"Gdi1",0.000667,0.992,0.997
"Espn",-0.000833,0.992,0.997
"Klra20",0.000667,0.992,0.997
"Ctnna2",-0.000833,0.992,0.997
"Rex2",-0.000667,0.992,0.997
"Chst10",-0.000833,0.992,0.997
"Fgf6",0.000667,0.992,0.997
"Pbld1",-0.000833,0.993,0.997
"Sowaha",0.000667,0.993,0.997
"Sepp1",5e-04,0.993,0.997
"Hs3st1",-0.001,0.993,0.997
"Prl8a9",-0.000833,0.993,0.997
"Gm21975///Evi2b",-0.000667,0.993,0.997
"Bmp4",0.000833,0.993,0.997
"Vars",-5e-04,0.994,0.997
"Nsfl1c",-5e-04,0.994,0.997
"Gm2011///Abhd18",-5e-04,0.994,0.997
"Ppp1r17",5e-04,0.994,0.997
"Plpp7",-5e-04,0.994,0.997
"Gpsm3",0.000667,0.994,0.997
"Gm4788",0.000667,0.994,0.997
"Rictor",-5e-04,0.995,0.998
"Tax1bp3",-0.000667,0.996,0.998
"Gzmc",0.000333,0.996,0.998
"Numbl",0.000333,0.996,0.998
"3830403N18Rik///Xlr",-0.000333,0.996,0.998
"Hoxb7",0.000333,0.996,0.998
"LOC102642204///Igh-VJ558",-0.000333,0.996,0.998
"Gimap3",-5e-04,0.996,0.998
"Slc5a4b",-5e-04,0.996,0.998
"Cox4i2",-0.000333,0.996,0.998
"Tmem173",0.000333,0.996,0.998
"Gria3",-0.000333,0.997,0.999
"Cpsf1",-0.000167,0.998,0.999
"Tgfb1i1",0.000167,0.998,0.999
"Rom1",-0.000167,0.998,0.999
"Krtap5-4",-0.000167,0.999,0.999
"Slc37a2",-0.000167,0.999,0.999
"Lipf",-8.88e-16,1,1
"Ppef2",8.88e-16,1,1
"P2rx7",-1.78e-15,1,1
"BC028528",-8.88e-16,1,1
